-- phpMyAdmin SQL Dump
-- version 5.1.3
-- https://www.phpmyadmin.net/
--
-- Servidor: 127.0.0.1
-- Tiempo de generación: 10-08-2022 a las 02:35:13
-- Versión del servidor: 10.4.24-MariaDB
-- Versión de PHP: 7.4.29

SET SQL_MODE = "NO_AUTO_VALUE_ON_ZERO";
START TRANSACTION;
SET time_zone = "+00:00";


/*!40101 SET @OLD_CHARACTER_SET_CLIENT=@@CHARACTER_SET_CLIENT */;
/*!40101 SET @OLD_CHARACTER_SET_RESULTS=@@CHARACTER_SET_RESULTS */;
/*!40101 SET @OLD_COLLATION_CONNECTION=@@COLLATION_CONNECTION */;
/*!40101 SET NAMES utf8mb4 */;

--
-- Base de datos: `bdcontrol`
--

-- --------------------------------------------------------

--
-- Estructura de tabla para la tabla `asistencia`
--

CREATE TABLE `asistencia` (
  `idAsistencia` int(11) NOT NULL,
  `idPersonalAsistencia` int(11) DEFAULT NULL,
  `idHorarioAsistencia` int(11) DEFAULT NULL,
  `horaEntrada` datetime DEFAULT NULL,
  `horaSalida` datetime DEFAULT NULL,
  `estadoAsistencia` tinyint(4) NOT NULL
) ENGINE=InnoDB DEFAULT CHARSET=utf8;

-- --------------------------------------------------------

--
-- Estructura de tabla para la tabla `asistencia_docente`
--

CREATE TABLE `asistencia_docente` (
  `idAsistenciaDocente` int(11) NOT NULL,
  `idPersonaAsistencia` int(11) DEFAULT NULL,
  `idAsistenciaHor` int(11) DEFAULT NULL,
  `idUsuarioAsistencia` int(11) DEFAULT NULL,
  `fechaAsis` date DEFAULT NULL,
  `horaEntrada` time DEFAULT NULL,
  `horaSalida` time DEFAULT NULL,
  `tipo` tinyint(4) DEFAULT NULL,
  `observacion` text DEFAULT NULL,
  `estado` tinyint(1) DEFAULT NULL,
  `fechaAsistencia` timestamp NULL DEFAULT current_timestamp()
) ENGINE=InnoDB DEFAULT CHARSET=utf8;

--
-- Volcado de datos para la tabla `asistencia_docente`
--

INSERT INTO `asistencia_docente` (`idAsistenciaDocente`, `idPersonaAsistencia`, `idAsistenciaHor`, `idUsuarioAsistencia`, `fechaAsis`, `horaEntrada`, `horaSalida`, `tipo`, `observacion`, `estado`, `fechaAsistencia`) VALUES
(20, 33, 46, 2, '2022-08-09', '08:00:00', '10:30:00', 1, '', 1, '2022-08-09 14:05:54'),
(21, 33, 100, 2, '2022-08-09', '13:30:00', '16:00:00', 1, '', 1, '2022-08-09 14:06:12'),
(22, 33, 127, 2, '2022-08-09', '16:50:00', '18:30:00', 1, '', 1, '2022-08-09 14:06:29'),
(23, 33, 136, 2, '2022-08-09', '18:30:00', '20:00:00', 1, '', 1, '2022-08-09 14:06:40'),
(24, 33, 187, 2, '2022-08-09', '20:00:00', '21:30:00', 3, '', 0, '2022-08-09 14:06:54'),
(25, 33, 187, 2, '2022-08-10', '20:00:00', '21:30:00', 1, '', 1, '2022-08-09 14:07:12'),
(26, 38, 78, 2, '2022-08-08', '16:00:00', '18:30:00', 1, '', 1, '2022-08-09 14:22:46'),
(27, 33, 127, 2, '2022-08-08', '16:50:00', '18:30:00', 1, '', 1, '2022-08-09 14:22:56'),
(28, 33, 117, 2, '2022-08-08', '18:30:00', '20:00:00', 1, '', 1, '2022-08-09 14:23:07'),
(29, 38, 326, 2, '2022-08-08', '19:15:00', '21:30:00', 1, '', 1, '2022-08-09 14:23:19'),
(30, 33, 51, 2, '2022-08-08', '20:00:00', '22:15:00', 3, '', 0, '2022-08-09 14:23:35'),
(31, 33, 51, 2, '2022-08-10', '20:00:00', '22:15:00', 1, '', 1, '2022-08-09 14:24:55'),
(32, 93, 816, 2, '2022-08-08', '08:00:00', '09:40:00', 1, '', 1, '2022-08-09 22:01:47'),
(33, 93, 823, 2, '2022-08-08', '13:30:00', '15:10:00', 1, '', 1, '2022-08-09 22:01:59'),
(34, 93, 846, 2, '2022-08-08', '16:00:00', '17:40:00', 1, '', 1, '2022-08-09 22:02:12'),
(35, 93, 830, 2, '2022-08-08', '18:30:00', '20:00:00', 1, '', 1, '2022-08-09 22:02:29'),
(36, 93, 788, 2, '2022-08-08', '20:45:00', '22:15:00', 1, '', 1, '2022-08-09 22:02:39'),
(37, 33, 117, 2, '2022-08-05', '16:50:00', '19:15:00', 1, '', 1, '2022-08-09 22:27:06');

-- --------------------------------------------------------

--
-- Estructura de tabla para la tabla `cargos`
--

CREATE TABLE `cargos` (
  `idCargo` int(11) NOT NULL,
  `nombreCargo` varchar(80) NOT NULL
) ENGINE=InnoDB DEFAULT CHARSET=utf8;

--
-- Volcado de datos para la tabla `cargos`
--

INSERT INTO `cargos` (`idCargo`, `nombreCargo`) VALUES
(1, 'DOCENTE'),
(2, 'ASISTENTE'),
(3, 'GERENTE'),
(4, 'DIRECTOR'),
(5, 'SECRETARIA');

-- --------------------------------------------------------

--
-- Estructura de tabla para la tabla `carreras`
--

CREATE TABLE `carreras` (
  `idCarrera` int(11) NOT NULL,
  `idPlanCarrera` int(11) DEFAULT NULL,
  `nombreCarrera` varchar(200) NOT NULL,
  `estadoCarrera` tinyint(1) NOT NULL DEFAULT 1,
  `estadoDel` tinyint(4) NOT NULL,
  `fechaCarrera` timestamp NOT NULL DEFAULT current_timestamp() ON UPDATE current_timestamp()
) ENGINE=InnoDB DEFAULT CHARSET=utf8;

--
-- Volcado de datos para la tabla `carreras`
--

INSERT INTO `carreras` (`idCarrera`, `idPlanCarrera`, `nombreCarrera`, `estadoCarrera`, `estadoDel`, `fechaCarrera`) VALUES
(5, 1, 'CONTABILIDAD', 1, 0, '2022-07-05 21:30:23'),
(6, 1, 'ADMINISTRACIÓN DE EMPRESAS', 1, 0, '2022-07-05 21:30:52'),
(7, 1, 'ADMINISTRACIÓN DE NEGOCIOS BANCARIOS Y FINANCIEROS', 1, 0, '2022-07-05 21:30:23'),
(8, 1, 'FARMACIA TÉCNICA', 1, 0, '2022-07-05 21:30:32'),
(9, 1, 'ENFERMERÍA TÉCNICA', 1, 0, '2022-07-05 21:31:10');

-- --------------------------------------------------------

--
-- Estructura de tabla para la tabla `cursos`
--

CREATE TABLE `cursos` (
  `idCurso` int(11) NOT NULL,
  `idCarreraCurso` int(11) DEFAULT NULL,
  `nombreCurso` varchar(254) NOT NULL,
  `periodo` varchar(5) NOT NULL,
  `codigo` varchar(10) NOT NULL,
  `correlativo` varchar(10) NOT NULL,
  `creditosCurso` int(11) DEFAULT NULL,
  `tipo` char(1) DEFAULT NULL,
  `estado` tinyint(1) NOT NULL DEFAULT 1,
  `fechaRegistro` timestamp NOT NULL DEFAULT current_timestamp() ON UPDATE current_timestamp()
) ENGINE=InnoDB DEFAULT CHARSET=utf8;

--
-- Volcado de datos para la tabla `cursos`
--

INSERT INTO `cursos` (`idCurso`, `idCarreraCurso`, `nombreCurso`, `periodo`, `codigo`, `correlativo`, `creditosCurso`, `tipo`, `estado`, `fechaRegistro`) VALUES
(2, 6, 'COMUNICACIÓN EFECTIVA', '1', 'AE009', '', 2, 'T', 1, '2022-07-06 13:50:09'),
(3, 6, 'FUNDAMENTOS DE ADMINISTRACIÓN Y GESTIÓN DE DOCUMENTOS', '1', 'AE001', '', 4, 'C', 1, '2022-07-06 16:24:36'),
(4, 6, 'REGISTRO DOCUMENTARIO', '1', 'AE002', '', 4, 'C', 1, '2022-07-06 16:26:06'),
(5, 6, 'TRÁMITE DOCUMENTARIO', '1', 'AE003', '', 4, 'C', 1, '2022-07-06 16:26:48'),
(6, 6, 'MATEMÁTICA PARA LOS NEGOCIOS', '1', 'AE004', '', 3, 'C', 1, '2022-07-06 16:29:00'),
(7, 6, 'TECNOLOGÍAS DE LA INFORMACIÓN', '1', 'AE010', '', 2, 'T', 1, '2022-07-06 16:29:30'),
(8, 6, 'ATENCIÓN Y SERVICIO AL CLIENTE', '2', 'AE005', 'AE001', 4, 'C', 1, '2022-07-15 22:46:58'),
(9, 6, 'ARCHIVO Y CONTROL DE LA DOCUMENTACIÓN EMPRESARIAL', '2', 'AE006', 'AE002', 4, 'C', 1, '2022-07-15 22:48:31'),
(10, 6, 'DOCUMENTACIÓN CONTABLE Y FINANCIERA', '2', 'AE007', '', 3, 'C', 1, '2022-07-15 22:49:08'),
(11, 6, 'ECONOMÍA PARA LOS NEGOCIOS', '2', 'AE008', 'AE004', 4, 'C', 1, '2022-07-15 22:49:43'),
(12, 6, 'RESPONSABILIDAD SOCIAL Y DESARROLLO SOSTENIBLE', '2', 'AE011', '', 2, 'T', 1, '2022-07-15 22:50:19'),
(13, 6, 'DIAGNOSTICO EMPRESARIAL', '3', 'AE012', 'AE001', 3, 'C', 1, '2022-07-15 22:51:36'),
(14, 6, 'GESTIÓN DE OPERACIONES EMPRESARIALES', '3', 'AE013', 'AE001', 3, 'C', 1, '2022-07-15 22:52:17'),
(15, 6, 'ESTUDIO DE METODOS DE TRABAJO', '3', 'AE014', 'AE001', 3, 'C', 1, '2022-07-15 22:53:15'),
(16, 6, 'CONTABILIDAD GENERAL', '3', 'AE015', 'AE007', 3, 'C', 1, '2022-07-15 22:53:46'),
(17, 6, 'ESTADISTICA EMPRESARIAL', '3', 'AE016', 'AE004', 3, 'C', 1, '2022-07-15 22:54:31'),
(18, 6, 'LIDERAZGO PERSONAL Y PROFESIONAL', '3', 'AE022', '', 2, 'T', 1, '2022-07-15 22:55:53'),
(19, 6, 'CULTURA AMBIENTAL', '3', 'AE023', 'AE011', 2, 'C', 1, '2022-07-15 22:56:15'),
(20, 6, 'GESTIÓN DE TALENTO HUMANO', '4', 'AE017', 'AE014', 3, 'C', 1, '2022-07-15 22:57:23'),
(21, 6, 'ORGANIZACIÓN DE LOS PROCESOS EMPRESARIALES', '4', 'AE018', 'AE013', 3, 'C', 1, '2022-07-15 22:58:26'),
(22, 6, 'PRODUCTIVIDAD EMPRESARIAL', '4', 'AE019', 'AE014', 3, 'C', 1, '2022-07-15 22:59:11'),
(23, 6, 'LOGISTICA', '4', 'AE020', 'AE013', 3, 'C', 1, '2022-07-15 22:59:48'),
(24, 6, 'COSTOS Y PRESUPUESTOS', '4', 'AE021', 'AE015', 3, 'C', 1, '2022-07-15 23:01:00'),
(25, 6, 'INGLES 1', '4', 'AE024', '', 2, 'T', 1, '2022-07-15 23:01:28'),
(26, 6, 'PLANEACIÓN ESTRATEGICA', '5', 'AE025', 'AE018', 3, 'C', 1, '2022-07-21 22:44:59'),
(27, 6, 'GESTIÓN FINANCIERA', '5', 'AE026', 'AE021', 3, 'C', 1, '2022-07-15 23:02:34'),
(28, 6, 'ADMINISTRACIÓN DE OPERACIONES', '5', 'AE027', 'AE013', 3, 'C', 1, '2022-07-15 23:03:45'),
(29, 6, 'DIRECCIÓN EMPRESARIAL', '5', 'AE028', 'AE018', 3, 'C', 1, '2022-07-15 23:04:17'),
(30, 6, 'FORMULACIÓN Y EVALUACIÓN DE PROYECTOS', '5', 'AE029', '', 3, 'C', 1, '2022-07-15 23:04:48'),
(31, 6, 'INGLES 2', '5', 'AE035', 'AE024', 2, 'T', 1, '2022-07-15 23:05:18'),
(32, 6, 'INNOVACIÓN 1', '5', 'AE036', '', 3, 'T', 1, '2022-07-15 23:05:50'),
(33, 6, 'INDICADORES DE GESTIÓN', '6', 'AE030', 'AE025', 2, 'C', 1, '2022-07-15 23:06:28'),
(34, 6, 'GESTIÓN DE PROYECTOS', '6', 'AE031', 'AE029', 3, 'C', 1, '2022-07-15 23:06:52'),
(35, 6, 'AUDITORÍA Y CONTROL EMPRESARIAL', '6', 'AE032', 'AE028', 3, 'C', 1, '2022-07-21 20:25:13'),
(36, 6, 'ADMINISTRACIÓN FINANCIERA Y PRESUPUESTO', '6', 'AE033', 'AE026', 3, 'C', 1, '2022-07-21 20:26:00'),
(37, 6, 'NEGOCIACIÓN EMPRESARIAL', '6', 'AE034', '', 3, 'C', 1, '2022-07-21 20:26:36'),
(38, 6, 'INNOVACIÓN 2', '6', 'AE037', 'AE036', 3, 'T', 1, '2022-07-21 20:27:12'),
(39, 6, 'EMPRENDIMIENTO', '6', 'AE038', '', 2, 'T', 1, '2022-07-21 20:27:39'),
(40, 7, 'COMUNICACIÓN PARA LOS NEGOCIOS', '1', 'AB001', '', 2, 'C', 1, '2022-07-21 20:28:30'),
(41, 7, 'GESTIÓN DE CAJA Y SERVICIOS FINANCIEROS I', '1', 'AB002', '', 3, 'C', 1, '2022-07-21 20:29:02'),
(42, 7, 'MATEMÁTICA PARA LOS NEGOCIOS', '1', 'AB003', '', 2, 'C', 1, '2022-07-21 20:30:13'),
(43, 7, 'GESTIÓN EMPRESARIAL', '1', 'AB004', '', 2, 'C', 1, '2022-07-21 20:30:45'),
(44, 7, 'INTRODUCCIÓN AL SISTEMA BANCARIO Y FINANCIERO', '1', 'AB005', '', 2, 'C', 1, '2022-07-21 20:31:09'),
(45, 7, 'ECONOMÍA APLICADA', '1', 'AB006', '', 3, 'C', 1, '2022-07-21 20:31:28'),
(46, 7, 'COMUNICACIÓN EFECTIVA', '1', 'AB012', '', 2, 'T', 1, '2022-07-21 20:31:47'),
(47, 7, 'TECNOLOGÍAS DE LA INFORMACIÓN', '1', 'AB013', '', 2, 'T', 1, '2022-07-21 20:32:04'),
(48, 7, 'INFORMÁTICA PARA LOS NEGOCIOS', '2', 'AB007', 'AB013', 3, 'C', 1, '2022-07-21 20:34:09'),
(49, 7, 'ASESORIA FINANCIERA Y SERVICIO ATENCIÓN AL CLIENTE', '2', 'AB008', '', 3, 'C', 1, '2022-07-21 20:32:52'),
(50, 7, 'GESTIÓN DE CAJA Y SERVICIOS FINANCIEROS II', '2', 'AB009', 'AB002', 3, 'C', 1, '2022-07-21 20:33:58'),
(51, 7, 'PRODUCTOS FINANCIERSOS', '2', 'AB011', 'AB002', 4, 'C', 1, '2022-07-21 20:34:42'),
(52, 7, 'MATEMÁTICA FINANCIERA', '2', 'AB010', 'AB002', 3, 'C', 1, '2022-07-21 20:35:38'),
(53, 7, 'RESPONSABILIDAD SOCIAL Y DESARROLLO SOSTENIBLE', '2', 'AB014', '', 2, 'T', 1, '2022-07-21 20:36:06'),
(54, 7, 'FINANZAS PARA LOS NEGOCIOS', '3', 'AB015', 'AB005', 3, 'C', 1, '2022-07-21 20:36:29'),
(55, 7, 'EVALUACIÓN DE ESTADOS FINANCIEROS', '3', 'AB016', '', 3, 'C', 1, '2022-07-21 20:36:47'),
(56, 7, 'ANALISIS DE RIESGO DE MERCADO DE LAS PYMES', '3', 'AB017', '', 3, 'C', 1, '2022-07-21 20:37:22'),
(57, 7, 'CONTABILIDAD PARA NEGOCIOS', '3', 'AB018', '', 3, 'C', 1, '2022-07-21 20:37:53'),
(58, 7, 'ANALISIS DE RIESGO FINANCIERO', '3', 'AB019', '', 3, 'C', 1, '2022-07-21 20:38:45'),
(59, 7, 'LIDERAZGO PERSONAL Y PROFESIONAL', '3', 'AB025', '', 2, 'T', 1, '2022-07-21 20:39:20'),
(60, 7, 'CULTURA AMBIENTAL', '3', 'AB026', 'AB011', 2, 'T', 1, '2022-07-21 20:39:40'),
(61, 7, 'GESTIÓN DE CAPITAL HUMANO', '5', 'AB028', '', 3, 'C', 1, '2022-07-21 20:46:16'),
(62, 7, 'GESTIÓN COMERCIAL DE AGENCIA', '5', 'AB029', 'AB024', 4, 'C', 1, '2022-07-21 20:46:24'),
(63, 7, 'MARKETING FINANCIERO', '5', 'AB030', '', 4, 'C', 1, '2022-07-21 20:46:30'),
(64, 7, 'BANCA INVERSIÓN', '5', 'AB031', 'AB023', 4, 'C', 1, '2022-07-21 20:46:39'),
(65, 7, 'GESTIÓN DE RECUPERACIONES Y COBRANZAS', '6', 'AB032', 'AB016', 3, 'C', 1, '2022-07-21 20:47:04'),
(66, 7, 'INGLES II', '5', 'AB037', 'AB027', 2, 'T', 1, '2022-07-21 20:46:43'),
(67, 7, 'INNOVACIÓN I', '5', 'AB038', '', 3, 'T', 1, '2022-07-21 20:46:47'),
(68, 7, 'ANALISIS DE RIESGO CREDITICIO', '4', 'AB020', 'AB019', 3, 'C', 1, '2022-07-21 20:47:59'),
(69, 7, 'DEFENSA DEL CLIENTE FINANCIERO', '4', 'AB021', 'AB008', 3, 'C', 1, '2022-07-21 20:48:22'),
(70, 7, 'MERCADO DE VALORES', '4', 'AB022', '', 2, 'C', 1, '2022-07-21 20:48:40'),
(71, 7, 'BANCA EMPRESA', '4', 'AB023', 'AB017', 3, 'C', 1, '2022-07-21 20:49:08'),
(72, 7, 'OPERACIONES BANCARIAS', '4', 'AB024', 'AB011', 4, 'C', 1, '2022-07-21 20:49:30'),
(73, 7, 'INGLES I', '4', 'AB027', '', 2, 'T', 1, '2022-07-21 20:49:56'),
(74, 7, 'COMERCIO EXTERIOR', '6', 'AB033', 'AB022', 3, 'C', 1, '2022-07-21 20:50:46'),
(75, 7, 'CONTROL INTERNO', '6', 'AB034', 'AB028', 3, 'C', 1, '2022-07-21 20:51:27'),
(76, 7, 'FORMULACIÓN Y EVALUACIÓN DE PROYECTOS', '6', 'AB035', '', 3, 'C', 1, '2022-07-21 20:51:50'),
(77, 7, 'LEGISLACIÓN BANCARIA Y FINANCIERA', '6', 'AB036', '', 2, 'C', 1, '2022-07-21 20:52:11'),
(78, 7, 'INNOVACIÓN II', '6', 'AB039', 'AB038', 3, 'T', 1, '2022-07-21 20:53:00'),
(79, 7, 'EMPRENDIMIENTO', '6', 'AB040', '', 2, 'T', 1, '2022-07-21 20:53:21'),
(80, 5, 'CONTABILIDAD GENERAL I', '1', 'CT001', '', 4, 'C', 1, '2022-07-21 21:08:19'),
(81, 5, 'DOCUMENTACIÓN COMERCIAL Y CONTABLE', '1', 'CT002', '', 3, 'C', 1, '2022-07-21 20:56:02'),
(82, 5, 'DINÁMICA DEL PLAN CONTABLE GENERAL', '1', 'CT003', '', 3, 'C', 1, '2022-07-27 22:47:36'),
(83, 5, 'MATEMÁTICA PARA NEGOCIOS', '1', 'CT004', '', 3, 'C', 1, '2022-07-21 20:56:49'),
(84, 5, 'ADMINISTRACIÓN EMPRESARIAL', '1', 'CT005', '', 3, 'C', 1, '2022-07-21 21:05:46'),
(85, 5, 'COMUNICACIÓN EFECTIVA', '1', 'CT011', '', 2, 'T', 1, '2022-07-21 21:06:09'),
(86, 5, 'TECNOLOGÍAS DE LA INFORMACIÓN', '1', 'CT012', '', 2, 'T', 1, '2022-07-21 21:06:26'),
(87, 5, 'RESPONSABILIDAD SOCIAL Y DESARROLLO SOSTENIBLE', '2', 'CT013', '', 2, 'T', 1, '2022-07-21 21:07:22'),
(88, 5, 'CONTABILIDAD GENERAL II', '2', 'CT006', 'CT001', 3, 'C', 1, '2022-07-21 21:08:01'),
(89, 5, 'LEGISLACIÓN COMERCIAL', '2', 'CT007', 'CT001', 3, 'C', 1, '2022-07-21 21:09:09'),
(90, 5, 'LEGISLACIÓN LABORAL', '2', 'CT008', 'CT001', 3, 'C', 1, '2022-07-21 21:09:40'),
(91, 5, 'EXCEL CONTABLE', '2', 'CT009', 'CT012', 2, 'C', 1, '2022-07-21 21:10:15'),
(92, 5, 'MATEMÁTICA FINANCIERA', '2', 'CT010', 'CT004', 3, 'C', 1, '2022-07-21 21:10:31'),
(93, 5, 'CONTABILIDAD DE SOCIEDADES', '3', 'CT014', 'CT006', 3, 'C', 1, '2022-07-21 21:11:30'),
(94, 5, 'FUNDAMENTOS DE COSTOS', '3', 'CT015', 'CT006', 2, 'C', 1, '2022-07-21 21:11:50'),
(95, 5, 'SISTEMAS CONTABLES INTERMEDIOS', '3', 'CT016', 'CT009', 2, 'C', 1, '2022-07-21 21:12:13'),
(96, 5, 'LEGISLACIÓN TRIBUTARIA I', '3', 'CT017', 'CT006', 3, 'C', 1, '2022-07-21 21:12:44'),
(97, 5, 'CALCULO FINANCIERO', '3', 'CT018', 'CT010', 2, 'C', 1, '2022-07-21 21:13:23'),
(98, 5, 'APLICACIÓN DE LAS NIIF BÁSICAS Y FUNDAMENTALES', '3', 'CT019', 'CT006', 2, 'C', 1, '2022-07-21 22:56:18'),
(99, 5, 'LIDERAZGO PERSONAL Y PROFESIONAL', '3', 'CT026', '', 2, 'T', 1, '2022-07-21 21:14:46'),
(100, 5, 'CULTURA AMBIENTAL', '3', 'CT027', '', 2, 'T', 1, '2022-07-21 21:15:04'),
(101, 5, 'CONTABILIDAD APLICADA', '4', 'CT020', 'CT017', 3, 'C', 1, '2022-07-21 21:15:46'),
(102, 5, 'ECONOMÍA PARA LOS NEGOCIOS', '4', 'CT021', '', 3, 'C', 1, '2022-07-21 21:16:08'),
(103, 5, 'SISTEMAS CONTABLES AVANZADOS', '4', 'CT022', 'CT016', 3, 'C', 1, '2022-07-21 21:16:50'),
(104, 5, 'GESTIÓN DE TESORERÍA', '4', 'CT023', '', 3, 'C', 1, '2022-07-21 21:17:27'),
(105, 5, 'LEGISLACIÓN TRIBUTARIA II', '4', 'CT024', 'CT017', 3, 'C', 1, '2022-07-21 21:17:51'),
(106, 5, 'FUNDAMENTOS EN FINANZAS', '4', 'CT025', '', 2, 'C', 1, '2022-07-21 21:18:20'),
(107, 5, 'INGLES I', '4', 'CT028', '', 2, 'T', 1, '2022-07-21 21:18:38'),
(108, 5, 'CONTABILIDAD GUBERNAMENTAL I', '5', 'CT029', 'CT024', 3, 'C', 1, '2022-07-21 21:19:07'),
(109, 5, 'ANALISIS E INTERPRETACIÓN DE ESTADOS FINANCIEROS', '5', 'CT030', 'CT025', 3, 'C', 1, '2022-07-21 22:58:46'),
(110, 5, 'PRINCIPIOS DE AUDITORIA FINANCIERA', '5', 'CT031', '', 3, 'C', 1, '2022-07-21 21:20:06'),
(111, 5, 'CONTABILIDAD FINANCIERA I', '5', 'CT032', 'CT024', 4, 'C', 1, '2022-07-21 21:20:41'),
(112, 5, 'PRESUPUESTO PARA LOS NEGOCIOS', '5', 'CT033', '', 2, 'C', 1, '2022-07-21 21:21:12'),
(113, 5, 'INGLES II', '5', 'CT038', 'CT028', 2, 'T', 1, '2022-07-21 21:22:06'),
(114, 5, 'INNOVACIÓN I', '5', 'CT039', '', 3, 'T', 1, '2022-07-21 21:23:03'),
(115, 5, 'CONTABILIDAD FINANCIERA II', '6', 'CT034', 'CT032', 4, 'C', 1, '2022-07-21 21:24:22'),
(116, 5, 'ASISTENCIA EN AUDITORIA TRIBUTARIA', '6', 'CT035', 'CT031', 3, 'C', 1, '2022-07-21 21:25:00'),
(117, 5, 'FORMULACIÓN Y EVALUACIÓN DE PROYECTOS', '6', 'CT036', '', 4, 'C', 1, '2022-07-21 21:25:59'),
(118, 5, 'CONTABILIDAD GUBERNAMENTAL II', '6', 'CT037', 'CT029', 3, 'C', 1, '2022-07-21 21:26:37'),
(119, 5, 'INNOVACIÓN II', '6', 'CT040', 'CT039', 3, 'T', 1, '2022-07-21 21:27:01'),
(120, 5, 'EMPRENDIMIENTO', '6', 'CT041', '', 2, 'T', 1, '2022-07-21 21:27:28'),
(121, 9, 'TERMINOLOGÍA EN SALUD', '1', 'ET001', '', 2, 'C', 1, '2022-07-21 21:27:59'),
(122, 9, 'ANATOMÍA Y FISIOLOGÍA HUMANA', '1', 'ET002', '', 4, 'C', 1, '2022-07-21 21:28:18'),
(123, 9, 'MICROBIOLOGÍA Y PARSITOLOGÍA', '1', 'ET003', '', 2, 'C', 1, '2022-07-21 21:28:33'),
(124, 9, 'BIOESTADISTICA', '1', 'ET004', '', 3, 'C', 1, '2022-07-21 21:30:13'),
(125, 9, 'EDUCACIÓN PARA LA SALUD', '1', 'ET005', '', 4, 'C', 1, '2022-07-21 21:31:10'),
(126, 9, 'COMUNICACIÓN EFECTIVA', '1', 'ET011', '', 2, 'T', 1, '2022-07-21 21:32:02'),
(127, 9, 'TECNOLOGÍAS DE LA INFORMACIÓN', '1', 'ET012', '', 2, 'T', 1, '2022-07-21 21:32:19'),
(128, 9, 'PRIMEROS AUXILIOS', '2', 'ET006', 'ET002', 3, 'C', 1, '2022-07-21 21:32:54'),
(129, 9, 'EPIDEMIOLOGÍA Y ENFERMEDADES TRANSMISIBLES', '2', 'ET007', 'ET004', 3, 'C', 1, '2022-07-21 21:33:15'),
(130, 9, 'CUIDADOS DE ENFERMERÍA EN SALUD PÚBLICA', '2', 'ET008', 'ET005', 3, 'C', 1, '2022-07-21 21:33:38'),
(131, 9, 'ENFERMERÍA EN SALUD FAMILIAR Y COMUNITARIA', '2', 'ET009', 'ET005', 3, 'C', 1, '2022-07-21 21:34:16'),
(132, 9, 'INMUNOLOGÍA EN INYECTOTERAPIA', '2', 'ET010', 'ET002', 3, 'C', 1, '2022-07-21 21:34:43'),
(133, 9, 'RESPONSABILIDAD SOCIAL Y DESARROLLO SOSTENIBLE', '2', 'ET013', '', 2, 'T', 1, '2022-07-21 21:35:04'),
(134, 9, 'ENFERMERÍA BÁSICA HOSPITALARIA I', '3', 'ET014', 'ET010', 4, 'C', 1, '2022-07-21 21:42:18'),
(135, 9, 'BIOSEGURIDAD Y PREVENCIÓN DE INFECCIONES INTRAHOSPITALARIAS', '3', 'ET015', 'ET006', 3, 'C', 1, '2022-07-21 21:48:45'),
(136, 9, 'TRÁMITE DOCUMENTARIO HOSPITALARIO', '3', 'ET016', '', 2, 'C', 1, '2022-07-21 21:49:08'),
(137, 9, 'NUTRICIÓN Y DIETOTERAPIA', '3', 'ET017', '', 3, 'C', 1, '2022-07-21 21:49:22'),
(138, 9, 'ESTUDIO DE ENFERMEDADES Y SU TERAPEÚTICA I', '3', 'ET018', 'ET002', 3, 'C', 1, '2022-07-21 21:50:26'),
(139, 9, 'LIDERAZGO PERSONAL Y PROFESIONAL', '3', 'ET023', '', 2, 'T', 1, '2022-07-21 21:50:50'),
(140, 9, 'CULTURA AMBIENTAL', '3', 'ET024', 'ET013', 2, 'T', 1, '2022-07-21 21:51:10'),
(141, 9, 'ENFERMERÍA BÁSICA HOSPITALARIA II', '4', 'ET019', 'ET014', 4, 'C', 1, '2022-07-21 21:51:51'),
(142, 9, 'FARMACOLOGÍA Y ADMINISTRACIÓN DE MEDICAMENTOS', '4', 'ET020', 'ET018', 4, 'C', 1, '2022-07-21 21:52:45'),
(143, 9, 'MANIPULACIÓN DE MUESTRAS BIOLOGICAS', '4', 'ET021', 'ET015', 3, 'C', 1, '2022-07-21 21:53:05'),
(144, 9, 'ESTUDIO DE ENFERMEDADES Y SU TERAPEÚTICA II', '4', 'ET022', 'ET018', 4, 'C', 1, '2022-07-21 21:53:36'),
(145, 9, 'INGLES I', '4', 'ET025', '', 2, 'T', 1, '2022-07-21 21:54:05'),
(146, 9, 'URGENCIAS Y EMERGENCIAS', '5', 'ET026', 'ET019', 3, 'C', 1, '2022-07-21 21:54:52'),
(147, 9, 'ASISTENCIA DE ENFERMERÍA QUIRURGICA', '5', 'ET027', 'ET019', 3, 'C', 1, '2022-07-21 21:55:30'),
(148, 9, 'PROCEDIMIENTOS DE APOYO AL DIAGNOSTICO', '5', 'ET028', 'ET022', 3, 'C', 1, '2022-07-21 21:55:48'),
(149, 9, 'ATENCIÓN DE SALUD DEL NIÑO Y EL ADOLECENTE', '5', 'ET029', 'ET022', 3, 'C', 1, '2022-07-21 23:08:52'),
(150, 9, 'ATENCIÓN Y CUIDADO EN EL ADULTO MAYOR', '5', 'ET030', 'ET022', 3, 'C', 1, '2022-07-21 21:57:53'),
(151, 9, 'INGLES II', '5', 'ET036', 'ET025', 2, 'T', 1, '2022-07-21 21:58:59'),
(152, 9, 'INNOVACIÓN 1', '5', 'ET037', '', 4, 'T', 1, '2022-07-21 21:59:39'),
(153, 9, 'MEDICINA ALTERNATIVA Y TRADICIONAL', '6', 'ET031', '', 2, 'C', 1, '2022-07-21 22:00:11'),
(154, 9, 'ATENCIÓN Y CUIDADOS AL RECIÉN NACIDO', '6', 'ET032', 'ET029', 3, 'C', 1, '2022-07-21 22:00:56'),
(155, 9, 'ATENCIÓN EN SALUD MATERNA CON ENFOQUE INTERCULTURAL', '6', 'ET033', '', 3, 'C', 1, '2022-07-21 22:01:34'),
(156, 9, 'TERAPÍA FÍSICA Y REHABILITACIÓN', '6', 'ET034', '', 3, 'C', 1, '2022-07-21 22:01:54'),
(157, 9, 'ASISTENCIA EN SALUD MENTAL', '6', 'ET035', '', 3, 'C', 1, '2022-07-21 22:02:15'),
(158, 9, 'INNOVACIÓN II', '6', 'ET038', 'ET037', 4, 'T', 1, '2022-07-21 22:02:40'),
(159, 9, 'EMPRENDIMIENTO', '6', 'ET039', '', 3, 'T', 1, '2022-07-21 22:02:59'),
(160, 8, 'ANATOMÍA FISIOLÓGICA', '1', 'FT001', '', 3, 'C', 1, '2022-07-21 22:04:47'),
(161, 8, 'BIOQUIMICA HUMANA', '1', 'FT002', '', 3, 'C', 1, '2022-07-21 22:05:52'),
(162, 8, 'PRIMEROS AUXILIOS E INYECTOTERAPÍA', '1', 'FT003', '', 3, 'C', 1, '2022-07-21 22:06:36'),
(163, 8, 'ACTIVIDADES DE SALUD EN LA FAMILIA Y COMUNIDAD', '1', 'FT004', '', 3, 'C', 1, '2022-07-21 22:06:53'),
(164, 8, 'EPIDEMIOLOGÍA Y ENFERMEDADES TRANSMISIBLES', '1', 'FT005', '', 2, 'C', 1, '2022-07-21 22:07:24'),
(165, 8, 'COMUNICACIÓN EFECTIVA', '1', 'FT006', '', 2, 'T', 1, '2022-07-21 22:07:47'),
(166, 8, 'TECNOLOGÍAS DE LA INFORMACIÓN', '1', 'FT007', '', 2, 'T', 1, '2022-07-21 22:08:05'),
(167, 8, 'MANEJO DE MEDICAMENTOS ENSENCIALES', '2', 'FT008', 'FT002', 4, 'C', 1, '2022-07-21 22:08:49'),
(168, 8, 'DISPENSACIÓN DE MEDICAMENTOS EN EL SISTEMA DE SALUD', '2', 'FT009', 'FT001', 4, 'C', 1, '2022-07-21 22:09:21'),
(169, 8, 'VENTA Y DISPENSACIÓN DE MEDICAMENTOS Y PRODUCTOS A FINES', '2', 'FT010', 'FT001', 4, 'C', 1, '2022-07-21 22:09:41'),
(170, 8, 'LINEAMIENTOS Y POLITICAS NACIONALES DE MEDICAMENTOS EN SALUD', '2', 'FT011', '', 2, 'C', 1, '2022-07-21 22:10:09'),
(171, 8, 'TÉCNICA DE VENTAS Y ATENCIÓN AL CLIENTE EN FARMACIA', '2', 'FT012', '', 2, 'C', 1, '2022-07-21 22:10:52'),
(172, 8, 'RESPONSABILIDAD SOCIAL Y DESARROLLO SOSTENIBLE', '2', 'FT013', '', 2, 'T', 1, '2022-07-21 22:11:23'),
(173, 8, 'PATOLOGÍA Y SU FARMACOTERAPIA I', '3', 'FT014', 'FT001', 3, 'C', 1, '2022-07-21 22:12:00'),
(174, 8, 'BASES FARMACOLÓGICAS DE LOS MEDICAMENTOS I', '3', 'FT015', 'FT002', 3, 'C', 1, '2022-07-21 22:12:40'),
(175, 8, 'CALIDAD EN LA ADMINISTRACIÓN FARMACEUTICA', '3', 'FT016', 'FT012', 2, 'C', 1, '2022-07-21 22:13:04'),
(176, 8, 'ASISTENCIA EN LA ADMINISTRACIÓN DE UNA FARMACIA HOSPITALARIA', '3', 'FT017', 'FT008', 3, 'C', 1, '2022-07-21 22:13:57'),
(177, 8, 'NORMAS Y REGULACIÓN FARMACEUTICA', '3', 'FT018', 'FT011', 2, 'C', 1, '2022-07-21 22:14:21'),
(178, 8, 'MARKETING FARMACEUTICO', '3', 'FT019', 'FT012', 2, 'C', 1, '2022-07-21 22:14:42'),
(179, 8, 'LIDERAZGO PERSONAL Y PROFESIONAL', '3', 'FT025', '', 2, 'T', 1, '2022-07-21 22:15:44'),
(180, 8, 'CULTURA AMBIENTAL', '3', 'FT026', 'FT013', 2, 'T', 1, '2022-07-21 22:15:34'),
(181, 8, 'CONTABILIDAD FARMACEÚTICA', '4', 'FT020', '', 2, 'C', 1, '2022-07-21 22:16:22'),
(182, 8, 'ADMINISTRACIÓN FARMACEÚTICA', '4', 'FT021', 'FT016', 4, 'C', 1, '2022-07-21 22:16:39'),
(183, 8, 'PATOLOGÍA Y SU FARMACOTERAPIA II', '4', 'FT022', 'FT016', 3, 'C', 1, '2022-07-21 22:17:12'),
(184, 8, 'TOXICOLOGÍA', '4', 'FT023', 'FT015', 3, 'C', 1, '2022-07-21 22:17:29'),
(185, 8, 'BASES FARMACOLÓGICAS DE LOS MEDICAMENTOS II', '4', 'FT024', 'FT015', 3, 'C', 1, '2022-07-21 22:17:52'),
(186, 8, 'INGLES I', '4', 'FT027', '', 2, 'T', 1, '2022-07-21 22:18:15'),
(187, 8, 'FARMACOVIGILANCIA', '5', 'FT028', 'FT004', 2, 'C', 1, '2022-07-21 22:18:50'),
(188, 8, 'FARMAINDUSTRIA Y COSMÉTICA', '5', 'FT029', 'FT024', 4, 'C', 1, '2022-07-21 22:19:25'),
(189, 8, 'FARMACOTÉCNICA', '5', 'FT030', 'FT024', 4, 'C', 1, '2022-07-21 22:25:22'),
(190, 8, 'TÉCNICAS DE CONTROL DE CALIDAD EN LA INDUSTRIA FARMACEÚTICA', '5', 'FT031', '', 4, 'C', 1, '2022-07-21 22:25:28'),
(191, 8, 'INGLES II', '5', 'FT036', 'FT027', 2, 'T', 1, '2022-07-21 22:20:47'),
(192, 8, 'INNOVACIÓN I', '5', 'FT037', '', 3, 'T', 1, '2022-07-21 22:25:55'),
(193, 8, 'FARMACOGNOSIA', '6', 'FT032', 'FT030', 3, 'C', 1, '2022-07-21 22:24:51'),
(194, 8, 'TÉCNICAS DE TRANSFORMACIÓN DE MATERIAS PRIMAS EN LA INDUSTRIA FARMACEÚTICA', '6', 'FT033', 'FT029', 4, 'C', 1, '2022-07-21 22:23:11'),
(195, 8, 'PROCESAMIENTO FARMACEÚTICO', '6', 'FT034', 'FT029', 4, 'C', 1, '2022-07-21 22:23:17'),
(196, 8, 'CLASIFICACIÓN DE ACCIÓN FARMACOLÓGICA DE RECURSOS NATURALES', '6', 'FT035', 'FT030', 4, 'C', 1, '2022-07-21 22:23:49'),
(197, 8, 'INNOVACIÓN II', '6', 'FT038', 'FT037', 3, 'T', 1, '2022-07-21 22:24:17'),
(198, 8, 'EMPRENDIMIENTO', '6', 'FT039', '', 2, 'T', 1, '2022-07-21 22:24:31');

-- --------------------------------------------------------

--
-- Estructura de tabla para la tabla `detallehorario`
--

CREATE TABLE `detallehorario` (
  `idDetalle` int(11) NOT NULL,
  `idHorarioCurso` int(11) DEFAULT NULL,
  `dia` tinyint(4) NOT NULL,
  `horaEntrada` time NOT NULL,
  `horaSalida` time NOT NULL,
  `horas` int(11) NOT NULL,
  `tipo` char(1) NOT NULL
) ENGINE=InnoDB DEFAULT CHARSET=utf8;

--
-- Volcado de datos para la tabla `detallehorario`
--

INSERT INTO `detallehorario` (`idDetalle`, `idHorarioCurso`, `dia`, `horaEntrada`, `horaSalida`, `horas`, `tipo`) VALUES
(98, 50, 1, '18:30:00', '20:00:00', 2, 'T'),
(99, 63, 1, '20:00:00', '21:30:00', 2, 'T'),
(100, 159, 1, '21:30:00', '23:00:00', 2, 'T'),
(101, 152, 2, '13:30:00', '15:10:00', 2, 'P'),
(102, 120, 2, '16:50:00', '18:30:00', 2, 'P'),
(103, 193, 2, '18:30:00', '20:00:00', 2, 'P'),
(104, 203, 2, '20:45:00', '22:15:00', 2, 'P'),
(105, 45, 3, '11:20:00', '13:00:00', 2, 'P'),
(107, 193, 3, '16:00:00', '18:30:00', 3, 'T'),
(108, 120, 3, '18:30:00', '20:00:00', 2, 'P'),
(109, 404, 3, '20:00:00', '22:15:00', 3, 'T'),
(110, 171, 4, '10:30:00', '13:00:00', 3, 'P'),
(111, 152, 4, '15:10:00', '16:50:00', 2, 'P'),
(112, 179, 4, '17:40:00', '18:30:00', 1, 'P'),
(113, 179, 4, '18:30:00', '20:00:00', 2, 'P'),
(114, 203, 4, '20:00:00', '21:30:00', 2, 'P'),
(115, 45, 5, '11:20:00', '13:00:00', 2, 'T'),
(116, 63, 5, '16:00:00', '17:40:00', 2, 'P'),
(117, 50, 5, '17:40:00', '18:30:00', 1, 'P'),
(118, 50, 5, '18:30:00', '20:00:00', 2, 'P'),
(120, 159, 5, '19:15:00', '20:45:00', 2, 'P'),
(124, 736, 1, '20:00:00', '22:15:00', 3, 'T'),
(125, 828, 2, '16:00:00', '18:30:00', 3, 'T'),
(126, 835, 2, '20:45:00', '23:00:00', 3, 'T'),
(127, 775, 4, '16:00:00', '18:30:00', 3, 'T'),
(128, 532, 5, '16:00:00', '18:30:00', 3, 'T'),
(129, 783, 5, '20:45:00', '23:00:00', 3, 'P'),
(130, 126, 1, '20:00:00', '22:15:00', 3, 'P'),
(131, 202, 2, '18:30:00', '20:45:00', 3, 'P'),
(134, 139, 3, '17:40:00', '18:30:00', 1, 'P'),
(135, 139, 3, '18:30:00', '20:00:00', 2, 'P'),
(137, 139, 4, '20:45:00', '22:15:00', 2, 'P'),
(139, 202, 5, '18:30:00', '20:45:00', 3, 'P'),
(140, 380, 1, '17:40:00', '18:30:00', 1, 'P'),
(141, 380, 1, '18:30:00', '20:00:00', 2, 'P'),
(142, 694, 4, '18:30:00', '20:45:00', 3, 'P'),
(143, 386, 3, '16:50:00', '18:30:00', 2, 'P'),
(144, 386, 3, '18:30:00', '19:15:00', 1, 'P'),
(145, 401, 5, '17:40:00', '18:30:00', 1, 'P'),
(146, 401, 5, '18:30:00', '20:00:00', 2, 'P'),
(147, 377, 1, '20:00:00', '22:15:00', 3, 'P'),
(148, 377, 2, '18:30:00', '20:00:00', 2, 'T'),
(149, 383, 1, '18:30:00', '20:00:00', 2, 'T'),
(150, 383, 2, '20:00:00', '22:15:00', 3, 'P'),
(151, 398, 3, '18:30:00', '20:45:00', 3, 'T'),
(152, 413, 3, '20:45:00', '22:15:00', 2, 'T'),
(153, 413, 4, '18:30:00', '20:45:00', 3, 'P'),
(160, 54, 1, '08:00:00', '09:40:00', 2, 'P'),
(161, 80, 1, '16:00:00', '18:30:00', 3, 'P'),
(163, 43, 2, '10:30:00', '13:00:00', 3, 'P'),
(164, 75, 2, '16:00:00', '18:30:00', 3, 'P'),
(165, 69, 2, '18:30:00', '20:00:00', 2, 'T'),
(166, 60, 2, '20:45:00', '22:15:00', 2, 'T'),
(168, 154, 3, '14:20:00', '16:00:00', 2, 'P'),
(169, 61, 3, '16:50:00', '18:30:00', 2, 'P'),
(171, 185, 3, '20:00:00', '22:15:00', 3, 'T'),
(172, 53, 4, '09:40:00', '11:20:00', 2, 'T'),
(173, 54, 4, '11:20:00', '13:00:00', 2, 'T'),
(174, 69, 4, '16:50:00', '18:30:00', 2, 'T'),
(175, 60, 4, '20:45:00', '22:15:00', 2, 'T'),
(176, 177, 5, '08:00:00', '10:30:00', 3, 'T'),
(177, 53, 5, '11:20:00', '13:00:00', 2, 'T'),
(178, 154, 5, '13:30:00', '15:10:00', 2, 'T'),
(179, 75, 5, '16:00:00', '17:40:00', 2, 'T'),
(180, 61, 5, '17:40:00', '18:30:00', 1, 'T'),
(181, 61, 5, '18:30:00', '19:15:00', 1, 'T'),
(182, 43, 3, '08:00:00', '10:30:00', 3, 'P'),
(183, 284, 1, '08:00:00', '09:40:00', 2, 'T'),
(184, 291, 1, '09:40:00', '11:20:00', 2, 'T'),
(185, 224, 1, '11:20:00', '13:00:00', 2, 'T'),
(186, 278, 1, '16:00:00', '17:40:00', 2, 'T'),
(187, 310, 1, '20:00:00', '22:15:00', 3, 'P'),
(188, 217, 2, '08:00:00', '09:40:00', 2, 'P'),
(190, 217, 2, '09:40:00', '11:20:00', 2, 'P'),
(191, 291, 2, '11:20:00', '13:00:00', 2, 'P'),
(192, 272, 3, '08:00:00', '09:40:00', 2, 'T'),
(193, 217, 3, '11:20:00', '13:00:00', 2, 'T'),
(194, 224, 4, '08:00:00', '09:40:00', 2, 'P'),
(195, 224, 4, '09:40:00', '11:20:00', 2, 'P'),
(196, 278, 4, '16:00:00', '18:30:00', 3, 'P'),
(197, 310, 4, '19:15:00', '21:30:00', 3, 'P'),
(198, 272, 5, '08:00:00', '10:30:00', 3, 'P'),
(199, 284, 5, '11:20:00', '13:00:00', 2, 'P'),
(200, 98, 1, '13:30:00', '16:00:00', 3, 'T'),
(201, 121, 1, '16:50:00', '18:30:00', 2, 'T'),
(202, 107, 1, '18:30:00', '20:45:00', 3, 'T'),
(203, 90, 2, '08:00:00', '10:30:00', 3, 'T'),
(204, 91, 3, '08:00:00', '10:30:00', 3, 'T'),
(205, 99, 3, '13:30:00', '16:00:00', 3, 'T'),
(206, 112, 3, '16:00:00', '17:40:00', 2, 'T'),
(207, 125, 3, '17:40:00', '18:30:00', 1, 'T'),
(208, 125, 3, '18:30:00', '20:45:00', 3, 'T'),
(209, 112, 4, '16:00:00', '17:40:00', 2, 'P'),
(210, 121, 4, '17:40:00', '18:30:00', 1, 'P'),
(211, 121, 4, '18:30:00', '19:15:00', 1, 'T'),
(212, 102, 2, '16:00:00', '18:30:00', 3, 'T'),
(213, 163, 2, '21:30:00', '23:00:00', 2, 'T'),
(214, 110, 3, '18:30:00', '20:45:00', 3, 'T'),
(216, 892, 3, '20:45:00', '23:00:00', 3, 'T'),
(217, 878, 4, '16:00:00', '18:30:00', 3, 'T'),
(218, 94, 5, '08:00:00', '10:30:00', 3, 'T'),
(221, 163, 5, '18:30:00', '19:15:00', 1, 'T'),
(222, 36, 5, '20:45:00', '23:00:00', 3, 'T'),
(223, 871, 6, '08:00:00', '10:30:00', 3, 'T'),
(224, 857, 6, '10:30:00', '13:00:00', 3, 'T'),
(227, 149, 6, '16:00:00', '18:30:00', 3, 'T'),
(228, 131, 1, '19:15:00', '21:30:00', 3, 'P'),
(229, 124, 2, '19:15:00', '20:45:00', 2, 'P'),
(230, 131, 2, '20:45:00', '22:15:00', 2, 'P'),
(231, 119, 3, '21:30:00', '23:00:00', 2, 'P'),
(232, 119, 4, '19:15:00', '20:45:00', 2, 'P'),
(233, 124, 4, '20:45:00', '23:00:00', 3, 'P'),
(234, 114, 1, '20:45:00', '22:15:00', 2, 'T'),
(235, 114, 2, '20:00:00', '22:15:00', 3, 'P'),
(236, 138, 3, '20:00:00', '23:00:00', 4, 'P'),
(237, 133, 4, '20:00:00', '22:15:00', 3, 'P'),
(238, 133, 5, '20:00:00', '22:15:00', 3, 'P'),
(239, 150, 1, '16:00:00', '18:30:00', 3, 'T'),
(240, 180, 1, '18:30:00', '20:45:00', 3, 'P'),
(241, 178, 1, '20:45:00', '22:15:00', 2, 'P'),
(243, 178, 2, '16:50:00', '18:30:00', 2, 'T'),
(244, 168, 2, '18:30:00', '20:45:00', 3, 'P'),
(245, 145, 2, '11:20:00', '13:00:00', 2, 'P'),
(246, 145, 3, '08:00:00', '09:40:00', 2, 'P'),
(247, 172, 3, '10:30:00', '13:00:00', 3, 'P'),
(248, 150, 3, '16:00:00', '18:30:00', 3, 'P'),
(249, 157, 3, '18:30:00', '20:45:00', 3, 'P'),
(250, 111, 3, '20:45:00', '22:15:00', 2, 'P'),
(251, 157, 4, '18:30:00', '20:45:00', 3, 'P'),
(252, 188, 4, '20:45:00', '22:15:00', 2, 'T'),
(253, 188, 5, '17:40:00', '18:30:00', 1, 'P'),
(254, 188, 5, '18:30:00', '19:15:00', 1, 'P'),
(255, 111, 5, '19:15:00', '20:45:00', 2, 'T'),
(256, 336, 1, '08:00:00', '09:40:00', 2, 'T'),
(257, 343, 1, '09:40:00', '11:20:00', 2, 'P'),
(258, 389, 1, '11:20:00', '13:00:00', 2, 'P'),
(259, 373, 3, '08:00:00', '10:30:00', 3, 'T'),
(260, 370, 3, '10:30:00', '13:00:00', 3, 'P'),
(261, 389, 4, '08:00:00', '09:40:00', 2, 'P'),
(262, 370, 4, '09:40:00', '11:20:00', 2, 'T'),
(263, 343, 5, '08:00:00', '09:40:00', 2, 'P'),
(264, 336, 5, '09:40:00', '11:20:00', 2, 'P'),
(267, 59, 2, '10:30:00', '13:00:00', 3, 'T'),
(268, 395, 2, '08:00:00', '10:30:00', 3, 'T'),
(269, 301, 2, '16:00:00', '18:30:00', 3, 'T'),
(271, 287, 4, '08:00:00', '10:30:00', 3, 'T'),
(272, 294, 4, '10:30:00', '13:00:00', 3, 'T'),
(273, 123, 1, '20:00:00', '22:15:00', 3, 'T'),
(274, 66, 4, '16:50:00', '18:30:00', 2, 'T'),
(275, 66, 4, '18:30:00', '19:15:00', 1, 'T'),
(276, 308, 2, '18:30:00', '20:45:00', 3, 'T'),
(277, 403, 4, '19:15:00', '21:30:00', 3, 'T'),
(278, 127, 1, '16:50:00', '18:30:00', 2, 'T'),
(279, 117, 1, '18:30:00', '20:00:00', 2, 'T'),
(281, 51, 1, '20:00:00', '22:15:00', 3, 'T'),
(282, 46, 2, '08:00:00', '10:30:00', 3, 'T'),
(283, 100, 2, '13:30:00', '16:00:00', 3, 'P'),
(284, 127, 2, '16:50:00', '18:30:00', 2, 'P'),
(285, 136, 2, '18:30:00', '20:00:00', 2, 'P'),
(287, 187, 2, '20:00:00', '21:30:00', 2, 'T'),
(288, 100, 3, '16:50:00', '18:30:00', 2, 'T'),
(289, 51, 3, '20:00:00', '22:15:00', 3, 'T'),
(291, 46, 4, '08:00:00', '10:30:00', 3, 'P'),
(292, 187, 4, '16:50:00', '18:30:00', 2, 'T'),
(293, 108, 4, '18:30:00', '20:45:00', 3, 'P'),
(294, 117, 5, '16:50:00', '18:30:00', 2, 'T'),
(295, 108, 5, '18:30:00', '20:00:00', 2, 'T'),
(296, 136, 5, '20:00:00', '21:30:00', 2, 'P'),
(297, 226, 1, '08:00:00', '10:30:00', 3, 'T'),
(298, 240, 1, '10:30:00', '13:00:00', 3, 'T'),
(300, 254, 1, '13:30:00', '16:00:00', 3, 'T'),
(301, 341, 2, '08:00:00', '10:30:00', 3, 'T'),
(302, 212, 2, '10:30:00', '13:00:00', 3, 'T'),
(303, 261, 2, '13:30:00', '16:00:00', 3, 'T'),
(304, 348, 3, '08:00:00', '10:30:00', 3, 'T'),
(305, 233, 3, '10:30:00', '13:00:00', 3, 'T'),
(306, 247, 3, '13:30:00', '16:00:00', 3, 'T'),
(307, 268, 3, '20:45:00', '23:00:00', 3, 'T'),
(308, 219, 4, '10:30:00', '13:00:00', 3, 'T'),
(309, 355, 4, '13:30:00', '16:00:00', 3, 'T'),
(310, 30, 5, '10:30:00', '13:00:00', 3, 'T'),
(311, 362, 5, '13:30:00', '16:00:00', 3, 'T'),
(312, 369, 5, '20:45:00', '23:00:00', 3, 'T'),
(313, 302, 1, '16:00:00', '17:40:00', 2, 'T'),
(314, 295, 1, '17:40:00', '18:30:00', 1, 'T'),
(315, 295, 1, '18:30:00', '19:15:00', 1, 'T'),
(316, 316, 1, '19:15:00', '20:45:00', 2, 'T'),
(317, 323, 2, '16:00:00', '17:40:00', 2, 'P'),
(318, 309, 2, '18:30:00', '20:00:00', 2, 'T'),
(319, 316, 3, '16:00:00', '17:40:00', 2, 'P'),
(322, 302, 4, '16:00:00', '18:30:00', 3, 'P'),
(323, 302, 4, '18:30:00', '19:15:00', 1, 'P'),
(324, 295, 5, '16:00:00', '18:30:00', 3, 'P'),
(325, 295, 5, '18:30:00', '19:15:00', 1, 'P'),
(326, 309, 3, '16:00:00', '18:30:00', 3, 'P'),
(329, 309, 3, '18:30:00', '20:45:00', 3, 'P'),
(330, 323, 5, '19:15:00', '20:45:00', 2, 'T'),
(331, 246, 2, '13:30:00', '16:00:00', 3, 'T'),
(332, 253, 2, '16:00:00', '18:30:00', 3, 'T'),
(333, 354, 4, '16:00:00', '18:30:00', 3, 'T'),
(335, 368, 4, '20:45:00', '23:00:00', 3, 'T'),
(336, 260, 5, '13:30:00', '16:00:00', 3, 'T'),
(337, 361, 5, '16:00:00', '18:30:00', 3, 'T'),
(338, 267, 5, '20:45:00', '23:00:00', 3, 'T'),
(339, 173, 1, '08:00:00', '09:40:00', 2, 'T'),
(340, 144, 1, '09:40:00', '11:20:00', 2, 'P'),
(341, 165, 1, '16:00:00', '18:30:00', 3, 'P'),
(342, 190, 1, '18:30:00', '20:00:00', 2, 'P'),
(343, 201, 1, '20:00:00', '21:30:00', 2, 'P'),
(344, 195, 1, '21:30:00', '23:00:00', 2, 'P'),
(345, 173, 2, '09:40:00', '11:20:00', 2, 'P'),
(346, 151, 2, '16:50:00', '18:30:00', 2, 'P'),
(347, 158, 2, '18:30:00', '21:30:00', 4, 'P'),
(348, 56, 3, '09:40:00', '11:20:00', 2, 'P'),
(349, 165, 3, '16:00:00', '17:40:00', 2, 'T'),
(350, 190, 3, '17:40:00', '18:30:00', 1, 'P'),
(351, 190, 3, '18:30:00', '19:15:00', 1, 'P'),
(352, 195, 3, '19:15:00', '20:45:00', 2, 'T'),
(353, 201, 3, '20:45:00', '22:15:00', 2, 'T'),
(354, 144, 4, '09:40:00', '11:20:00', 2, 'P'),
(355, 151, 4, '13:30:00', '15:10:00', 2, 'P'),
(356, 181, 4, '16:00:00', '17:40:00', 2, 'P'),
(357, 56, 5, '09:40:00', '11:20:00', 2, 'P'),
(358, 181, 5, '16:00:00', '17:40:00', 2, 'P'),
(359, 78, 1, '16:00:00', '18:30:00', 3, 'T'),
(360, 326, 1, '19:15:00', '21:30:00', 3, 'T'),
(361, 313, 2, '16:00:00', '18:30:00', 3, 'T'),
(362, 198, 2, '20:00:00', '22:15:00', 3, 'T'),
(363, 134, 3, '18:30:00', '20:45:00', 3, 'T'),
(364, 319, 4, '16:00:00', '18:30:00', 3, 'T'),
(365, 72, 4, '18:30:00', '20:45:00', 3, 'T'),
(366, 409, 5, '16:00:00', '18:30:00', 3, 'P'),
(367, 414, 5, '18:30:00', '20:45:00', 3, 'P'),
(368, 296, 1, '16:00:00', '17:40:00', 2, 'P'),
(369, 289, 2, '09:40:00', '11:20:00', 2, 'P'),
(370, 282, 2, '11:20:00', '13:00:00', 2, 'P'),
(372, 303, 2, '16:00:00', '17:40:00', 2, 'P'),
(374, 315, 3, '19:15:00', '20:45:00', 2, 'T'),
(375, 296, 4, '20:00:00', '21:30:00', 2, 'P'),
(376, 322, 5, '17:40:00', '18:30:00', 1, 'P'),
(377, 322, 5, '18:30:00', '19:15:00', 1, 'P'),
(378, 315, 2, '17:40:00', '18:30:00', 1, 'P'),
(379, 315, 2, '18:30:00', '19:15:00', 1, 'P'),
(380, 322, 2, '19:15:00', '20:45:00', 2, 'P'),
(381, 303, 3, '17:40:00', '18:30:00', 1, 'T'),
(382, 303, 3, '18:30:00', '19:15:00', 1, 'T'),
(383, 333, 1, '16:00:00', '17:40:00', 2, 'T'),
(384, 415, 1, '17:40:00', '18:30:00', 1, 'T'),
(385, 415, 1, '18:30:00', '19:15:00', 1, 'P'),
(386, 415, 2, '16:00:00', '17:40:00', 2, 'T'),
(387, 135, 2, '17:40:00', '18:30:00', 1, 'T'),
(388, 135, 2, '18:30:00', '19:15:00', 1, 'P'),
(389, 420, 3, '16:00:00', '17:40:00', 2, 'T'),
(390, 79, 3, '17:40:00', '18:30:00', 1, 'T'),
(391, 79, 3, '18:30:00', '19:15:00', 1, 'T'),
(392, 333, 4, '16:00:00', '17:40:00', 2, 'P'),
(393, 420, 4, '17:40:00', '18:30:00', 1, 'T'),
(394, 420, 4, '18:30:00', '19:15:00', 1, 'T'),
(395, 135, 5, '16:00:00', '17:40:00', 2, 'T'),
(396, 79, 5, '17:40:00', '18:30:00', 1, 'T'),
(397, 79, 5, '18:30:00', '19:15:00', 1, 'T'),
(398, 459, 1, '16:00:00', '17:40:00', 2, 'T'),
(399, 115, 1, '17:40:00', '18:30:00', 1, 'P'),
(400, 115, 1, '18:30:00', '19:15:00', 1, 'P'),
(401, 467, 1, '19:15:00', '20:45:00', 2, 'T'),
(402, 35, 1, '20:45:00', '22:15:00', 2, 'T'),
(403, 482, 2, '13:30:00', '16:00:00', 3, 'T'),
(404, 169, 2, '16:00:00', '17:40:00', 2, 'P'),
(405, 459, 2, '17:40:00', '18:30:00', 1, 'P'),
(406, 459, 2, '18:30:00', '19:15:00', 1, 'P'),
(407, 467, 2, '19:15:00', '20:45:00', 2, 'P'),
(408, 543, 3, '16:00:00', '17:40:00', 2, 'T'),
(409, 35, 3, '19:15:00', '20:45:00', 2, 'P'),
(410, 105, 3, '20:45:00', '23:00:00', 3, 'T'),
(411, 543, 4, '16:00:00', '18:30:00', 3, 'P'),
(412, 169, 4, '19:15:00', '21:30:00', 3, 'P'),
(414, 115, 5, '20:45:00', '22:15:00', 2, 'T'),
(415, 490, 5, '18:30:00', '20:45:00', 3, 'P'),
(416, 417, 1, '16:50:00', '18:30:00', 2, 'T'),
(417, 411, 1, '20:00:00', '21:30:00', 2, 'T'),
(418, 418, 3, '18:30:00', '20:45:00', 3, 'P'),
(419, 418, 4, '20:45:00', '22:15:00', 2, 'T'),
(420, 411, 5, '16:00:00', '18:30:00', 3, 'P'),
(421, 417, 5, '18:30:00', '20:45:00', 3, 'P'),
(422, 44, 1, '08:00:00', '10:30:00', 3, 'T'),
(423, 39, 1, '13:30:00', '16:00:00', 3, 'P'),
(424, 33, 1, '18:30:00', '20:45:00', 3, 'T'),
(425, 27, 2, '10:30:00', '13:00:00', 3, 'P'),
(426, 130, 2, '16:00:00', '17:40:00', 2, 'T'),
(427, 62, 2, '18:30:00', '20:00:00', 2, 'T'),
(429, 49, 2, '20:00:00', '22:15:00', 3, 'T'),
(430, 27, 3, '10:30:00', '13:00:00', 3, 'P'),
(431, 39, 3, '16:00:00', '18:30:00', 3, 'P'),
(432, 62, 3, '18:30:00', '20:00:00', 2, 'P'),
(433, 84, 3, '20:00:00', '22:15:00', 3, 'P'),
(434, 130, 4, '16:50:00', '18:30:00', 2, 'P'),
(435, 49, 4, '18:30:00', '20:45:00', 3, 'P'),
(436, 76, 4, '20:45:00', '22:15:00', 2, 'P'),
(437, 44, 5, '08:00:00', '10:30:00', 3, 'P'),
(438, 33, 5, '18:30:00', '20:45:00', 3, 'P'),
(439, 76, 5, '20:45:00', '22:15:00', 2, 'T'),
(440, 210, 1, '09:40:00', '11:20:00', 2, 'T'),
(441, 231, 1, '11:20:00', '13:00:00', 2, 'T'),
(442, 245, 1, '15:10:00', '16:50:00', 2, 'P'),
(443, 245, 1, '16:50:00', '18:30:00', 2, 'P'),
(444, 345, 2, '08:00:00', '09:40:00', 2, 'T'),
(445, 231, 2, '09:40:00', '11:20:00', 2, 'P'),
(446, 231, 2, '11:20:00', '13:00:00', 2, 'P'),
(447, 252, 2, '13:30:00', '15:10:00', 2, 'T'),
(448, 277, 2, '16:00:00', '17:40:00', 2, 'T'),
(449, 238, 3, '08:00:00', '09:40:00', 2, 'P'),
(450, 238, 3, '09:40:00', '11:20:00', 2, 'P'),
(451, 252, 3, '13:30:00', '15:10:00', 2, 'P'),
(452, 252, 3, '15:10:00', '16:50:00', 2, 'P'),
(453, 277, 3, '16:50:00', '18:30:00', 2, 'P'),
(455, 345, 4, '10:30:00', '13:00:00', 3, 'P'),
(456, 245, 4, '16:50:00', '18:30:00', 2, 'T'),
(459, 339, 4, '08:00:00', '10:30:00', 3, 'T'),
(460, 210, 5, '08:00:00', '09:40:00', 2, 'P'),
(461, 210, 5, '09:40:00', '11:20:00', 2, 'P'),
(462, 238, 5, '11:20:00', '13:00:00', 2, 'T'),
(463, 266, 2, '20:45:00', '22:15:00', 2, 'T'),
(464, 266, 5, '18:30:00', '20:45:00', 3, 'P'),
(465, 200, 3, '16:00:00', '17:40:00', 2, 'P'),
(466, 81, 3, '17:40:00', '18:30:00', 1, 'P'),
(467, 81, 3, '18:30:00', '19:15:00', 1, 'P'),
(468, 77, 3, '19:15:00', '20:45:00', 2, 'T'),
(469, 71, 3, '20:45:00', '22:15:00', 2, 'T'),
(470, 81, 4, '16:00:00', '17:40:00', 2, 'P'),
(471, 77, 4, '17:40:00', '18:30:00', 1, 'P'),
(472, 77, 4, '18:30:00', '19:15:00', 1, 'P'),
(473, 197, 4, '19:15:00', '21:30:00', 3, 'P'),
(474, 71, 5, '16:00:00', '18:30:00', 3, 'P'),
(475, 189, 5, '19:15:00', '21:30:00', 3, 'P'),
(476, 200, 5, '21:30:00', '23:00:00', 2, 'T'),
(477, 220, 1, '10:30:00', '11:20:00', 1, 'T'),
(478, 271, 1, '11:20:00', '13:00:00', 2, 'P'),
(479, 271, 2, '09:40:00', '11:20:00', 2, 'T'),
(480, 338, 2, '11:20:00', '13:00:00', 2, 'T'),
(481, 338, 3, '08:00:00', '10:30:00', 3, 'P'),
(482, 346, 3, '10:30:00', '13:00:00', 3, 'T'),
(483, 206, 4, '08:00:00', '10:30:00', 3, 'T'),
(484, 220, 4, '11:20:00', '13:00:00', 2, 'T'),
(485, 213, 5, '08:00:00', '10:30:00', 3, 'T'),
(486, 258, 3, '14:20:00', '16:00:00', 2, 'P'),
(487, 251, 3, '16:50:00', '18:30:00', 2, 'T'),
(488, 258, 4, '13:30:00', '15:10:00', 2, 'T'),
(489, 244, 4, '15:10:00', '16:50:00', 2, 'P'),
(490, 244, 5, '13:30:00', '15:10:00', 2, 'P'),
(491, 251, 5, '15:10:00', '16:50:00', 2, 'P'),
(492, 204, 1, '16:50:00', '18:30:00', 2, 'T'),
(493, 85, 2, '19:15:00', '20:45:00', 2, 'T'),
(494, 204, 3, '19:15:00', '20:45:00', 2, 'P'),
(495, 199, 4, '16:00:00', '17:40:00', 2, 'T'),
(496, 141, 4, '17:40:00', '18:30:00', 1, 'T'),
(497, 141, 4, '18:30:00', '19:15:00', 1, 'T'),
(498, 85, 4, '19:15:00', '20:45:00', 2, 'T'),
(499, 141, 5, '16:50:00', '18:30:00', 2, 'T'),
(500, 199, 5, '19:15:00', '20:45:00', 2, 'T'),
(501, 218, 1, '08:00:00', '10:30:00', 3, 'T'),
(502, 340, 1, '10:30:00', '13:00:00', 3, 'T'),
(503, 132, 1, '16:00:00', '18:30:00', 3, 'T'),
(504, 140, 1, '20:00:00', '22:15:00', 3, 'T'),
(505, 528, 2, '15:10:00', '16:50:00', 2, 'P'),
(506, 565, 2, '16:50:00', '18:30:00', 2, 'T'),
(507, 535, 2, '18:30:00', '20:00:00', 2, 'T'),
(509, 103, 2, '20:45:00', '23:00:00', 3, 'T'),
(510, 87, 3, '10:30:00', '13:00:00', 3, 'T'),
(511, 132, 3, '16:50:00', '18:30:00', 2, 'T'),
(512, 535, 3, '21:30:00', '23:00:00', 2, 'P'),
(513, 521, 4, '09:40:00', '11:20:00', 2, 'P'),
(514, 528, 4, '13:30:00', '15:10:00', 2, 'P'),
(515, 128, 4, '16:00:00', '18:30:00', 3, 'T'),
(516, 521, 5, '10:30:00', '12:10:00', 2, 'T'),
(517, 95, 5, '13:30:00', '16:00:00', 3, 'T'),
(518, 128, 5, '16:00:00', '18:30:00', 3, 'P'),
(519, 565, 5, '18:30:00', '20:45:00', 3, 'P'),
(520, 26, 1, '08:00:00', '10:30:00', 3, 'P'),
(521, 92, 1, '10:30:00', '13:00:00', 3, 'P'),
(522, 137, 1, '16:00:00', '18:30:00', 3, 'P'),
(523, 161, 1, '18:30:00', '20:00:00', 2, 'T'),
(524, 68, 1, '20:45:00', '22:15:00', 2, 'P'),
(525, 147, 2, '08:00:00', '09:40:00', 2, 'T'),
(526, 68, 2, '16:00:00', '17:40:00', 2, 'T'),
(527, 113, 2, '17:40:00', '18:30:00', 1, 'P'),
(528, 113, 2, '18:30:00', '19:15:00', 1, 'P'),
(529, 118, 2, '19:15:00', '21:30:00', 3, 'P'),
(530, 74, 2, '21:30:00', '23:00:00', 2, 'T'),
(531, 26, 3, '08:00:00', '10:30:00', 3, 'P'),
(532, 83, 3, '16:00:00', '17:40:00', 2, 'P'),
(533, 118, 3, '20:00:00', '21:30:00', 2, 'T'),
(534, 88, 4, '08:00:00', '09:40:00', 2, 'P'),
(535, 92, 4, '09:40:00', '11:20:00', 2, 'T'),
(536, 147, 4, '11:20:00', '13:00:00', 2, 'T'),
(537, 96, 4, '14:20:00', '16:00:00', 2, 'P'),
(538, 137, 4, '16:00:00', '17:40:00', 2, 'T'),
(539, 113, 4, '17:40:00', '18:30:00', 1, 'P'),
(540, 113, 4, '18:30:00', '19:15:00', 1, 'P'),
(541, 74, 4, '19:15:00', '20:45:00', 2, 'P'),
(542, 104, 4, '20:45:00', '22:15:00', 2, 'T'),
(543, 88, 5, '11:20:00', '13:00:00', 2, 'P'),
(544, 96, 5, '16:50:00', '18:30:00', 2, 'P'),
(546, 83, 5, '18:30:00', '20:00:00', 2, 'P'),
(547, 104, 5, '20:00:00', '21:30:00', 2, 'P'),
(548, 161, 5, '21:30:00', '23:00:00', 2, 'T'),
(549, 28, 1, '10:30:00', '13:00:00', 3, 'P'),
(550, 82, 1, '18:30:00', '20:00:00', 2, 'T'),
(551, 387, 1, '20:00:00', '22:15:00', 3, 'T'),
(552, 40, 2, '16:00:00', '18:30:00', 3, 'P'),
(553, 34, 2, '18:30:00', '20:45:00', 3, 'T'),
(554, 898, 3, '10:30:00', '13:00:00', 3, 'T'),
(555, 52, 3, '17:40:00', '18:30:00', 1, 'T'),
(557, 381, 3, '20:00:00', '22:15:00', 3, 'T'),
(558, 52, 3, '18:30:00', '20:00:00', 2, 'T'),
(559, 375, 5, '10:30:00', '13:00:00', 3, 'T'),
(560, 280, 5, '17:40:00', '18:30:00', 1, 'T'),
(561, 280, 5, '18:30:00', '20:00:00', 2, 'T'),
(562, 82, 5, '20:00:00', '22:15:00', 3, 'P'),
(563, 28, 4, '10:30:00', '13:00:00', 3, 'P'),
(564, 40, 4, '16:00:00', '18:30:00', 3, 'P'),
(565, 34, 4, '18:30:00', '20:45:00', 3, 'P'),
(566, 344, 1, '11:20:00', '13:00:00', 2, 'T'),
(568, 344, 2, '09:40:00', '12:10:00', 3, 'P'),
(569, 360, 2, '13:30:00', '16:00:00', 3, 'T'),
(570, 269, 4, '08:00:00', '10:30:00', 3, 'P'),
(571, 337, 4, '10:30:00', '13:00:00', 3, 'P'),
(572, 337, 5, '08:00:00', '09:40:00', 2, 'P'),
(573, 227, 5, '10:30:00', '13:00:00', 3, 'T'),
(574, 234, 6, '08:00:00', '10:30:00', 3, 'T'),
(575, 269, 2, '08:00:00', '09:40:00', 2, 'T'),
(576, 416, 1, '18:30:00', '20:45:00', 3, 'P'),
(577, 399, 1, '21:30:00', '23:00:00', 2, 'P'),
(578, 419, 2, '18:30:00', '20:45:00', 3, 'P'),
(579, 408, 2, '20:45:00', '22:15:00', 2, 'T'),
(580, 412, 3, '18:30:00', '20:45:00', 3, 'P'),
(581, 419, 3, '20:45:00', '22:15:00', 2, 'P'),
(582, 416, 4, '19:15:00', '20:45:00', 2, 'T'),
(583, 399, 4, '21:30:00', '23:00:00', 2, 'T'),
(584, 408, 5, '18:30:00', '20:45:00', 3, 'P'),
(585, 412, 5, '20:45:00', '22:15:00', 2, 'P'),
(586, 684, 6, '08:00:00', '12:10:00', 5, 'P'),
(587, 699, 6, '12:10:00', '13:00:00', 1, 'P'),
(589, 697, 6, '18:30:00', '20:00:00', 2, 'P'),
(590, 697, 6, '20:00:00', '21:30:00', 2, ''),
(592, 109, 1, '20:45:00', '23:00:00', 3, 'T'),
(593, 101, 4, '16:00:00', '18:30:00', 3, 'T'),
(594, 37, 1, '16:00:00', '18:30:00', 3, 'T'),
(595, 31, 2, '20:45:00', '23:00:00', 3, 'T'),
(596, 162, 3, '20:45:00', '23:00:00', 3, 'T'),
(597, 155, 5, '16:00:00', '18:30:00', 3, 'T'),
(598, 653, 1, '20:00:00', '21:30:00', 2, 'T'),
(599, 679, 2, '18:30:00', '20:45:00', 3, 'P'),
(600, 653, 3, '18:30:00', '20:45:00', 3, 'P'),
(601, 679, 3, '20:45:00', '22:15:00', 2, 'P'),
(602, 652, 4, '19:15:00', '20:45:00', 2, 'P'),
(603, 652, 5, '20:00:00', '21:30:00', 2, 'P'),
(604, 473, 1, '08:00:00', '10:30:00', 3, 'P'),
(605, 501, 1, '16:00:00', '17:40:00', 2, 'T'),
(606, 447, 1, '18:30:00', '20:00:00', 2, 'T'),
(607, 517, 1, '20:00:00', '21:30:00', 2, 'T'),
(608, 456, 2, '16:00:00', '18:30:00', 3, 'T'),
(609, 553, 2, '20:00:00', '22:15:00', 3, 'T'),
(613, 501, 3, '16:00:00', '17:40:00', 2, 'P'),
(614, 456, 3, '20:00:00', '22:15:00', 3, 'P'),
(615, 148, 3, '10:30:00', '13:00:00', 3, 'T'),
(616, 25, 4, '08:00:00', '10:30:00', 3, 'T'),
(617, 232, 4, '10:30:00', '13:00:00', 3, 'T'),
(618, 511, 4, '16:00:00', '17:40:00', 2, 'T'),
(619, 517, 4, '20:00:00', '22:15:00', 3, 'P'),
(620, 239, 5, '08:00:00', '10:30:00', 3, 'T'),
(621, 347, 5, '10:30:00', '13:00:00', 3, 'T'),
(622, 511, 5, '16:00:00', '17:40:00', 2, 'P'),
(623, 447, 5, '18:30:00', '21:30:00', 4, 'P'),
(624, 612, 1, '20:45:00', '23:00:00', 3, 'P'),
(627, 627, 2, '17:40:00', '18:30:00', 1, 'P'),
(629, 627, 2, '18:30:00', '20:00:00', 2, 'P'),
(630, 605, 2, '20:00:00', '21:30:00', 2, 'P'),
(631, 627, 3, '18:30:00', '20:00:00', 2, 'T'),
(632, 605, 3, '20:45:00', '23:00:00', 3, 'P'),
(633, 612, 4, '20:00:00', '21:30:00', 2, 'P'),
(634, 571, 1, '08:00:00', '10:30:00', 3, 'P'),
(635, 646, 1, '18:30:00', '20:00:00', 2, 'T'),
(636, 646, 2, '18:30:00', '20:00:00', 2, 'P'),
(637, 578, 3, '08:00:00', '10:30:00', 3, 'P'),
(638, 629, 4, '20:45:00', '23:00:00', 3, 'T'),
(639, 585, 5, '10:30:00', '12:10:00', 2, 'P'),
(640, 585, 3, '07:00:00', '07:50:00', 1, 'T'),
(641, 522, 3, '08:00:00', '09:40:00', 2, 'T'),
(642, 93, 3, '10:30:00', '13:00:00', 3, 'T'),
(643, 562, 3, '16:00:00', '17:40:00', 2, 'T'),
(644, 563, 3, '17:40:00', '18:30:00', 1, 'P'),
(645, 563, 3, '18:30:00', '19:15:00', 1, 'P'),
(646, 564, 3, '19:15:00', '20:45:00', 2, 'P'),
(647, 550, 3, '20:45:00', '22:15:00', 2, 'P'),
(648, 522, 4, '08:00:00', '09:40:00', 2, 'P'),
(649, 552, 4, '16:00:00', '18:30:00', 3, 'P'),
(650, 562, 4, '18:30:00', '20:00:00', 2, 'P'),
(651, 563, 4, '20:00:00', '21:30:00', 2, 'P'),
(653, 550, 5, '18:30:00', '20:00:00', 2, 'T'),
(654, 549, 5, '16:00:00', '18:30:00', 3, 'P'),
(655, 564, 6, '16:00:00', '18:30:00', 3, 'P'),
(656, 622, 1, '08:00:00', '09:40:00', 2, 'T'),
(657, 674, 1, '09:40:00', '12:10:00', 3, 'T'),
(658, 628, 1, '16:00:00', '17:40:00', 2, 'P'),
(659, 638, 1, '17:40:00', '18:30:00', 1, 'P'),
(660, 638, 1, '18:30:00', '19:15:00', 1, 'P'),
(661, 622, 2, '08:00:00', '09:40:00', 2, 'P'),
(663, 631, 2, '09:40:00', '13:00:00', 4, 'P'),
(664, 638, 2, '17:40:00', '18:30:00', 1, 'P'),
(665, 638, 2, '18:30:00', '19:15:00', 1, 'P'),
(666, 628, 2, '20:45:00', '22:15:00', 2, 'T'),
(667, 680, 1, '21:30:00', '23:00:00', 2, 'T'),
(668, 673, 2, '09:40:00', '11:20:00', 2, 'T'),
(669, 659, 2, '11:20:00', '13:00:00', 2, 'T'),
(670, 666, 3, '16:00:00', '18:30:00', 3, 'P'),
(671, 680, 3, '18:30:00', '20:45:00', 3, 'P'),
(672, 659, 5, '08:00:00', '10:30:00', 3, 'P'),
(673, 673, 5, '10:30:00', '13:00:00', 3, 'P'),
(674, 666, 5, '16:50:00', '18:30:00', 2, 'T'),
(676, 512, 1, '16:00:00', '17:40:00', 2, 'T'),
(677, 512, 2, '16:00:00', '18:30:00', 3, 'P'),
(678, 512, 2, '18:30:00', '19:15:00', 1, 'P'),
(679, 510, 3, '20:00:00', '22:15:00', 3, 'T'),
(680, 474, 4, '10:30:00', '13:00:00', 3, 'T'),
(681, 502, 4, '16:00:00', '17:40:00', 2, 'P'),
(682, 502, 5, '16:00:00', '18:30:00', 3, 'P'),
(683, 573, 2, '08:00:00', '09:40:00', 2, 'P'),
(684, 580, 2, '09:40:00', '13:00:00', 4, 'P'),
(685, 594, 2, '13:30:00', '15:10:00', 2, 'T'),
(686, 647, 2, '16:50:00', '18:30:00', 2, 'T'),
(687, 615, 2, '18:30:00', '21:30:00', 4, 'P'),
(688, 573, 4, '08:00:00', '11:20:00', 4, 'P'),
(689, 580, 4, '11:20:00', '13:00:00', 2, 'P'),
(690, 594, 4, '13:30:00', '16:50:00', 4, 'P'),
(692, 615, 4, '21:30:00', '23:00:00', 2, 'P'),
(693, 647, 5, '16:00:00', '17:40:00', 2, 'P'),
(694, 665, 1, '16:00:00', '18:30:00', 3, 'P'),
(695, 637, 1, '19:15:00', '20:45:00', 2, 'P'),
(696, 644, 1, '20:45:00', '22:15:00', 2, 'T'),
(697, 665, 2, '14:20:00', '16:00:00', 2, 'T'),
(698, 637, 3, '16:00:00', '18:30:00', 3, 'P'),
(699, 637, 3, '18:30:00', '19:15:00', 1, 'P'),
(700, 644, 4, '16:00:00', '18:30:00', 3, 'P'),
(701, 644, 4, '18:30:00', '19:15:00', 1, 'P'),
(702, 527, 1, '15:10:00', '16:50:00', 2, 'T'),
(703, 432, 1, '16:50:00', '18:30:00', 2, 'T'),
(704, 504, 1, '18:30:00', '20:00:00', 2, 'P'),
(705, 537, 1, '21:30:00', '23:00:00', 2, 'T'),
(706, 481, 2, '16:00:00', '18:30:00', 3, 'P'),
(707, 504, 2, '19:15:00', '20:45:00', 2, 'P'),
(708, 537, 2, '21:30:00', '23:00:00', 2, 'P'),
(710, 551, 3, '18:30:00', '20:45:00', 3, 'P'),
(712, 527, 4, '15:10:00', '18:30:00', 4, 'P'),
(713, 449, 3, '21:30:00', '23:00:00', 2, 'T'),
(714, 432, 3, '16:50:00', '18:30:00', 2, 'P'),
(715, 449, 4, '21:30:00', '23:00:00', 2, 'P'),
(716, 489, 4, '18:30:00', '20:45:00', 3, 'P'),
(717, 463, 1, '17:40:00', '18:30:00', 1, 'T'),
(718, 463, 1, '18:30:00', '20:00:00', 2, 'T'),
(719, 654, 2, '16:00:00', '18:30:00', 3, 'T'),
(720, 518, 2, '20:00:00', '22:15:00', 3, 'T'),
(721, 513, 3, '16:00:00', '18:30:00', 3, 'T'),
(722, 567, 4, '16:00:00', '18:30:00', 3, 'T'),
(723, 469, 4, '19:15:00', '21:30:00', 3, 'T'),
(724, 648, 5, '18:30:00', '20:45:00', 3, 'T'),
(725, 671, 1, '08:00:00', '09:40:00', 2, 'P'),
(726, 664, 1, '13:30:00', '15:10:00', 2, 'P'),
(727, 678, 1, '20:00:00', '21:30:00', 2, 'P'),
(728, 657, 2, '08:00:00', '09:40:00', 2, 'P'),
(729, 671, 2, '11:20:00', '13:00:00', 2, 'P'),
(730, 657, 3, '08:00:00', '09:40:00', 2, 'T'),
(732, 911, 5, '08:00:00', '10:30:00', 3, 'T'),
(733, 664, 5, '13:30:00', '15:10:00', 2, 'T'),
(734, 678, 5, '18:30:00', '20:00:00', 2, 'P'),
(735, 541, 1, '20:00:00', '22:15:00', 3, 'T'),
(736, 444, 2, '18:30:00', '20:45:00', 3, 'T'),
(737, 711, 2, '20:45:00', '23:00:00', 3, 'T'),
(738, 457, 3, '18:30:00', '20:45:00', 3, 'T'),
(739, 785, 4, '18:30:00', '20:45:00', 3, 'T'),
(740, 554, 5, '20:00:00', '22:15:00', 3, 'T'),
(742, 703, 4, '08:00:00', '10:30:00', 3, 'T'),
(743, 636, 6, '08:00:00', '10:30:00', 3, 'T'),
(744, 643, 6, '16:00:00', '18:30:00', 3, 'T'),
(745, 425, 1, '08:00:00', '09:40:00', 2, 'T'),
(746, 431, 1, '13:30:00', '15:10:00', 2, 'T'),
(747, 497, 1, '18:30:00', '20:00:00', 2, 'T'),
(748, 503, 1, '20:00:00', '21:30:00', 2, 'T'),
(749, 472, 2, '08:50:00', '10:30:00', 2, 'P'),
(750, 431, 2, '13:30:00', '16:50:00', 4, 'P'),
(751, 488, 2, '18:30:00', '20:00:00', 2, 'P'),
(752, 508, 2, '20:00:00', '21:30:00', 2, 'T'),
(753, 472, 3, '08:50:00', '10:30:00', 2, 'P'),
(754, 488, 3, '18:30:00', '20:00:00', 2, 'T'),
(755, 516, 3, '20:00:00', '22:15:00', 3, 'P'),
(756, 425, 4, '08:00:00', '11:20:00', 4, 'P'),
(757, 480, 4, '14:20:00', '16:00:00', 2, 'P'),
(758, 497, 4, '18:30:00', '20:00:00', 2, 'P'),
(759, 508, 4, '20:00:00', '22:15:00', 3, 'P'),
(760, 480, 5, '14:20:00', '16:00:00', 2, 'T'),
(761, 503, 5, '18:30:00', '20:00:00', 2, 'P'),
(762, 516, 5, '20:00:00', '21:30:00', 2, 'T'),
(763, 587, 1, '08:00:00', '09:40:00', 2, 'P'),
(764, 620, 1, '09:40:00', '11:20:00', 2, 'T'),
(765, 586, 1, '11:20:00', '13:00:00', 2, 'P'),
(766, 614, 1, '18:30:00', '20:00:00', 2, 'P'),
(768, 579, 2, '08:00:00', '09:40:00', 2, 'P'),
(769, 620, 2, '09:40:00', '11:20:00', 2, 'P'),
(770, 600, 2, '13:30:00', '15:10:00', 2, 'T'),
(771, 626, 2, '16:00:00', '17:40:00', 2, 'P'),
(773, 614, 2, '21:30:00', '23:00:00', 2, 'T'),
(774, 587, 3, '08:00:00', '11:20:00', 4, 'P'),
(775, 572, 3, '11:20:00', '13:00:00', 2, 'P'),
(776, 593, 3, '14:20:00', '16:00:00', 2, 'T'),
(777, 626, 3, '16:00:00', '17:40:00', 2, 'T'),
(778, 586, 4, '08:00:00', '09:40:00', 2, 'P'),
(779, 579, 4, '09:40:00', '11:20:00', 2, 'P'),
(780, 572, 4, '11:20:00', '13:00:00', 2, 'T'),
(781, 600, 4, '15:10:00', '16:50:00', 2, 'P'),
(782, 593, 4, '16:50:00', '18:30:00', 2, 'P'),
(783, 715, 1, '16:00:00', '18:30:00', 3, 'P'),
(784, 719, 1, '18:30:00', '20:45:00', 3, 'P'),
(786, 707, 3, '18:30:00', '20:00:00', 2, 'P'),
(787, 385, 3, '20:00:00', '22:15:00', 3, 'T'),
(788, 715, 4, '16:00:00', '17:40:00', 2, 'T'),
(789, 707, 4, '18:30:00', '20:00:00', 2, 'T'),
(790, 379, 4, '20:00:00', '22:15:00', 3, 'T'),
(791, 719, 5, '16:50:00', '18:30:00', 2, 'T'),
(792, 709, 5, '20:00:00', '22:15:00', 3, 'T'),
(793, 523, 1, '11:20:00', '13:00:00', 2, 'P'),
(794, 850, 1, '19:15:00', '21:30:00', 3, 'T'),
(795, 426, 2, '11:20:00', '13:00:00', 2, 'P'),
(796, 530, 2, '13:30:00', '15:10:00', 2, 'P'),
(797, 426, 3, '09:40:00', '11:20:00', 2, 'T'),
(798, 530, 3, '13:30:00', '15:10:00', 2, 'T'),
(799, 937, 3, '16:00:00', '18:30:00', 3, 'T'),
(800, 523, 4, '11:20:00', '13:00:00', 2, 'T'),
(801, 779, 5, '18:30:00', '20:45:00', 3, 'T'),
(802, 394, 1, '08:00:00', '10:30:00', 3, 'T'),
(803, 65, 1, '16:00:00', '18:30:00', 3, 'T'),
(804, 514, 1, '18:30:00', '20:00:00', 2, 'T'),
(805, 446, 1, '20:00:00', '23:00:00', 4, 'P'),
(806, 58, 2, '08:00:00', '10:30:00', 3, 'T'),
(807, 402, 2, '17:40:00', '18:30:00', 1, 'T'),
(808, 402, 2, '18:30:00', '20:00:00', 2, 'T'),
(809, 642, 2, '20:00:00', '22:15:00', 3, 'T'),
(810, 300, 3, '19:15:00', '21:30:00', 3, 'T'),
(811, 635, 4, '08:00:00', '10:30:00', 3, 'T'),
(812, 514, 4, '16:00:00', '17:40:00', 2, 'P'),
(813, 461, 4, '18:30:00', '20:00:00', 2, 'P'),
(814, 702, 5, '08:00:00', '10:30:00', 3, 'T'),
(815, 422, 5, '10:30:00', '13:00:00', 3, 'T'),
(816, 461, 5, '16:00:00', '17:40:00', 2, 'T'),
(817, 710, 5, '17:40:00', '18:30:00', 1, 'T'),
(818, 710, 5, '18:30:00', '20:00:00', 2, 'T'),
(819, 446, 5, '21:30:00', '23:00:00', 2, 'T'),
(820, 696, 1, '10:30:00', '12:10:00', 2, 'P'),
(821, 591, 1, '13:30:00', '16:00:00', 3, 'P'),
(822, 696, 3, '08:00:00', '09:40:00', 2, 'P'),
(823, 598, 3, '13:30:00', '16:00:00', 3, 'P'),
(824, 577, 4, '08:00:00', '09:40:00', 2, 'P'),
(826, 577, 5, '08:00:00', '10:30:00', 3, 'P'),
(827, 641, 4, '21:30:00', '23:00:00', 2, 'P'),
(828, 591, 5, '14:20:00', '16:00:00', 2, 'T'),
(829, 641, 5, '20:45:00', '22:15:00', 2, 'P'),
(830, 904, 2, '17:40:00', '18:30:00', 1, 'T'),
(831, 904, 2, '18:30:00', '20:00:00', 2, 'T'),
(832, 500, 3, '18:30:00', '20:45:00', 3, 'T'),
(833, 918, 4, '19:15:00', '21:30:00', 3, 'T'),
(834, 753, 5, '16:00:00', '18:30:00', 3, 'T'),
(835, 507, 5, '20:00:00', '22:15:00', 3, 'T'),
(836, 760, 1, '16:00:00', '17:40:00', 2, 'T'),
(837, 568, 1, '17:40:00', '18:30:00', 1, 'T'),
(838, 568, 1, '18:30:00', '19:15:00', 1, 'T'),
(839, 470, 2, '16:00:00', '17:40:00', 2, 'T'),
(840, 519, 2, '18:30:00', '20:00:00', 2, 'T'),
(841, 849, 3, '19:15:00', '20:45:00', 2, 'P'),
(842, 655, 3, '20:45:00', '22:15:00', 2, 'T'),
(843, 849, 4, '16:00:00', '17:40:00', 2, 'T'),
(844, 519, 4, '18:30:00', '20:00:00', 2, 'T'),
(845, 655, 4, '20:45:00', '22:15:00', 2, 'T'),
(846, 568, 5, '16:00:00', '17:40:00', 2, 'T'),
(847, 760, 5, '17:40:00', '18:30:00', 1, 'T'),
(848, 760, 5, '18:30:00', '19:15:00', 1, 'T'),
(849, 470, 5, '19:15:00', '20:45:00', 2, 'T'),
(850, 520, 1, '09:40:00', '11:20:00', 2, 'T'),
(851, 442, 1, '17:40:00', '18:30:00', 1, 'T'),
(853, 442, 1, '18:30:00', '19:15:00', 1, 'T'),
(854, 454, 1, '19:15:00', '20:45:00', 2, 'P'),
(855, 547, 1, '20:45:00', '22:15:00', 2, 'T'),
(856, 534, 2, '20:00:00', '21:30:00', 2, 'T'),
(857, 520, 3, '09:40:00', '13:00:00', 4, 'P'),
(858, 547, 3, '16:50:00', '18:30:00', 2, 'T'),
(859, 542, 3, '18:30:00', '20:00:00', 2, 'T'),
(860, 442, 3, '20:00:00', '21:30:00', 2, 'P'),
(862, 454, 5, '18:30:00', '20:00:00', 2, 'P'),
(863, 542, 5, '20:00:00', '22:15:00', 3, 'P'),
(864, 534, 4, '20:00:00', '23:00:00', 4, 'P'),
(865, 575, 1, '10:30:00', '13:00:00', 3, 'T'),
(866, 156, 1, '13:30:00', '16:00:00', 3, 'T'),
(867, 596, 1, '16:00:00', '18:30:00', 3, 'T'),
(868, 589, 2, '10:30:00', '13:00:00', 3, 'T'),
(869, 683, 2, '20:45:00', '23:00:00', 3, 'T'),
(870, 676, 3, '10:30:00', '13:00:00', 3, 'T'),
(871, 662, 4, '10:30:00', '13:00:00', 3, 'T'),
(872, 42, 4, '13:30:00', '16:00:00', 3, 'T'),
(873, 433, 4, '16:00:00', '18:30:00', 3, 'T'),
(874, 494, 4, '20:45:00', '23:00:00', 3, 'T'),
(875, 526, 5, '08:00:00', '10:30:00', 3, 'T'),
(876, 478, 5, '10:30:00', '13:00:00', 3, 'T'),
(877, 533, 5, '13:30:00', '16:00:00', 3, 'T'),
(878, 486, 5, '16:00:00', '18:30:00', 3, 'T'),
(880, 617, 5, '18:30:00', '20:45:00', 3, 'T'),
(881, 610, 5, '20:45:00', '23:00:00', 3, 'T'),
(882, 827, 1, '16:50:00', '18:30:00', 2, 'T'),
(883, 531, 2, '16:50:00', '18:30:00', 2, 'P'),
(884, 460, 2, '19:15:00', '20:45:00', 2, 'T'),
(885, 531, 3, '15:10:00', '16:50:00', 2, 'T'),
(886, 538, 3, '18:30:00', '20:00:00', 2, 'T'),
(887, 460, 4, '16:00:00', '17:40:00', 2, 'P'),
(888, 538, 4, '18:30:00', '20:00:00', 2, 'P'),
(889, 827, 5, '16:50:00', '18:30:00', 2, 'P'),
(890, 831, 1, '21:30:00', '23:00:00', 2, 'T'),
(891, 789, 2, '20:00:00', '22:15:00', 3, 'P'),
(892, 817, 3, '08:00:00', '09:40:00', 2, 'T'),
(893, 840, 3, '09:40:00', '11:20:00', 2, 'T'),
(894, 817, 4, '08:00:00', '09:40:00', 2, 'P'),
(895, 840, 4, '09:40:00', '11:20:00', 2, 'P'),
(896, 831, 5, '20:00:00', '21:30:00', 2, 'P'),
(897, 762, 1, '08:00:00', '09:40:00', 2, 'T'),
(898, 791, 2, '18:30:00', '20:00:00', 2, 'T'),
(899, 777, 2, '20:45:00', '23:00:00', 3, 'T'),
(900, 765, 3, '10:30:00', '13:00:00', 3, 'T'),
(901, 762, 4, '10:30:00', '12:10:00', 2, 'P'),
(902, 791, 4, '17:40:00', '18:30:00', 1, 'P'),
(903, 791, 4, '18:30:00', '19:15:00', 1, 'P'),
(904, 858, 5, '08:00:00', '10:30:00', 3, 'T'),
(905, 851, 5, '10:30:00', '13:00:00', 3, 'T'),
(906, 879, 5, '13:30:00', '16:00:00', 3, 'T'),
(907, 872, 5, '16:00:00', '18:30:00', 3, 'T'),
(908, 886, 5, '18:30:00', '20:45:00', 3, 'T'),
(909, 841, 1, '08:00:00', '10:30:00', 3, 'P'),
(910, 818, 1, '11:20:00', '13:00:00', 2, 'T'),
(911, 750, 1, '16:00:00', '17:40:00', 2, 'T'),
(912, 758, 1, '17:40:00', '18:30:00', 1, 'T'),
(913, 758, 1, '18:30:00', '19:15:00', 1, 'T'),
(914, 838, 2, '08:00:00', '10:30:00', 3, 'T'),
(915, 818, 2, '11:20:00', '13:00:00', 2, 'P'),
(916, 750, 2, '19:15:00', '20:45:00', 2, 'P'),
(918, 825, 3, '13:30:00', '15:10:00', 2, 'T'),
(919, 758, 3, '16:00:00', '17:40:00', 2, 'P'),
(920, 845, 2, '21:30:00', '23:00:00', 2, 'T'),
(921, 832, 3, '18:30:00', '20:00:00', 2, 'T'),
(922, 825, 4, '13:30:00', '15:10:00', 2, 'P'),
(923, 787, 4, '16:00:00', '17:40:00', 2, 'T'),
(924, 832, 4, '18:30:00', '20:00:00', 2, 'P'),
(925, 787, 5, '16:00:00', '18:30:00', 3, 'P'),
(926, 845, 5, '19:15:00', '22:15:00', 4, 'P'),
(927, 861, 1, '08:00:00', '09:40:00', 2, 'T'),
(928, 819, 1, '09:40:00', '11:20:00', 2, 'T'),
(929, 833, 1, '20:00:00', '21:30:00', 2, 'P'),
(930, 861, 2, '08:00:00', '09:40:00', 2, 'P'),
(931, 728, 2, '11:20:00', '13:00:00', 2, 'P'),
(932, 740, 2, '18:30:00', '20:00:00', 2, 'P'),
(933, 854, 3, '08:00:00', '09:40:00', 2, 'P'),
(934, 728, 3, '09:40:00', '11:20:00', 2, 'T'),
(935, 868, 3, '11:20:00', '13:00:00', 2, 'T'),
(936, 751, 3, '18:30:00', '20:00:00', 2, 'T'),
(937, 833, 3, '21:30:00', '23:00:00', 2, 'T'),
(938, 868, 4, '08:00:00', '09:40:00', 2, 'P'),
(939, 819, 4, '09:40:00', '11:20:00', 2, 'P'),
(940, 751, 4, '18:30:00', '20:00:00', 2, 'P'),
(941, 740, 4, '21:30:00', '23:00:00', 2, 'T'),
(942, 854, 5, '08:00:00', '09:40:00', 2, 'T'),
(943, 853, 1, '10:30:00', '13:00:00', 3, 'T'),
(944, 860, 3, '10:30:00', '13:00:00', 3, 'P'),
(945, 881, 3, '13:30:00', '16:00:00', 3, 'P'),
(946, 874, 4, '13:30:00', '16:00:00', 3, 'P'),
(947, 867, 5, '10:30:00', '13:00:00', 3, 'P'),
(948, 908, 1, '09:40:00', '11:20:00', 2, 'P'),
(949, 932, 1, '19:15:00', '21:30:00', 3, 'P'),
(950, 908, 2, '09:40:00', '11:20:00', 2, 'P'),
(951, 945, 2, '15:10:00', '16:50:00', 2, 'T'),
(952, 938, 3, '09:40:00', '11:20:00', 2, 'T'),
(953, 982, 3, '20:00:00', '23:00:00', 4, 'P'),
(954, 938, 4, '09:40:00', '12:10:00', 3, 'P'),
(955, 952, 4, '18:30:00', '20:45:00', 3, 'P'),
(956, 945, 5, '13:30:00', '16:00:00', 3, 'P'),
(957, 932, 5, '18:30:00', '20:00:00', 2, 'T'),
(958, 952, 5, '21:30:00', '23:00:00', 2, 'T'),
(961, 887, 1, '20:00:00', '21:30:00', 2, 'P'),
(962, 922, 2, '17:40:00', '18:30:00', 1, 'P'),
(963, 922, 2, '18:30:00', '19:15:00', 1, 'P'),
(965, 922, 1, '17:40:00', '18:30:00', 1, 'T'),
(966, 922, 1, '18:30:00', '19:15:00', 1, 'T'),
(967, 979, 2, '20:45:00', '22:15:00', 2, 'P'),
(968, 971, 2, '08:00:00', '09:40:00', 2, 'P'),
(969, 712, 3, '16:00:00', '18:30:00', 3, 'T'),
(970, 887, 3, '18:30:00', '20:45:00', 3, 'P'),
(971, 959, 4, '08:00:00', '10:30:00', 3, 'P'),
(972, 975, 4, '10:30:00', '13:00:00', 3, 'T'),
(974, 967, 4, '16:00:00', '17:40:00', 2, 'P'),
(975, 979, 4, '17:40:00', '18:30:00', 1, 'P'),
(976, 979, 4, '18:30:00', '19:15:00', 1, 'P'),
(977, 971, 5, '08:00:00', '09:40:00', 2, 'P'),
(978, 959, 5, '09:40:00', '11:20:00', 2, 'T'),
(979, 993, 5, '17:40:00', '18:30:00', 1, 'T'),
(980, 993, 5, '18:30:00', '20:00:00', 2, 'T'),
(981, 967, 5, '20:00:00', '22:15:00', 3, 'P'),
(983, 916, 1, '16:00:00', '17:40:00', 2, 'P'),
(985, 916, 2, '19:15:00', '20:45:00', 2, 'P'),
(986, 888, 2, '18:30:00', '20:45:00', 3, 'T'),
(987, 921, 2, '20:45:00', '22:15:00', 2, 'P'),
(988, 921, 3, '18:30:00', '20:00:00', 2, 'T'),
(989, 934, 4, '20:00:00', '23:00:00', 4, 'P'),
(990, 693, 1, '18:30:00', '20:45:00', 3, 'T'),
(991, 687, 2, '10:30:00', '13:00:00', 3, 'T'),
(992, 983, 2, '16:00:00', '18:30:00', 3, 'T'),
(993, 965, 3, '18:30:00', '20:00:00', 2, 'T'),
(994, 996, 3, '20:00:00', '22:15:00', 3, 'P'),
(995, 698, 4, '10:30:00', '13:00:00', 3, 'T'),
(996, 983, 4, '16:00:00', '18:30:00', 3, 'T'),
(997, 996, 4, '18:30:00', '20:00:00', 2, 'T'),
(998, 693, 5, '16:50:00', '18:30:00', 2, 'P'),
(999, 693, 5, '18:30:00', '19:15:00', 1, 'P'),
(1000, 718, 5, '20:00:00', '22:15:00', 3, 'T'),
(1001, 976, 6, '10:30:00', '13:00:00', 3, 'T'),
(1002, 816, 1, '08:00:00', '09:40:00', 2, 'T'),
(1003, 823, 1, '13:30:00', '15:10:00', 2, 'T'),
(1004, 846, 1, '16:00:00', '17:40:00', 2, 'P'),
(1005, 830, 1, '18:30:00', '20:00:00', 2, 'T'),
(1006, 788, 1, '20:45:00', '22:15:00', 2, 'T'),
(1007, 816, 2, '08:00:00', '11:20:00', 4, 'P'),
(1008, 987, 2, '16:00:00', '18:30:00', 3, 'P'),
(1009, 794, 2, '20:00:00', '21:30:00', 2, 'T'),
(1010, 837, 3, '08:00:00', '09:40:00', 2, 'T'),
(1011, 788, 3, '16:00:00', '17:40:00', 2, 'P'),
(1012, 846, 3, '17:40:00', '18:30:00', 1, 'T'),
(1013, 846, 3, '18:30:00', '19:15:00', 1, 'T'),
(1014, 794, 3, '20:45:00', '22:15:00', 2, 'P'),
(1015, 837, 4, '08:00:00', '09:40:00', 2, 'P'),
(1016, 839, 5, '08:00:00', '10:30:00', 3, 'P'),
(1017, 823, 5, '13:30:00', '16:50:00', 4, 'P'),
(1018, 830, 5, '18:30:00', '21:30:00', 4, 'P'),
(1019, 725, 1, '09:40:00', '13:00:00', 4, 'P'),
(1020, 731, 2, '16:50:00', '18:30:00', 2, 'T'),
(1021, 737, 2, '20:00:00', '23:00:00', 4, 'P'),
(1022, 725, 3, '11:20:00', '13:00:00', 2, 'T'),
(1023, 731, 5, '14:20:00', '17:40:00', 4, 'P'),
(1024, 737, 5, '21:30:00', '23:00:00', 2, 'T'),
(1025, 847, 1, '17:40:00', '18:30:00', 1, 'T'),
(1026, 847, 1, '18:30:00', '19:15:00', 1, 'T'),
(1027, 790, 1, '19:15:00', '20:45:00', 2, 'T'),
(1028, 847, 2, '17:40:00', '18:30:00', 1, 'P'),
(1029, 847, 2, '18:30:00', '20:45:00', 3, 'P'),
(1030, 790, 3, '17:40:00', '18:30:00', 1, 'P'),
(1031, 790, 3, '18:30:00', '20:00:00', 2, 'P'),
(1032, 782, 3, '20:00:00', '21:30:00', 2, 'T'),
(1033, 802, 4, '17:40:00', '18:30:00', 1, 'T'),
(1034, 802, 4, '18:30:00', '19:15:00', 1, 'T'),
(1035, 782, 4, '20:00:00', '22:15:00', 3, 'P'),
(1036, 802, 5, '20:00:00', '21:30:00', 2, 'P'),
(1037, 826, 1, '15:10:00', '16:50:00', 2, 'T'),
(1038, 734, 1, '16:50:00', '18:30:00', 2, 'T'),
(1039, 771, 2, '16:00:00', '18:30:00', 3, 'P'),
(1040, 734, 3, '16:50:00', '18:30:00', 2, 'P'),
(1041, 826, 4, '15:10:00', '16:50:00', 2, 'P'),
(1042, 763, 5, '10:30:00', '13:00:00', 3, 'P'),
(1043, 855, 1, '08:00:00', '09:40:00', 2, 'T'),
(1044, 862, 1, '09:40:00', '11:20:00', 2, 'P'),
(1045, 862, 1, '11:20:00', '13:00:00', 2, 'P'),
(1046, 876, 1, '13:30:00', '15:10:00', 2, 'T'),
(1047, 883, 1, '16:50:00', '18:30:00', 2, 'T'),
(1048, 890, 1, '18:30:00', '20:00:00', 2, 'T'),
(1049, 855, 2, '09:40:00', '11:20:00', 2, 'P'),
(1050, 855, 2, '11:20:00', '13:00:00', 2, 'P'),
(1051, 902, 2, '16:00:00', '17:40:00', 2, 'T'),
(1052, 876, 3, '13:30:00', '15:10:00', 2, 'P'),
(1053, 876, 3, '15:10:00', '16:50:00', 2, 'P'),
(1054, 896, 4, '08:00:00', '10:30:00', 3, 'P'),
(1055, 883, 4, '13:30:00', '15:10:00', 2, 'P'),
(1056, 883, 4, '15:10:00', '16:50:00', 2, 'P'),
(1057, 890, 4, '18:30:00', '20:00:00', 2, 'P'),
(1059, 890, 4, '20:00:00', '21:30:00', 2, 'P'),
(1062, 902, 3, '17:40:00', '18:30:00', 1, 'P'),
(1063, 902, 3, '18:30:00', '20:00:00', 2, 'P'),
(1064, 896, 5, '09:40:00', '11:20:00', 2, 'T'),
(1065, 862, 5, '11:20:00', '13:00:00', 2, 'T'),
(1066, 733, 1, '13:30:00', '15:10:00', 2, 'T'),
(1067, 882, 1, '15:10:00', '16:50:00', 2, 'T'),
(1068, 733, 2, '13:30:00', '16:50:00', 4, 'P'),
(1069, 882, 2, '16:50:00', '18:30:00', 2, 'T'),
(1070, 754, 1, '20:45:00', '22:15:00', 2, 'T'),
(1071, 727, 3, '08:00:00', '09:40:00', 2, 'T'),
(1072, 820, 3, '09:40:00', '11:20:00', 2, 'T'),
(1073, 875, 3, '16:50:00', '18:30:00', 2, 'T'),
(1074, 739, 3, '18:30:00', '20:00:00', 2, 'T'),
(1075, 747, 3, '20:45:00', '22:15:00', 2, 'P'),
(1076, 727, 4, '08:00:00', '11:20:00', 4, 'P'),
(1077, 820, 4, '11:20:00', '13:00:00', 2, 'P'),
(1078, 747, 4, '16:00:00', '17:40:00', 2, 'T'),
(1079, 754, 4, '18:30:00', '20:00:00', 2, 'P'),
(1080, 889, 4, '21:30:00', '23:00:00', 2, 'T'),
(1081, 739, 5, '18:30:00', '21:30:00', 4, 'P'),
(1082, 889, 5, '21:30:00', '23:00:00', 2, 'P'),
(1084, 875, 1, '16:50:00', '18:30:00', 2, 'T'),
(1085, 909, 1, '11:20:00', '13:00:00', 2, 'P'),
(1086, 894, 2, '11:20:00', '13:00:00', 2, 'T'),
(1087, 956, 2, '20:45:00', '23:00:00', 3, 'P'),
(1088, 909, 3, '11:20:00', '13:00:00', 2, 'P'),
(1089, 933, 3, '18:30:00', '20:45:00', 3, 'P'),
(1090, 894, 4, '11:20:00', '13:00:00', 2, 'P'),
(1091, 933, 4, '18:30:00', '20:00:00', 2, 'T'),
(1092, 960, 1, '08:00:00', '09:40:00', 2, 'T'),
(1093, 994, 1, '19:15:00', '20:45:00', 2, 'T'),
(1094, 974, 2, '09:40:00', '11:20:00', 2, 'P'),
(1095, 974, 2, '11:20:00', '13:00:00', 2, 'P'),
(1096, 946, 2, '13:30:00', '15:10:00', 2, 'P'),
(1097, 994, 2, '20:00:00', '22:15:00', 3, 'P'),
(1098, 939, 3, '08:00:00', '09:40:00', 2, 'P'),
(1099, 972, 3, '09:40:00', '11:20:00', 2, 'P'),
(1100, 972, 3, '11:20:00', '13:00:00', 2, 'P'),
(1101, 946, 3, '16:50:00', '18:30:00', 2, 'P'),
(1102, 939, 4, '08:00:00', '09:40:00', 2, 'P'),
(1103, 960, 4, '10:30:00', '13:00:00', 3, 'P'),
(1104, 961, 5, '08:00:00', '12:10:00', 5, 'P'),
(1105, 913, 1, '20:00:00', '21:30:00', 2, 'T'),
(1106, 947, 2, '16:50:00', '18:30:00', 2, 'P'),
(1107, 947, 4, '16:00:00', '18:30:00', 3, 'P'),
(1109, 901, 4, '20:00:00', '21:30:00', 2, 'T'),
(1110, 901, 5, '16:00:00', '17:40:00', 2, 'P'),
(1111, 913, 5, '17:40:00', '18:30:00', 1, 'P'),
(1112, 913, 5, '18:30:00', '19:15:00', 1, 'P'),
(1113, 726, 1, '08:00:00', '09:40:00', 2, 'T'),
(1114, 761, 1, '09:40:00', '12:10:00', 3, 'T'),
(1115, 732, 1, '15:10:00', '16:50:00', 2, 'T'),
(1116, 738, 1, '18:30:00', '20:00:00', 2, 'T'),
(1118, 774, 2, '13:30:00', '15:10:00', 2, 'T'),
(1119, 757, 2, '16:00:00', '17:40:00', 2, 'T'),
(1120, 801, 2, '19:15:00', '20:45:00', 2, 'T'),
(1121, 766, 3, '08:00:00', '09:40:00', 2, 'T'),
(1122, 732, 3, '13:30:00', '16:50:00', 4, 'P'),
(1123, 749, 3, '16:50:00', '18:30:00', 2, 'T'),
(1124, 801, 3, '19:15:00', '21:30:00', 3, 'P'),
(1126, 757, 5, '16:00:00', '18:30:00', 3, 'P'),
(1128, 774, 5, '13:30:00', '15:10:00', 2, 'P'),
(1129, 749, 5, '18:30:00', '20:00:00', 2, 'P'),
(1130, 726, 2, '08:00:00', '11:20:00', 4, 'P'),
(1131, 766, 4, '08:00:00', '10:30:00', 3, 'P'),
(1132, 738, 4, '18:30:00', '21:30:00', 4, 'P'),
(1133, 748, 1, '17:40:00', '18:30:00', 1, 'T'),
(1134, 748, 1, '18:30:00', '19:15:00', 1, 'T'),
(1135, 756, 1, '19:15:00', '20:45:00', 2, 'T'),
(1136, 748, 2, '17:40:00', '18:30:00', 1, 'P'),
(1137, 748, 2, '18:30:00', '19:15:00', 1, 'P'),
(1138, 778, 3, '18:30:00', '20:00:00', 2, 'T'),
(1139, 778, 4, '18:30:00', '20:00:00', 2, 'P'),
(1140, 756, 4, '20:00:00', '22:15:00', 3, 'P'),
(1141, 842, 5, '08:00:00', '10:30:00', 3, 'P'),
(1142, 940, 1, '08:00:00', '09:40:00', 2, 'P'),
(1143, 895, 1, '09:40:00', '11:20:00', 2, 'T'),
(1144, 926, 1, '20:45:00', '22:15:00', 2, 'P'),
(1145, 893, 2, '08:00:00', '11:20:00', 4, 'P'),
(1146, 895, 3, '08:00:00', '09:40:00', 2, 'P'),
(1147, 926, 3, '19:15:00', '20:45:00', 2, 'T'),
(1148, 906, 4, '08:00:00', '09:40:00', 2, 'P'),
(1149, 906, 4, '09:40:00', '11:20:00', 2, 'P'),
(1150, 940, 5, '08:00:00', '10:30:00', 3, 'P'),
(1151, 925, 5, '18:30:00', '21:30:00', 4, 'P'),
(1152, 786, 1, '17:40:00', '18:30:00', 1, 'T'),
(1153, 786, 1, '18:30:00', '19:15:00', 1, 'T'),
(1154, 786, 2, '17:40:00', '18:30:00', 1, 'P'),
(1155, 786, 2, '18:30:00', '20:00:00', 2, 'P'),
(1156, 824, 3, '16:50:00', '18:30:00', 2, 'T'),
(1157, 848, 3, '20:45:00', '22:15:00', 2, 'T'),
(1158, 824, 4, '16:50:00', '18:30:00', 2, 'P'),
(1159, 834, 4, '21:30:00', '23:00:00', 2, 'T'),
(1160, 848, 5, '17:40:00', '18:30:00', 1, 'P'),
(1161, 848, 5, '18:30:00', '19:15:00', 1, 'P'),
(1162, 834, 5, '21:30:00', '23:00:00', 2, 'P'),
(1163, 800, 1, '17:40:00', '18:30:00', 1, 'T'),
(1164, 800, 1, '18:30:00', '19:15:00', 1, 'T'),
(1165, 795, 1, '19:15:00', '20:45:00', 2, 'P'),
(1166, 781, 1, '20:45:00', '23:00:00', 3, 'T'),
(1167, 800, 2, '16:50:00', '18:30:00', 2, 'P'),
(1168, 780, 2, '18:30:00', '20:45:00', 3, 'T'),
(1170, 799, 2, '20:45:00', '22:15:00', 2, 'T'),
(1171, 799, 4, '19:15:00', '20:45:00', 2, 'P'),
(1172, 795, 5, '18:30:00', '20:00:00', 2, 'T'),
(1173, 897, 1, '08:00:00', '09:40:00', 2, 'T'),
(1174, 948, 1, '16:50:00', '18:30:00', 2, 'P'),
(1176, 905, 2, '08:00:00', '09:40:00', 2, 'T'),
(1177, 941, 2, '10:30:00', '13:00:00', 3, 'P'),
(1178, 912, 2, '16:00:00', '18:30:00', 3, 'P'),
(1179, 912, 2, '18:30:00', '19:15:00', 1, 'P'),
(1180, 905, 3, '08:00:00', '09:40:00', 2, 'P'),
(1181, 905, 3, '09:40:00', '11:20:00', 2, 'P'),
(1182, 941, 3, '11:20:00', '13:00:00', 2, 'P'),
(1183, 919, 3, '16:00:00', '18:30:00', 3, 'P'),
(1184, 919, 3, '18:30:00', '19:15:00', 1, 'P'),
(1185, 903, 4, '16:00:00', '17:40:00', 2, 'P'),
(1186, 912, 4, '17:40:00', '18:30:00', 1, 'T'),
(1187, 912, 4, '18:30:00', '19:15:00', 1, 'T'),
(1188, 919, 4, '20:00:00', '21:30:00', 2, 'T'),
(1189, 897, 5, '08:00:00', '09:40:00', 2, 'P'),
(1190, 907, 5, '10:30:00', '13:00:00', 3, 'T'),
(1191, 948, 5, '16:00:00', '18:30:00', 3, 'P'),
(1192, 955, 5, '18:30:00', '20:00:00', 2, 'P'),
(1193, 955, 5, '20:00:00', '21:30:00', 2, 'P'),
(1194, 903, 1, '18:30:00', '20:00:00', 2, 'T'),
(1195, 954, 1, '19:15:00', '21:30:00', 3, 'P'),
(1196, 920, 2, '19:15:00', '20:45:00', 2, 'T'),
(1197, 915, 2, '20:45:00', '22:15:00', 2, 'P'),
(1198, 915, 3, '19:15:00', '20:45:00', 2, 'P'),
(1199, 927, 3, '20:45:00', '22:15:00', 2, 'T'),
(1200, 927, 4, '18:30:00', '20:00:00', 2, 'P'),
(1201, 954, 4, '20:45:00', '22:15:00', 2, 'P'),
(1202, 920, 5, '19:15:00', '22:15:00', 4, 'P'),
(1203, 978, 1, '08:00:00', '10:30:00', 3, 'T'),
(1204, 844, 1, '10:30:00', '13:00:00', 3, 'T'),
(1205, 803, 1, '20:00:00', '22:15:00', 3, 'T'),
(1206, 767, 2, '10:30:00', '13:00:00', 3, 'T'),
(1207, 797, 3, '18:30:00', '20:45:00', 3, 'T'),
(1208, 730, 4, '13:30:00', '16:00:00', 3, 'T'),
(1209, 724, 5, '08:00:00', '10:30:00', 3, 'T'),
(1210, 821, 5, '10:30:00', '13:00:00', 3, 'T'),
(1211, 870, 6, '10:30:00', '13:00:00', 3, 'T'),
(1212, 275, 1, '18:30:00', '20:00:00', 2, 'T'),
(1213, 329, 1, '20:00:00', '22:15:00', 3, 'P'),
(1214, 329, 2, '16:00:00', '17:40:00', 2, 'T'),
(1215, 275, 2, '18:30:00', '20:45:00', 3, 'P'),
(1216, 325, 2, '20:45:00', '22:15:00', 2, 'T'),
(1217, 281, 3, '08:00:00', '09:40:00', 2, 'T'),
(1218, 288, 3, '09:40:00', '13:00:00', 4, 'P'),
(1219, 298, 3, '16:00:00', '17:40:00', 2, 'T'),
(1220, 318, 3, '17:40:00', '18:30:00', 1, 'P'),
(1221, 318, 3, '18:30:00', '19:15:00', 1, 'P'),
(1222, 325, 4, '16:00:00', '18:30:00', 3, 'P'),
(1223, 298, 4, '18:30:00', '20:00:00', 2, 'P'),
(1224, 305, 4, '20:00:00', '21:30:00', 2, 'T'),
(1227, 288, 5, '11:20:00', '13:00:00', 2, 'T'),
(1228, 281, 5, '08:00:00', '11:20:00', 4, 'P'),
(1229, 305, 5, '18:30:00', '20:00:00', 2, 'P'),
(1230, 318, 5, '20:00:00', '22:15:00', 3, 'P'),
(1231, 407, 1, '18:30:00', '20:45:00', 3, 'T'),
(1232, 407, 4, '19:15:00', '20:45:00', 2, 'P'),
(1233, 410, 4, '20:45:00', '23:00:00', 3, 'T'),
(1234, 351, 1, '14:20:00', '16:50:00', 3, 'P'),
(1235, 330, 1, '17:40:00', '18:30:00', 1, 'P'),
(1236, 330, 1, '18:30:00', '20:00:00', 2, 'P'),
(1237, 365, 1, '20:00:00', '21:30:00', 2, 'T'),
(1238, 366, 1, '21:30:00', '23:00:00', 2, 'T'),
(1239, 351, 2, '15:10:00', '16:50:00', 2, 'P'),
(1240, 366, 2, '20:00:00', '22:15:00', 3, 'P'),
(1241, 365, 3, '18:30:00', '20:45:00', 3, 'P'),
(1242, 330, 3, '20:45:00', '22:15:00', 2, 'T'),
(1243, 255, 4, '16:00:00', '18:30:00', 3, 'P'),
(1244, 241, 5, '16:00:00', '18:30:00', 3, 'T'),
(1245, 314, 1, '16:00:00', '17:40:00', 2, 'T'),
(1246, 321, 1, '17:40:00', '18:30:00', 1, 'T'),
(1247, 321, 1, '18:30:00', '19:15:00', 1, 'T'),
(1248, 314, 2, '16:00:00', '17:40:00', 2, 'P'),
(1249, 321, 2, '17:40:00', '18:30:00', 1, 'P'),
(1250, 321, 2, '18:30:00', '19:15:00', 1, 'P'),
(1251, 317, 2, '19:15:00', '20:45:00', 2, 'P'),
(1252, 324, 3, '16:00:00', '18:30:00', 3, 'P'),
(1253, 324, 3, '18:30:00', '19:15:00', 1, 'P'),
(1254, 317, 3, '20:45:00', '22:15:00', 2, 'P'),
(1256, 48, 4, '16:00:00', '18:30:00', 3, 'P'),
(1257, 67, 5, '18:30:00', '20:00:00', 2, 'P'),
(1258, 48, 5, '20:00:00', '22:15:00', 3, 'T'),
(1259, 67, 1, '16:50:00', '18:30:00', 2, 'P'),
(1260, 283, 2, '08:00:00', '10:30:00', 3, 'T'),
(1261, 270, 2, '11:20:00', '13:00:00', 2, 'T'),
(1262, 353, 3, '13:30:00', '16:00:00', 3, 'T'),
(1263, 290, 4, '08:00:00', '10:30:00', 3, 'T'),
(1264, 270, 4, '11:20:00', '13:00:00', 2, 'P'),
(1265, 367, 3, '20:45:00', '23:00:00', 3, 'T'),
(1266, 209, 1, '08:00:00', '09:40:00', 2, 'T'),
(1267, 230, 1, '09:40:00', '11:20:00', 2, 'T'),
(1268, 769, 1, '13:30:00', '16:00:00', 3, 'T'),
(1269, 265, 1, '21:30:00', '23:00:00', 2, 'T'),
(1270, 209, 2, '08:00:00', '09:40:00', 2, 'P'),
(1271, 237, 2, '10:30:00', '12:10:00', 2, 'P'),
(1272, 41, 2, '13:30:00', '15:10:00', 2, 'T'),
(1273, 153, 2, '15:10:00', '16:50:00', 2, 'T'),
(1274, 445, 2, '20:45:00', '23:00:00', 3, 'T'),
(1276, 223, 3, '09:40:00', '11:20:00', 2, 'T'),
(1277, 769, 3, '13:30:00', '16:00:00', 3, 'T'),
(1278, 230, 4, '08:00:00', '09:40:00', 2, 'P'),
(1279, 237, 4, '09:40:00', '11:20:00', 2, 'T'),
(1280, 428, 4, '13:30:00', '16:00:00', 3, 'T'),
(1281, 153, 4, '16:50:00', '18:30:00', 2, 'T'),
(1282, 548, 4, '19:15:00', '21:30:00', 3, 'T'),
(1283, 265, 4, '21:30:00', '23:00:00', 2, 'P'),
(1284, 223, 5, '08:50:00', '10:30:00', 2, 'P'),
(1285, 216, 5, '10:30:00', '12:10:00', 2, 'P'),
(1286, 41, 5, '16:00:00', '17:40:00', 2, 'T'),
(1287, 539, 5, '20:45:00', '23:00:00', 3, 'T'),
(1289, 216, 3, '08:00:00', '09:40:00', 2, 'T'),
(1290, 259, 1, '15:10:00', '16:50:00', 2, 'P'),
(1291, 259, 1, '16:50:00', '18:30:00', 2, 'P'),
(1292, 273, 3, '09:40:00', '13:00:00', 4, 'P'),
(1293, 276, 4, '20:00:00', '21:30:00', 2, 'T'),
(1295, 276, 5, '20:00:00', '21:30:00', 2, 'T');
INSERT INTO `detallehorario` (`idDetalle`, `idHorarioCurso`, `dia`, `horaEntrada`, `horaSalida`, `horas`, `tipo`) VALUES
(1296, 259, 5, '16:50:00', '18:30:00', 2, 'T'),
(1297, 405, 1, '16:50:00', '18:30:00', 2, 'T'),
(1298, 405, 2, '16:00:00', '18:30:00', 3, 'P'),
(1299, 713, 2, '18:30:00', '20:45:00', 3, 'P'),
(1300, 713, 4, '20:00:00', '21:30:00', 2, 'P'),
(1302, 47, 1, '10:30:00', '13:00:00', 3, 'T'),
(1303, 320, 1, '20:45:00', '22:15:00', 2, 'T'),
(1304, 225, 2, '08:00:00', '10:30:00', 3, 'T'),
(1305, 274, 1, '08:00:00', '10:30:00', 3, 'T'),
(1306, 211, 3, '08:00:00', '10:30:00', 3, 'T'),
(1307, 55, 3, '11:20:00', '13:00:00', 2, 'P'),
(1308, 327, 3, '20:45:00', '22:15:00', 2, 'T'),
(1309, 55, 4, '08:00:00', '09:40:00', 2, 'T'),
(1310, 286, 4, '10:30:00', '13:00:00', 3, 'T'),
(1311, 327, 4, '18:30:00', '20:00:00', 2, 'P'),
(1312, 293, 5, '08:00:00', '10:30:00', 3, 'T'),
(1313, 176, 5, '10:30:00', '13:00:00', 3, 'T'),
(1314, 320, 5, '16:00:00', '17:40:00', 2, 'P'),
(1315, 279, 1, '20:00:00', '21:30:00', 2, 'T'),
(1316, 299, 2, '19:15:00', '20:45:00', 2, 'P'),
(1317, 306, 2, '20:45:00', '22:15:00', 2, 'P'),
(1318, 279, 3, '19:15:00', '20:45:00', 2, 'P'),
(1319, 299, 5, '19:15:00', '20:45:00', 2, 'P'),
(1320, 306, 5, '20:45:00', '22:15:00', 2, 'P'),
(1321, 97, 1, '16:00:00', '18:30:00', 3, 'P'),
(1322, 64, 1, '18:30:00', '20:00:00', 2, 'P'),
(1323, 160, 1, '20:00:00', '21:30:00', 2, 'T'),
(1324, 64, 4, '19:15:00', '20:45:00', 2, 'T'),
(1325, 160, 4, '20:45:00', '22:15:00', 2, 'P'),
(1326, 332, 4, '20:45:00', '22:15:00', 2, 'T'),
(1327, 332, 5, '16:00:00', '18:30:00', 3, 'P'),
(1328, 342, 1, '08:00:00', '09:40:00', 2, 'P'),
(1329, 256, 1, '13:30:00', '15:10:00', 2, 'P'),
(1330, 249, 1, '16:00:00', '18:30:00', 3, 'P'),
(1331, 263, 1, '20:00:00', '21:30:00', 2, 'P'),
(1332, 242, 2, '16:00:00', '18:30:00', 3, 'P'),
(1333, 335, 3, '10:30:00', '13:00:00', 3, 'P'),
(1334, 256, 3, '16:00:00', '18:30:00', 3, 'P'),
(1335, 263, 3, '18:30:00', '20:45:00', 3, 'P'),
(1336, 342, 4, '08:00:00', '10:30:00', 3, 'P'),
(1337, 242, 4, '13:30:00', '15:10:00', 2, 'P'),
(1338, 335, 5, '11:20:00', '13:00:00', 2, 'P'),
(1339, 249, 5, '16:50:00', '18:30:00', 2, 'P'),
(1340, 292, 1, '08:00:00', '09:40:00', 2, 'P'),
(1341, 285, 1, '09:40:00', '11:20:00', 2, 'P'),
(1342, 207, 1, '11:20:00', '13:00:00', 2, 'P'),
(1343, 356, 1, '14:20:00', '16:50:00', 3, 'P'),
(1344, 292, 2, '08:00:00', '09:40:00', 2, 'T'),
(1345, 349, 2, '13:30:00', '15:10:00', 2, 'P'),
(1346, 221, 3, '08:00:00', '09:40:00', 2, 'P'),
(1347, 214, 3, '09:40:00', '11:20:00', 2, 'P'),
(1348, 285, 3, '11:20:00', '13:00:00', 2, 'P'),
(1349, 356, 3, '13:30:00', '15:10:00', 2, 'P'),
(1350, 214, 4, '08:00:00', '10:30:00', 3, 'P'),
(1351, 207, 4, '10:30:00', '13:00:00', 3, 'P'),
(1352, 363, 4, '18:30:00', '20:45:00', 3, 'P'),
(1353, 221, 5, '10:30:00', '13:00:00', 3, 'P'),
(1354, 349, 5, '14:20:00', '16:50:00', 3, 'P'),
(1355, 363, 5, '18:30:00', '20:00:00', 2, 'T'),
(1356, 89, 1, '08:00:00', '10:30:00', 3, 'P'),
(1357, 57, 1, '10:30:00', '12:10:00', 2, 'P'),
(1358, 29, 2, '08:00:00', '09:40:00', 2, 'T'),
(1359, 146, 2, '09:40:00', '11:20:00', 2, 'P'),
(1360, 182, 2, '19:15:00', '21:30:00', 3, 'T'),
(1361, 57, 3, '08:00:00', '09:40:00', 2, 'T'),
(1362, 174, 4, '08:00:00', '10:30:00', 3, 'T'),
(1364, 146, 5, '11:20:00', '13:00:00', 2, 'P'),
(1365, 29, 5, '08:00:00', '09:40:00', 2, 'P'),
(1366, 70, 1, '19:15:00', '20:45:00', 2, 'P'),
(1367, 73, 1, '20:45:00', '22:15:00', 2, 'P'),
(1368, 70, 3, '19:15:00', '20:45:00', 2, 'P'),
(1369, 73, 3, '20:45:00', '22:15:00', 2, 'P'),
(1370, 106, 2, '16:00:00', '18:30:00', 3, 'P'),
(1371, 86, 2, '20:45:00', '23:00:00', 3, 'T'),
(1372, 38, 3, '13:30:00', '16:00:00', 3, 'P'),
(1373, 334, 3, '16:00:00', '18:30:00', 3, 'T'),
(1374, 32, 3, '20:45:00', '23:00:00', 3, 'T'),
(1375, 32, 4, '20:45:00', '23:00:00', 3, 'T'),
(1376, 38, 5, '13:30:00', '16:00:00', 3, 'P'),
(1377, 421, 5, '16:00:00', '18:30:00', 3, 'T'),
(1378, 297, 1, '19:15:00', '21:30:00', 3, 'T'),
(1379, 304, 3, '19:15:00', '21:30:00', 3, 'T'),
(1380, 262, 4, '19:15:00', '21:30:00', 3, 'T'),
(1381, 372, 1, '08:00:00', '10:30:00', 3, 'P'),
(1383, 312, 1, '18:30:00', '20:00:00', 2, 'P'),
(1384, 372, 2, '10:30:00', '12:10:00', 2, 'T'),
(1385, 384, 2, '18:30:00', '20:00:00', 2, 'T'),
(1386, 378, 2, '20:00:00', '21:30:00', 2, 'T'),
(1387, 390, 3, '08:00:00', '10:30:00', 3, 'T'),
(1388, 312, 3, '16:00:00', '17:40:00', 2, 'P'),
(1389, 406, 3, '18:30:00', '20:00:00', 2, 'T'),
(1390, 396, 3, '20:45:00', '22:15:00', 2, 'T'),
(1391, 973, 4, '08:00:00', '10:30:00', 3, 'T'),
(1392, 388, 4, '11:20:00', '13:00:00', 2, 'P'),
(1394, 406, 4, '17:40:00', '18:30:00', 1, 'P'),
(1395, 406, 4, '18:30:00', '19:15:00', 1, 'P'),
(1396, 388, 5, '08:00:00', '09:40:00', 2, 'P'),
(1397, 393, 5, '10:30:00', '13:00:00', 3, 'T'),
(1398, 384, 5, '16:00:00', '18:30:00', 3, 'P'),
(1399, 378, 5, '18:30:00', '20:45:00', 3, 'P'),
(1400, 396, 4, '16:00:00', '17:40:00', 2, 'P'),
(1401, 700, 2, '08:00:00', '10:30:00', 3, 'T'),
(1402, 371, 2, '08:00:00', '10:30:00', 3, 'P'),
(1404, 374, 1, '10:30:00', '13:00:00', 3, 'P'),
(1405, 391, 3, '10:30:00', '12:10:00', 2, 'P'),
(1406, 371, 4, '08:00:00', '09:40:00', 2, 'P'),
(1407, 391, 4, '09:40:00', '11:20:00', 2, 'P'),
(1408, 400, 5, '20:00:00', '22:15:00', 3, 'T'),
(1409, 392, 2, '10:30:00', '13:00:00', 3, 'T'),
(1410, 352, 1, '16:50:00', '18:30:00', 2, 'T'),
(1411, 359, 2, '16:00:00', '18:30:00', 3, 'P'),
(1412, 352, 3, '16:00:00', '18:30:00', 3, 'P'),
(1413, 359, 4, '16:50:00', '18:30:00', 2, 'T'),
(1414, 175, 1, '10:30:00', '13:00:00', 3, 'P'),
(1415, 194, 1, '16:50:00', '18:30:00', 2, 'T'),
(1416, 166, 1, '18:30:00', '20:45:00', 3, 'P'),
(1417, 170, 2, '11:20:00', '13:00:00', 2, 'P'),
(1418, 170, 3, '08:00:00', '09:40:00', 2, 'P'),
(1419, 183, 3, '17:40:00', '18:30:00', 1, 'P'),
(1420, 183, 3, '18:30:00', '20:00:00', 2, 'P'),
(1422, 191, 3, '20:45:00', '23:00:00', 3, 'T'),
(1423, 166, 5, '16:00:00', '17:40:00', 2, 'T'),
(1424, 194, 5, '17:40:00', '18:30:00', 1, 'P'),
(1425, 194, 5, '18:30:00', '19:15:00', 1, 'P'),
(1426, 236, 1, '08:00:00', '10:30:00', 3, 'P'),
(1427, 215, 1, '10:30:00', '13:00:00', 3, 'P'),
(1428, 222, 1, '10:30:00', '13:00:00', 3, 'P'),
(1430, 264, 2, '18:30:00', '20:45:00', 3, 'P'),
(1431, 257, 2, '16:00:00', '18:30:00', 3, 'P'),
(1432, 229, 3, '08:00:00', '10:30:00', 3, 'P'),
(1433, 208, 3, '10:30:00', '13:00:00', 3, 'P'),
(1434, 243, 3, '16:00:00', '18:30:00', 3, 'P'),
(1435, 583, 4, '10:30:00', '13:00:00', 3, 'T'),
(1436, 250, 4, '13:30:00', '16:00:00', 3, 'P'),
(1437, 248, 4, '16:00:00', '18:30:00', 3, 'T'),
(1450, 307, 1, '19:15:00', '21:30:00', 3, 'T'),
(1452, 167, 3, '20:00:00', '21:30:00', 2, 'T'),
(1453, 184, 4, '20:00:00', '22:15:00', 3, 'T'),
(1454, 167, 5, '17:40:00', '18:30:00', 1, 'T'),
(1455, 167, 5, '18:30:00', '19:15:00', 1, 'T'),
(1456, 122, 5, '19:15:00', '21:30:00', 3, 'T'),
(1457, 143, 1, '08:00:00', '09:40:00', 2, 'T'),
(1458, 196, 1, '18:30:00', '20:00:00', 2, 'T'),
(1459, 196, 2, '16:00:00', '18:30:00', 3, 'P'),
(1460, 186, 2, '18:30:00', '20:00:00', 2, 'P'),
(1461, 186, 3, '19:15:00', '20:45:00', 2, 'P'),
(1462, 143, 4, '08:00:00', '09:40:00', 2, 'P'),
(1463, 143, 5, '08:00:00', '09:40:00', 2, 'P'),
(1464, 686, 1, '08:00:00', '09:40:00', 2, 'T'),
(1465, 686, 2, '08:00:00', '10:30:00', 3, 'P'),
(1466, 685, 3, '10:30:00', '13:00:00', 3, 'P'),
(1467, 685, 4, '09:40:00', '11:20:00', 2, 'T'),
(1468, 476, 1, '10:30:00', '12:10:00', 2, 'T'),
(1469, 515, 1, '16:00:00', '17:40:00', 2, 'T'),
(1470, 476, 3, '10:30:00', '13:00:00', 3, 'P'),
(1471, 492, 1, '20:45:00', '23:00:00', 3, 'P'),
(1472, 484, 3, '14:20:00', '16:00:00', 2, 'T'),
(1473, 492, 3, '20:00:00', '21:30:00', 2, 'T'),
(1474, 484, 4, '16:00:00', '18:30:00', 3, 'P'),
(1477, 515, 5, '16:00:00', '18:30:00', 3, 'P'),
(1479, 515, 5, '18:30:00', '19:15:00', 1, 'P'),
(1480, 677, 1, '18:30:00', '20:00:00', 2, 'T'),
(1481, 670, 2, '08:00:00', '09:40:00', 2, 'T'),
(1482, 663, 3, '13:30:00', '16:00:00', 3, 'P'),
(1484, 670, 4, '10:30:00', '13:00:00', 3, 'P'),
(1485, 677, 4, '20:45:00', '23:00:00', 3, 'P'),
(1486, 656, 5, '10:30:00', '12:10:00', 2, 'T'),
(1487, 663, 5, '15:10:00', '16:50:00', 2, 'T'),
(1488, 656, 4, '08:00:00', '10:30:00', 3, 'P'),
(1489, 900, 1, '20:00:00', '21:30:00', 2, 'T'),
(1490, 625, 1, '21:30:00', '23:00:00', 2, 'T'),
(1491, 667, 2, '16:00:00', '18:30:00', 3, 'T'),
(1492, 619, 3, '08:00:00', '09:40:00', 2, 'T'),
(1493, 660, 3, '09:40:00', '12:10:00', 3, 'T'),
(1494, 900, 3, '16:00:00', '17:40:00', 2, 'T'),
(1495, 625, 4, '18:30:00', '20:00:00', 2, 'T'),
(1496, 619, 5, '08:00:00', '09:40:00', 2, 'P'),
(1497, 632, 5, '10:30:00', '13:00:00', 3, 'T'),
(1498, 639, 5, '18:30:00', '20:45:00', 3, 'T'),
(1499, 681, 5, '20:45:00', '23:00:00', 3, 'T'),
(1500, 691, 3, '16:00:00', '18:30:00', 3, 'P'),
(1501, 720, 3, '18:30:00', '20:45:00', 3, 'P'),
(1502, 692, 3, '20:45:00', '22:15:00', 2, 'T'),
(1503, 692, 4, '16:00:00', '18:30:00', 3, 'P'),
(1504, 720, 4, '18:30:00', '20:00:00', 2, 'T'),
(1505, 691, 4, '20:45:00', '22:15:00', 2, 'T'),
(1506, 891, 2, '20:45:00', '23:00:00', 3, 'T'),
(1507, 485, 3, '16:50:00', '18:30:00', 2, 'T'),
(1508, 485, 3, '18:30:00', '19:15:00', 1, 'T'),
(1509, 682, 4, '18:30:00', '20:45:00', 3, 'T'),
(1510, 609, 5, '18:30:00', '20:45:00', 3, 'T'),
(1512, 616, 5, '20:45:00', '23:00:00', 3, 'T'),
(1513, 581, 1, '08:00:00', '10:30:00', 3, 'T'),
(1514, 661, 1, '10:30:00', '13:00:00', 3, 'T'),
(1515, 602, 1, '13:30:00', '16:00:00', 3, 'T'),
(1516, 525, 2, '08:00:00', '10:30:00', 3, 'T'),
(1517, 884, 2, '13:30:00', '16:00:00', 3, 'T'),
(1518, 877, 2, '16:00:00', '18:30:00', 3, 'T'),
(1519, 574, 3, '08:00:00', '10:30:00', 3, 'T'),
(1520, 950, 3, '13:30:00', '16:00:00', 3, 'T'),
(1521, 957, 3, '20:45:00', '23:00:00', 3, 'T'),
(1522, 675, 4, '08:00:00', '10:30:00', 3, 'T'),
(1523, 668, 4, '13:30:00', '16:00:00', 3, 'T'),
(1524, 588, 5, '08:00:00', '10:30:00', 3, 'T'),
(1525, 943, 5, '10:30:00', '13:00:00', 3, 'T'),
(1526, 595, 5, '16:00:00', '18:30:00', 3, 'T'),
(1527, 624, 1, '17:40:00', '18:30:00', 1, 'P'),
(1528, 624, 1, '18:30:00', '20:00:00', 2, 'P'),
(1529, 607, 2, '18:30:00', '20:00:00', 2, 'P'),
(1530, 607, 1, '21:30:00', '23:00:00', 2, 'T'),
(1531, 608, 2, '21:30:00', '23:00:00', 2, 'P'),
(1532, 624, 3, '20:45:00', '22:15:00', 2, 'T'),
(1533, 608, 4, '18:30:00', '21:30:00', 4, 'P'),
(1534, 479, 1, '13:30:00', '16:00:00', 3, 'T'),
(1535, 487, 1, '18:30:00', '20:45:00', 3, 'T'),
(1536, 495, 1, '20:45:00', '22:15:00', 2, 'T'),
(1537, 424, 2, '08:00:00', '11:20:00', 4, 'P'),
(1540, 424, 3, '08:00:00', '09:40:00', 2, 'P'),
(1541, 448, 3, '18:30:00', '20:00:00', 2, 'T'),
(1542, 545, 3, '20:00:00', '22:15:00', 3, 'P'),
(1543, 471, 4, '08:00:00', '10:30:00', 3, 'T'),
(1544, 448, 5, '18:30:00', '21:30:00', 4, 'P'),
(1545, 495, 2, '20:00:00', '21:30:00', 2, 'P'),
(1546, 483, 1, '16:00:00', '18:30:00', 3, 'P'),
(1547, 509, 1, '18:30:00', '20:00:00', 2, 'P'),
(1548, 452, 1, '20:45:00', '22:15:00', 2, 'P'),
(1549, 475, 2, '10:30:00', '13:00:00', 3, 'P'),
(1551, 505, 2, '17:40:00', '18:30:00', 1, 'P'),
(1552, 505, 2, '18:30:00', '19:15:00', 1, 'P'),
(1553, 498, 2, '16:00:00', '17:40:00', 2, 'T'),
(1554, 491, 2, '20:00:00', '22:15:00', 3, 'P'),
(1555, 498, 3, '16:00:00', '18:30:00', 3, 'P'),
(1556, 505, 3, '18:30:00', '20:00:00', 2, 'P'),
(1557, 452, 4, '16:00:00', '17:40:00', 2, 'P'),
(1558, 477, 5, '08:00:00', '10:30:00', 3, 'T'),
(1559, 509, 5, '17:40:00', '18:30:00', 1, 'T'),
(1560, 509, 5, '18:30:00', '19:15:00', 1, 'T'),
(1561, 493, 5, '20:45:00', '23:00:00', 3, 'T'),
(1562, 590, 2, '16:00:00', '18:30:00', 3, 'T'),
(1563, 331, 2, '18:30:00', '20:00:00', 2, 'T'),
(1564, 328, 2, '20:00:00', '22:15:00', 3, 'T'),
(1565, 358, 3, '15:10:00', '16:50:00', 2, 'P'),
(1566, 604, 3, '18:30:00', '20:45:00', 3, 'T'),
(1567, 611, 3, '20:45:00', '23:00:00', 3, 'T'),
(1568, 358, 4, '14:20:00', '16:50:00', 3, 'P'),
(1569, 597, 5, '16:00:00', '18:30:00', 3, 'T'),
(1571, 331, 5, '18:30:00', '20:45:00', 3, 'P'),
(1572, 658, 1, '08:00:00', '10:30:00', 3, 'P'),
(1574, 672, 3, '08:00:00', '10:30:00', 3, 'P'),
(1575, 672, 5, '08:00:00', '09:40:00', 2, 'P'),
(1576, 658, 2, '09:40:00', '11:20:00', 2, 'T'),
(1577, 990, 1, '19:15:00', '20:45:00', 2, 'T'),
(1578, 701, 2, '19:15:00', '21:30:00', 3, 'T'),
(1580, 990, 4, '16:00:00', '18:30:00', 3, 'T'),
(1581, 706, 3, '20:00:00', '22:15:00', 3, 'T'),
(1582, 466, 1, '17:40:00', '18:30:00', 1, 'T'),
(1583, 466, 1, '18:30:00', '19:15:00', 1, 'T'),
(1584, 458, 1, '20:00:00', '21:30:00', 2, 'T'),
(1585, 496, 2, '17:40:00', '18:30:00', 1, 'P'),
(1586, 496, 2, '18:30:00', '19:15:00', 1, 'P'),
(1587, 453, 2, '20:00:00', '21:30:00', 2, 'T'),
(1590, 458, 4, '20:00:00', '21:30:00', 2, 'P'),
(1591, 496, 5, '20:00:00', '21:30:00', 2, 'T'),
(1592, 453, 3, '20:45:00', '22:15:00', 2, 'T'),
(1593, 466, 3, '17:40:00', '18:30:00', 1, 'P'),
(1594, 466, 3, '18:30:00', '20:00:00', 2, 'P'),
(1595, 524, 1, '08:00:00', '09:40:00', 2, 'T'),
(1596, 423, 1, '09:40:00', '13:00:00', 4, 'P'),
(1597, 430, 1, '15:10:00', '16:50:00', 2, 'T'),
(1598, 524, 2, '11:20:00', '13:00:00', 2, 'P'),
(1599, 423, 3, '11:20:00', '13:00:00', 2, 'T'),
(1600, 430, 3, '13:30:00', '16:50:00', 4, 'P'),
(1601, 464, 4, '17:40:00', '18:30:00', 1, 'P'),
(1602, 464, 4, '18:30:00', '19:15:00', 1, 'P'),
(1603, 441, 5, '16:00:00', '17:40:00', 2, 'T'),
(1604, 464, 2, '17:40:00', '18:30:00', 1, 'T'),
(1605, 464, 2, '18:30:00', '19:15:00', 1, 'T'),
(1606, 441, 2, '15:10:00', '17:40:00', 3, 'P'),
(1607, 529, 1, '16:50:00', '18:30:00', 2, 'P'),
(1608, 536, 1, '20:00:00', '21:30:00', 2, 'T'),
(1609, 544, 2, '20:00:00', '21:30:00', 2, 'T'),
(1610, 529, 3, '16:50:00', '18:30:00', 2, 'T'),
(1611, 536, 3, '20:00:00', '21:30:00', 2, 'P'),
(1612, 544, 3, '20:00:00', '21:30:00', 2, 'P'),
(1613, 689, 5, '10:30:00', '13:00:00', 3, 'T'),
(1614, 649, 1, '16:50:00', '18:30:00', 2, 'T'),
(1615, 634, 2, '08:00:00', '09:40:00', 2, 'P'),
(1616, 618, 2, '11:20:00', '13:00:00', 2, 'P'),
(1617, 649, 2, '19:15:00', '20:45:00', 2, 'P'),
(1618, 634, 3, '11:20:00', '13:00:00', 2, 'P'),
(1620, 618, 4, '09:40:00', '11:20:00', 2, 'T'),
(1621, 499, 1, '16:00:00', '17:40:00', 2, 'T'),
(1622, 443, 1, '19:15:00', '20:45:00', 2, 'T'),
(1623, 546, 2, '16:00:00', '17:40:00', 2, 'T'),
(1624, 566, 2, '18:30:00', '20:45:00', 3, 'P'),
(1625, 455, 3, '16:50:00', '18:30:00', 2, 'P'),
(1626, 468, 3, '20:00:00', '21:30:00', 2, 'P'),
(1627, 455, 4, '17:40:00', '18:30:00', 1, 'P'),
(1628, 455, 4, '18:30:00', '19:15:00', 1, 'P'),
(1629, 443, 4, '19:15:00', '22:15:00', 4, 'P'),
(1630, 546, 5, '16:00:00', '18:30:00', 3, 'P'),
(1631, 499, 5, '17:40:00', '18:30:00', 1, 'P'),
(1632, 499, 5, '18:30:00', '19:15:00', 1, 'P'),
(1633, 468, 5, '20:45:00', '22:15:00', 2, 'T'),
(1634, 599, 1, '16:00:00', '18:30:00', 3, 'P'),
(1635, 606, 1, '18:30:00', '20:45:00', 3, 'T'),
(1636, 592, 3, '16:00:00', '18:30:00', 3, 'T'),
(1637, 613, 3, '18:30:00', '20:45:00', 3, 'T'),
(1638, 633, 1, '08:00:00', '09:40:00', 2, 'P'),
(1639, 633, 1, '09:40:00', '11:20:00', 2, 'P'),
(1640, 640, 1, '16:00:00', '17:40:00', 2, 'P'),
(1641, 601, 2, '15:10:00', '18:30:00', 4, 'P'),
(1642, 601, 4, '16:50:00', '18:30:00', 2, 'T'),
(1643, 640, 4, '20:00:00', '21:30:00', 2, 'P'),
(1644, 645, 1, '16:50:00', '18:30:00', 2, 'T'),
(1645, 651, 1, '18:30:00', '20:00:00', 2, 'T'),
(1646, 704, 1, '20:45:00', '22:15:00', 2, 'P'),
(1647, 714, 2, '20:45:00', '22:15:00', 2, 'T'),
(1648, 630, 3, '08:00:00', '11:20:00', 4, 'P'),
(1649, 645, 3, '19:15:00', '22:15:00', 4, 'P'),
(1650, 630, 4, '10:30:00', '12:10:00', 2, 'P'),
(1653, 651, 4, '17:40:00', '18:30:00', 1, 'P'),
(1654, 651, 4, '18:30:00', '19:15:00', 1, 'P'),
(1655, 704, 5, '16:00:00', '18:30:00', 3, 'P'),
(1656, 714, 5, '20:45:00', '22:15:00', 2, 'P'),
(1657, 621, 1, '11:20:00', '13:00:00', 2, 'T'),
(1658, 621, 3, '10:30:00', '13:00:00', 3, 'P'),
(1659, 650, 3, '16:50:00', '18:30:00', 2, 'P'),
(1660, 650, 5, '18:30:00', '20:00:00', 2, 'T'),
(1662, 716, 1, '18:30:00', '20:00:00', 2, 'P'),
(1663, 690, 1, '20:45:00', '22:15:00', 2, 'T'),
(1664, 584, 2, '08:00:00', '10:30:00', 3, 'P'),
(1665, 570, 2, '10:30:00', '13:00:00', 3, 'P'),
(1666, 705, 2, '17:40:00', '18:30:00', 1, 'P'),
(1667, 705, 2, '18:30:00', '19:15:00', 1, 'P'),
(1668, 721, 2, '20:00:00', '21:30:00', 2, 'T'),
(1669, 576, 3, '10:30:00', '13:00:00', 3, 'T'),
(1670, 690, 3, '18:30:00', '20:45:00', 3, 'P'),
(1671, 716, 3, '20:45:00', '22:15:00', 2, 'T'),
(1672, 721, 4, '17:40:00', '18:30:00', 1, 'P'),
(1673, 721, 4, '18:30:00', '20:00:00', 2, 'P'),
(1674, 705, 4, '20:00:00', '21:30:00', 2, 'P'),
(1675, 569, 5, '08:00:00', '10:30:00', 3, 'P'),
(1676, 570, 5, '11:20:00', '13:00:00', 2, 'P'),
(1677, 584, 1, '09:40:00', '11:20:00', 2, 'P'),
(1678, 880, 1, '13:30:00', '15:10:00', 2, 'P'),
(1679, 873, 1, '15:10:00', '16:50:00', 2, 'P'),
(1680, 852, 2, '08:00:00', '09:40:00', 2, 'P'),
(1681, 859, 2, '09:40:00', '11:20:00', 2, 'P'),
(1682, 852, 4, '08:00:00', '10:30:00', 3, 'P'),
(1683, 859, 4, '10:30:00', '13:00:00', 3, 'P'),
(1684, 873, 5, '13:30:00', '16:00:00', 3, 'P'),
(1685, 880, 5, '16:00:00', '18:30:00', 3, 'P'),
(1687, 991, 2, '19:15:00', '20:45:00', 2, 'T'),
(1688, 991, 5, '19:15:00', '21:30:00', 3, 'P'),
(1689, 899, 1, '16:00:00', '17:40:00', 2, 'T'),
(1690, 924, 1, '17:40:00', '18:30:00', 1, 'P'),
(1691, 924, 1, '18:30:00', '19:15:00', 1, 'P'),
(1692, 924, 2, '20:00:00', '21:30:00', 2, 'T'),
(1693, 899, 3, '20:00:00', '21:30:00', 2, 'P'),
(1694, 866, 1, '08:00:00', '09:40:00', 2, 'P'),
(1696, 928, 1, '19:15:00', '20:45:00', 2, 'P'),
(1697, 942, 2, '08:00:00', '10:30:00', 3, 'T'),
(1698, 931, 2, '20:00:00', '22:15:00', 3, 'T'),
(1699, 866, 3, '10:30:00', '11:20:00', 1, 'T'),
(1700, 928, 3, '17:40:00', '18:30:00', 1, 'T'),
(1701, 928, 3, '18:30:00', '19:15:00', 1, 'T'),
(1702, 949, 4, '13:30:00', '16:00:00', 3, 'T'),
(1703, 866, 1, '09:40:00', '11:20:00', 2, 'P'),
(1704, 995, 1, '20:45:00', '22:15:00', 2, 'T'),
(1705, 989, 2, '20:45:00', '22:15:00', 2, 'T'),
(1706, 989, 4, '20:00:00', '21:30:00', 2, 'P'),
(1707, 995, 5, '20:00:00', '22:15:00', 3, 'P'),
(1708, 773, 1, '16:00:00', '18:30:00', 3, 'T'),
(1709, 793, 2, '16:00:00', '17:40:00', 2, 'T'),
(1710, 773, 3, '16:00:00', '17:40:00', 2, 'T'),
(1711, 793, 4, '16:00:00', '17:40:00', 2, 'P'),
(1712, 796, 4, '19:15:00', '21:30:00', 3, 'T'),
(1713, 764, 5, '08:00:00', '10:30:00', 3, 'T'),
(1714, 843, 5, '10:30:00', '13:00:00', 3, 'T'),
(1715, 770, 5, '16:00:00', '17:40:00', 2, 'P'),
(1716, 985, 1, '17:40:00', '18:30:00', 1, 'P'),
(1717, 985, 1, '18:30:00', '20:00:00', 2, 'P'),
(1718, 935, 2, '17:40:00', '18:30:00', 1, 'P'),
(1719, 935, 2, '18:30:00', '20:00:00', 2, 'P'),
(1720, 935, 3, '20:45:00', '22:15:00', 2, 'T'),
(1721, 977, 6, '08:00:00', '10:30:00', 3, 'T'),
(1722, 910, 6, '10:30:00', '13:00:00', 3, 'T'),
(1723, 917, 5, '19:15:00', '21:30:00', 3, 'T'),
(1725, 929, 4, '20:00:00', '22:15:00', 3, 'T'),
(1726, 759, 5, '20:00:00', '22:15:00', 3, 'T'),
(1727, 923, 3, '19:15:00', '21:30:00', 3, 'T'),
(1728, 863, 3, '08:00:00', '10:30:00', 3, 'T'),
(1729, 856, 3, '10:30:00', '13:00:00', 3, 'T'),
(1730, 792, 1, '20:45:00', '22:15:00', 2, 'P'),
(1731, 792, 5, '20:45:00', '23:00:00', 3, 'T'),
(1732, 752, 1, '19:15:00', '21:30:00', 3, 'T'),
(1733, 755, 2, '18:30:00', '20:00:00', 2, 'T'),
(1734, 755, 3, '18:30:00', '20:00:00', 2, 'P'),
(1735, 988, 1, '20:45:00', '23:00:00', 3, 'T'),
(1736, 981, 2, '18:30:00', '20:45:00', 3, 'T'),
(1737, 988, 3, '17:40:00', '18:30:00', 1, 'T'),
(1738, 988, 3, '18:30:00', '19:15:00', 1, 'T'),
(1739, 984, 5, '18:30:00', '20:45:00', 3, 'T'),
(1740, 869, 1, '11:20:00', '13:00:00', 2, 'T'),
(1741, 869, 4, '09:40:00', '11:20:00', 2, 'P'),
(1742, 869, 4, '11:20:00', '13:00:00', 2, 'P'),
(1743, 865, 5, '08:00:00', '10:30:00', 3, 'P'),
(1744, 980, 1, '20:00:00', '21:30:00', 2, 'P'),
(1745, 953, 1, '21:30:00', '23:00:00', 2, 'P'),
(1746, 953, 2, '18:30:00', '20:00:00', 2, 'P'),
(1747, 966, 2, '20:00:00', '22:15:00', 3, 'P'),
(1748, 980, 3, '18:30:00', '20:00:00', 2, 'P'),
(1749, 966, 3, '20:00:00', '21:30:00', 2, 'P'),
(1750, 998, 1, '16:00:00', '17:40:00', 2, 'T'),
(1751, 936, 1, '17:40:00', '18:30:00', 1, 'T'),
(1752, 936, 1, '18:30:00', '19:15:00', 1, 'T'),
(1756, 998, 2, '16:00:00', '17:40:00', 2, 'T'),
(1757, 930, 2, '17:40:00', '18:30:00', 1, 'T'),
(1758, 930, 2, '18:30:00', '19:15:00', 1, 'T'),
(1759, 930, 5, '16:00:00', '17:40:00', 2, 'T'),
(1760, 936, 5, '20:00:00', '21:30:00', 2, 'T');

-- --------------------------------------------------------

--
-- Estructura de tabla para la tabla `horarios`
--

CREATE TABLE `horarios` (
  `idHorario` int(11) NOT NULL,
  `idPersonalHorario` int(11) DEFAULT NULL,
  `diaHorario` tinyint(4) NOT NULL,
  `horaEntrada` time NOT NULL,
  `horaSalida` time NOT NULL,
  `estadoHorario` tinyint(1) NOT NULL DEFAULT 1,
  `fechaHorario` timestamp NOT NULL DEFAULT current_timestamp() ON UPDATE current_timestamp()
) ENGINE=InnoDB DEFAULT CHARSET=utf8;

-- --------------------------------------------------------

--
-- Estructura de tabla para la tabla `horario_curso`
--

CREATE TABLE `horario_curso` (
  `idHorarioCurso` int(11) NOT NULL,
  `idPersonalHor` int(11) DEFAULT NULL,
  `idSeccionHor` int(11) DEFAULT NULL,
  `idCursoHor` int(11) DEFAULT NULL,
  `linkCurso` text DEFAULT NULL,
  `estadoCursoSeccion` tinyint(1) NOT NULL DEFAULT 1,
  `fechaCursoSeccion` timestamp NOT NULL DEFAULT current_timestamp() ON UPDATE current_timestamp()
) ENGINE=InnoDB DEFAULT CHARSET=utf8;

--
-- Volcado de datos para la tabla `horario_curso`
--

INSERT INTO `horario_curso` (`idHorarioCurso`, `idPersonalHor`, `idSeccionHor`, `idCursoHor`, `linkCurso`, `estadoCursoSeccion`, `fechaCursoSeccion`) VALUES
(25, 57, 11, 2, NULL, 1, '2022-08-01 22:30:58'),
(26, 51, 11, 3, NULL, 1, '2022-08-01 20:37:49'),
(27, 43, 11, 4, NULL, 1, '2022-08-01 17:45:13'),
(28, 52, 11, 5, NULL, 1, '2022-08-01 21:07:50'),
(29, 126, 11, 6, NULL, 1, '2022-08-03 22:08:27'),
(30, 34, 11, 7, NULL, 1, '2022-08-01 14:18:26'),
(31, 55, 12, 2, NULL, 1, '2022-08-01 22:02:17'),
(32, 128, 12, 3, NULL, 1, '2022-08-03 22:19:29'),
(33, 43, 12, 4, NULL, 1, '2022-08-01 17:44:46'),
(34, 52, 12, 5, NULL, 1, '2022-08-01 21:10:15'),
(35, 41, 12, 6, NULL, 1, '2022-08-01 17:27:55'),
(36, 27, 12, 7, NULL, 1, '2022-08-01 04:56:37'),
(37, 55, 13, 2, NULL, 1, '2022-08-01 22:01:49'),
(38, 128, 13, 3, NULL, 1, '2022-08-03 22:18:24'),
(39, 43, 13, 4, NULL, 1, '2022-08-01 17:44:10'),
(40, 52, 13, 5, NULL, 1, '2022-08-01 21:09:48'),
(41, 118, 13, 6, NULL, 1, '2022-08-03 20:15:19'),
(42, 82, 13, 7, NULL, 1, '2022-08-02 16:00:25'),
(43, 23, 14, 8, NULL, 1, '2022-08-01 03:53:52'),
(44, 43, 14, 9, NULL, 1, '2022-08-01 17:43:48'),
(45, 18, 14, 10, NULL, 1, '2022-07-27 22:52:00'),
(46, 33, 14, 11, NULL, 1, '2022-08-01 14:03:52'),
(47, 121, 14, 12, NULL, 1, '2022-08-03 21:00:23'),
(48, 116, 15, 8, NULL, 1, '2022-08-03 18:03:05'),
(49, 43, 15, 9, NULL, 1, '2022-08-01 17:48:20'),
(50, 18, 15, 10, NULL, 1, '2022-07-27 22:37:08'),
(51, 33, 15, 11, NULL, 1, '2022-08-01 14:03:02'),
(52, 52, 15, 12, NULL, 1, '2022-08-01 21:11:53'),
(53, 23, 16, 13, NULL, 1, '2022-08-01 04:05:43'),
(54, 23, 16, 14, NULL, 1, '2022-08-01 03:51:02'),
(55, 121, 16, 15, NULL, 1, '2022-08-03 21:02:37'),
(56, 37, 16, 16, NULL, 1, '2022-08-01 14:57:48'),
(57, 126, 16, 17, NULL, 1, '2022-08-03 22:07:50'),
(58, 77, 16, 18, NULL, 1, '2022-08-02 15:02:02'),
(59, 32, 16, 19, NULL, 1, '2022-08-01 13:50:54'),
(60, 23, 17, 13, NULL, 1, '2022-08-01 03:55:43'),
(61, 23, 17, 14, NULL, 1, '2022-08-01 03:58:40'),
(62, 43, 17, 15, NULL, 1, '2022-08-01 17:46:53'),
(63, 18, 17, 16, NULL, 1, '2022-07-27 22:41:05'),
(64, 122, 17, 17, NULL, 1, '2022-08-03 21:16:25'),
(65, 77, 17, 18, NULL, 1, '2022-08-02 15:00:31'),
(66, 32, 17, 19, NULL, 1, '2022-08-01 13:57:29'),
(67, 116, 18, 20, NULL, 1, '2022-08-03 18:02:40'),
(68, 51, 18, 21, NULL, 1, '2022-08-01 20:39:51'),
(69, 23, 18, 22, NULL, 1, '2022-08-01 03:55:09'),
(70, 127, 18, 23, NULL, 1, '2022-08-03 22:14:36'),
(71, 45, 18, 24, NULL, 1, '2022-08-01 18:10:00'),
(72, 38, 18, 25, NULL, 1, '2022-08-01 15:08:53'),
(73, 127, 19, 26, NULL, 1, '2022-08-03 22:15:02'),
(74, 51, 19, 27, NULL, 1, '2022-08-01 20:47:52'),
(75, 23, 19, 28, NULL, 1, '2022-08-01 03:54:28'),
(76, 43, 19, 29, NULL, 1, '2022-08-01 17:51:55'),
(77, 45, 19, 30, NULL, 1, '2022-08-01 18:09:27'),
(78, 38, 19, 31, NULL, 1, '2022-08-01 15:05:20'),
(79, 40, 19, 32, NULL, 1, '2022-08-01 17:20:42'),
(80, 23, 20, 33, NULL, 1, '2022-08-01 03:51:45'),
(81, 45, 20, 34, NULL, 1, '2022-08-01 18:08:44'),
(82, 52, 20, 35, NULL, 1, '2022-08-01 21:08:26'),
(83, 51, 20, 36, NULL, 1, '2022-08-01 20:50:40'),
(84, 43, 20, 37, NULL, 1, '2022-08-01 17:50:27'),
(85, 48, 20, 38, NULL, 1, '2022-08-01 20:09:58'),
(86, 128, 20, 39, NULL, 1, '2022-08-03 22:17:58'),
(87, 49, 21, 40, NULL, 1, '2022-08-01 20:22:41'),
(88, 51, 21, 41, NULL, 1, '2022-08-01 20:52:19'),
(89, 126, 21, 42, NULL, 1, '2022-08-03 22:07:17'),
(90, 25, 21, 43, NULL, 1, '2022-08-01 04:36:45'),
(91, 25, 21, 44, NULL, 1, '2022-08-01 04:37:18'),
(92, 51, 21, 45, NULL, 1, '2022-08-01 20:38:28'),
(93, 61, 21, 46, NULL, 1, '2022-08-01 23:03:47'),
(94, 27, 21, 47, NULL, 1, '2022-08-01 04:55:22'),
(95, 49, 22, 40, NULL, 1, '2022-08-01 20:30:23'),
(96, 51, 22, 41, NULL, 1, '2022-08-01 20:54:17'),
(97, 122, 22, 42, NULL, 1, '2022-08-03 21:15:57'),
(98, 25, 22, 43, NULL, 1, '2022-08-01 04:34:12'),
(99, 25, 22, 44, NULL, 1, '2022-08-01 04:38:13'),
(100, 33, 22, 45, NULL, 1, '2022-08-01 14:04:20'),
(101, 55, 22, 46, NULL, 1, '2022-08-01 22:00:18'),
(102, 27, 22, 47, NULL, 1, '2022-08-01 04:49:44'),
(103, 49, 23, 40, NULL, 1, '2022-08-01 20:23:23'),
(104, 51, 23, 41, NULL, 1, '2022-08-01 20:56:52'),
(105, 41, 23, 42, NULL, 1, '2022-08-01 17:32:19'),
(106, 128, 23, 43, NULL, 1, '2022-08-03 22:17:37'),
(107, 25, 23, 44, NULL, 1, '2022-08-01 04:35:39'),
(108, 33, 23, 45, NULL, 1, '2022-08-01 14:08:26'),
(109, 55, 23, 46, NULL, 1, '2022-08-01 22:00:46'),
(110, 27, 23, 47, NULL, 1, '2022-08-01 04:51:45'),
(111, 30, 24, 48, NULL, 1, '2022-08-01 13:36:41'),
(112, 25, 24, 49, NULL, 1, '2022-08-01 04:39:18'),
(113, 51, 24, 50, NULL, 1, '2022-08-01 20:43:17'),
(114, 29, 24, 51, NULL, 1, '2022-08-01 13:27:10'),
(115, 41, 24, 52, NULL, 1, '2022-08-01 17:26:33'),
(116, NULL, 24, 53, NULL, 1, '2022-07-21 22:49:26'),
(117, 33, 25, 54, NULL, 1, '2022-08-01 14:02:35'),
(118, 51, 25, 55, NULL, 1, '2022-08-01 20:45:11'),
(119, 28, 25, 56, NULL, 1, '2022-08-01 13:24:27'),
(120, 18, 25, 57, NULL, 1, '2022-07-27 22:48:55'),
(121, 25, 25, 58, NULL, 1, '2022-08-01 04:35:00'),
(122, 135, 25, 59, NULL, 1, '2022-08-04 02:18:19'),
(123, 23, 25, 60, NULL, 1, '2022-08-01 13:56:52'),
(124, 28, 26, 68, NULL, 1, '2022-08-01 13:23:03'),
(125, 25, 26, 69, NULL, 1, '2022-08-01 04:40:02'),
(126, 17, 26, 70, NULL, 1, '2022-07-27 23:21:20'),
(127, 33, 26, 71, NULL, 1, '2022-08-01 14:02:10'),
(128, 49, 26, 72, NULL, 1, '2022-08-01 20:29:09'),
(129, NULL, 26, 73, NULL, 1, '2022-07-21 22:50:51'),
(130, 43, 27, 61, NULL, 1, '2022-08-01 17:45:49'),
(131, 28, 27, 62, NULL, 1, '2022-08-01 13:22:16'),
(132, 49, 27, 63, NULL, 1, '2022-08-01 20:17:42'),
(133, 29, 27, 64, NULL, 1, '2022-08-01 13:28:57'),
(134, 38, 27, 66, NULL, 1, '2022-08-01 15:07:09'),
(135, 40, 27, 67, NULL, 1, '2022-08-01 17:19:23'),
(136, 33, 28, 65, NULL, 1, '2022-08-01 14:05:17'),
(137, 51, 28, 74, NULL, 1, '2022-08-01 20:38:58'),
(138, 29, 28, 75, NULL, 1, '2022-08-01 13:28:24'),
(139, 17, 28, 76, NULL, 1, '2022-07-27 23:24:38'),
(140, 49, 28, 77, NULL, 1, '2022-08-01 20:19:03'),
(141, 48, 28, 78, NULL, 1, '2022-08-01 20:11:49'),
(142, NULL, 28, 79, NULL, 1, '2022-07-21 22:51:51'),
(143, 136, 29, 80, NULL, 1, '2022-08-04 02:43:19'),
(144, 37, 29, 81, NULL, 1, '2022-08-01 14:53:41'),
(145, 30, 29, 82, NULL, 1, '2022-08-01 13:33:16'),
(146, 126, 29, 83, NULL, 1, '2022-08-03 22:08:52'),
(147, 51, 29, 84, NULL, 1, '2022-08-01 20:40:29'),
(148, 57, 29, 85, NULL, 1, '2022-08-01 22:30:02'),
(149, 27, 29, 86, NULL, 1, '2022-08-01 05:02:06'),
(150, 30, 30, 80, NULL, 1, '2022-08-01 13:31:45'),
(151, 37, 30, 81, NULL, 1, '2022-08-01 14:56:34'),
(152, 18, 30, 82, NULL, 1, '2022-07-27 22:47:49'),
(153, 118, 30, 83, NULL, 1, '2022-08-03 20:15:50'),
(154, 23, 30, 84, NULL, 1, '2022-08-01 03:57:08'),
(155, 55, 30, 85, NULL, 1, '2022-08-01 22:03:28'),
(156, 82, 30, 86, NULL, 1, '2022-08-02 15:56:44'),
(157, 30, 31, 80, NULL, 1, '2022-08-01 13:36:10'),
(158, 37, 31, 81, NULL, 1, '2022-08-01 14:56:59'),
(159, 18, 31, 82, NULL, 1, '2022-07-27 22:45:24'),
(160, 122, 31, 83, NULL, 1, '2022-08-03 21:16:57'),
(161, 51, 31, 84, NULL, 1, '2022-08-01 20:39:24'),
(162, 55, 31, 85, NULL, 1, '2022-08-01 22:02:46'),
(163, 27, 31, 86, NULL, 1, '2022-08-01 04:50:59'),
(164, NULL, 32, 87, NULL, 1, '2022-07-21 22:53:53'),
(165, 37, 32, 88, NULL, 1, '2022-08-01 14:54:08'),
(166, 133, 32, 89, NULL, 1, '2022-08-03 23:12:24'),
(167, 135, 32, 90, NULL, 1, '2022-08-04 02:16:04'),
(168, 30, 32, 91, NULL, 1, '2022-08-01 13:34:01'),
(169, 41, 32, 92, NULL, 1, '2022-08-01 17:29:05'),
(170, 133, 33, 93, NULL, 1, '2022-08-03 23:12:58'),
(171, 18, 33, 94, NULL, 1, '2022-07-27 22:56:35'),
(172, 30, 33, 95, NULL, 1, '2022-08-01 13:35:14'),
(173, 37, 33, 96, NULL, 1, '2022-08-01 14:53:17'),
(174, 126, 33, 97, NULL, 1, '2022-08-03 22:10:12'),
(175, 133, 33, 98, NULL, 1, '2022-08-03 23:11:41'),
(176, 121, 33, 99, NULL, 1, '2022-08-03 21:05:33'),
(177, 23, 33, 100, NULL, 1, '2022-08-01 04:08:45'),
(178, 30, 34, 93, NULL, 1, '2022-08-01 13:32:25'),
(179, 18, 34, 94, NULL, 1, '2022-07-27 22:58:48'),
(180, 30, 34, 95, NULL, 1, '2022-08-01 13:32:12'),
(181, 37, 34, 96, NULL, 1, '2022-08-01 15:00:46'),
(182, 126, 34, 97, NULL, 1, '2022-08-03 22:09:17'),
(183, 133, 34, 98, NULL, 1, '2022-08-03 23:13:55'),
(184, 135, 34, 99, NULL, 1, '2022-08-04 02:16:31'),
(185, 23, 34, 100, NULL, 1, '2022-08-01 04:03:56'),
(186, 136, 35, 101, NULL, 1, '2022-08-04 02:45:39'),
(187, 33, 35, 102, NULL, 1, '2022-08-01 14:05:46'),
(188, 30, 35, 103, NULL, 1, '2022-08-01 13:38:02'),
(189, 45, 35, 104, NULL, 1, '2022-08-01 18:12:37'),
(190, 37, 35, 105, NULL, 1, '2022-08-01 14:54:36'),
(191, 133, 35, 106, NULL, 1, '2022-08-03 23:14:56'),
(192, NULL, 35, 107, NULL, 1, '2022-07-21 22:57:47'),
(193, 18, 36, 108, NULL, 1, '2022-07-27 22:49:50'),
(194, 133, 36, 109, NULL, 1, '2022-08-03 23:12:01'),
(195, 37, 36, 110, NULL, 1, '2022-08-01 14:55:37'),
(196, 136, 36, 111, NULL, 1, '2022-08-04 02:43:39'),
(197, 45, 36, 112, NULL, 1, '2022-08-01 18:11:40'),
(198, 38, 36, 113, NULL, 1, '2022-08-01 15:06:41'),
(199, 48, 36, 114, NULL, 1, '2022-08-01 20:11:20'),
(200, 45, 37, 115, NULL, 1, '2022-08-01 18:08:16'),
(201, 37, 37, 116, NULL, 1, '2022-08-01 14:55:03'),
(202, 17, 37, 117, NULL, 1, '2022-07-27 23:22:11'),
(203, 18, 37, 118, NULL, 1, '2022-07-27 22:50:31'),
(204, 48, 37, 119, NULL, 1, '2022-08-01 20:09:30'),
(205, NULL, 37, 120, NULL, 1, '2022-07-21 22:59:18'),
(206, 46, 38, 121, NULL, 1, '2022-08-01 20:01:12'),
(207, 125, 38, 122, NULL, 1, '2022-08-03 21:59:33'),
(208, 134, 38, 123, NULL, 1, '2022-08-03 23:21:47'),
(209, 118, 38, 124, NULL, 1, '2022-08-03 20:12:27'),
(210, 44, 38, 125, NULL, 1, '2022-08-01 17:55:08'),
(211, 121, 38, 126, NULL, 1, '2022-08-03 21:02:05'),
(212, 34, 38, 127, NULL, 1, '2022-08-01 14:14:07'),
(213, 46, 39, 121, NULL, 1, '2022-08-01 20:02:06'),
(214, 125, 39, 122, NULL, 1, '2022-08-03 22:01:47'),
(215, 134, 39, 123, NULL, 1, '2022-08-03 23:19:35'),
(216, 118, 39, 124, NULL, 1, '2022-08-03 20:17:41'),
(217, 24, 39, 125, NULL, 1, '2022-08-01 04:26:16'),
(218, 49, 39, 126, NULL, 1, '2022-08-01 20:16:33'),
(219, 34, 39, 127, NULL, 1, '2022-08-01 14:17:10'),
(220, 46, 40, 121, NULL, 1, '2022-08-01 19:58:07'),
(221, 125, 40, 122, NULL, 1, '2022-08-03 22:01:18'),
(222, 134, 40, 123, NULL, 1, '2022-08-03 23:19:59'),
(223, 118, 40, 124, NULL, 1, '2022-08-03 20:18:30'),
(224, 24, 40, 125, NULL, 1, '2022-08-01 04:24:18'),
(225, 121, 40, 126, NULL, 1, '2022-08-03 21:01:26'),
(226, 34, 40, 127, NULL, 1, '2022-08-01 14:12:12'),
(227, 53, 41, 121, NULL, 1, '2022-08-01 21:26:25'),
(228, NULL, 41, 122, NULL, 1, '2022-08-04 02:00:53'),
(229, 134, 41, 123, NULL, 1, '2022-08-03 23:21:27'),
(230, 118, 41, 124, NULL, 1, '2022-08-03 20:12:47'),
(231, 44, 41, 125, NULL, 1, '2022-08-01 17:55:41'),
(232, 57, 41, 126, NULL, 1, '2022-08-01 22:31:41'),
(233, 34, 41, 127, NULL, 1, '2022-08-01 14:15:38'),
(234, 53, 42, 121, NULL, 1, '2022-08-01 21:27:12'),
(235, NULL, 42, 122, NULL, 1, '2022-07-21 23:01:55'),
(236, 134, 42, 123, NULL, 1, '2022-08-03 23:19:10'),
(237, 118, 42, 124, NULL, 1, '2022-08-03 20:14:50'),
(238, 44, 42, 125, NULL, 1, '2022-08-01 17:59:23'),
(239, 57, 42, 126, NULL, 1, '2022-08-01 22:34:30'),
(240, 34, 42, 127, NULL, 1, '2022-08-01 14:12:37'),
(241, 114, 43, 121, NULL, 1, '2022-08-03 17:50:34'),
(242, 124, 43, 122, NULL, 1, '2022-08-03 21:24:34'),
(243, 134, 43, 123, NULL, 1, '2022-08-03 23:22:19'),
(244, 47, 43, 124, NULL, 1, '2022-08-01 20:06:48'),
(245, 44, 43, 125, NULL, 1, '2022-08-01 17:56:09'),
(246, 36, 43, 126, NULL, 1, '2022-08-01 14:39:11'),
(247, 34, 43, 127, NULL, 1, '2022-08-01 14:15:59'),
(248, 134, 44, 121, NULL, 1, '2022-08-03 23:23:57'),
(249, 124, 44, 122, NULL, 1, '2022-08-03 21:23:08'),
(250, 134, 44, 123, NULL, 1, '2022-08-03 23:23:25'),
(251, 47, 44, 124, NULL, 1, '2022-08-01 20:05:49'),
(252, 44, 44, 125, NULL, 1, '2022-08-01 17:58:16'),
(253, 36, 44, 126, NULL, 1, '2022-08-01 14:39:37'),
(254, 34, 44, 127, NULL, 1, '2022-08-01 14:13:04'),
(255, 114, 45, 121, NULL, 1, '2022-08-03 17:50:02'),
(256, 124, 45, 122, NULL, 1, '2022-08-03 21:22:42'),
(257, 134, 45, 123, NULL, 1, '2022-08-03 23:20:18'),
(258, 47, 45, 124, NULL, 1, '2022-08-01 20:05:15'),
(259, 119, 45, 125, NULL, 1, '2022-08-03 20:45:28'),
(260, 36, 45, 126, NULL, 1, '2022-08-01 14:47:12'),
(261, 34, 45, 127, NULL, 1, '2022-08-01 14:14:44'),
(262, 129, 46, 121, NULL, 1, '2022-08-03 22:30:28'),
(263, 124, 46, 122, NULL, 1, '2022-08-03 21:24:04'),
(264, 134, 46, 123, NULL, 1, '2022-08-03 23:20:42'),
(265, 118, 46, 124, NULL, 1, '2022-08-03 20:13:49'),
(266, 44, 46, 125, NULL, 1, '2022-08-01 18:05:55'),
(267, 36, 46, 126, NULL, 1, '2022-08-01 14:51:34'),
(268, 34, 46, 127, NULL, 1, '2022-08-01 14:16:25'),
(269, 53, 47, 128, NULL, 1, '2022-08-01 21:22:39'),
(270, 117, 47, 129, NULL, 1, '2022-08-03 20:07:59'),
(271, 46, 47, 130, NULL, 1, '2022-08-01 19:58:45'),
(272, 24, 47, 131, NULL, 1, '2022-08-01 04:28:49'),
(273, 119, 47, 132, NULL, 1, '2022-08-03 20:46:17'),
(274, 121, 47, 133, NULL, 1, '2022-08-03 20:59:54'),
(275, 111, 48, 128, NULL, 1, '2022-08-03 17:20:24'),
(276, 119, 48, 129, NULL, 1, '2022-08-03 20:46:48'),
(277, 44, 48, 130, NULL, 1, '2022-08-01 17:58:48'),
(278, 24, 48, 131, NULL, 1, '2022-08-01 04:24:54'),
(279, 26, 48, 132, NULL, 1, '2022-08-03 21:10:51'),
(280, 52, 48, 133, NULL, 1, '2022-08-01 21:15:06'),
(281, 111, 49, 134, NULL, 1, '2022-08-03 17:23:04'),
(282, 39, 49, 135, NULL, 1, '2022-08-01 15:13:10'),
(283, 117, 49, 136, NULL, 1, '2022-08-03 20:07:29'),
(284, 24, 49, 137, NULL, 1, '2022-08-01 04:23:00'),
(285, 125, 49, 138, NULL, 1, '2022-08-03 21:59:13'),
(286, 121, 49, 139, NULL, 1, '2022-08-03 21:04:00'),
(287, 32, 49, 140, NULL, 1, '2022-08-01 13:53:20'),
(288, 111, 50, 134, NULL, 1, '2022-08-03 17:23:35'),
(289, 39, 50, 135, NULL, 1, '2022-08-01 15:12:42'),
(290, 117, 50, 136, NULL, 1, '2022-08-03 20:09:06'),
(291, 24, 50, 137, NULL, 1, '2022-08-01 04:23:42'),
(292, 125, 50, 138, NULL, 1, '2022-08-03 21:57:03'),
(293, 121, 50, 139, NULL, 1, '2022-08-03 21:04:51'),
(294, 32, 50, 140, NULL, 1, '2022-08-01 13:53:48'),
(295, 35, 51, 134, NULL, 1, '2022-08-01 14:27:39'),
(296, 39, 51, 135, NULL, 1, '2022-08-01 15:11:57'),
(297, 129, 51, 136, NULL, 1, '2022-08-03 22:29:35'),
(298, 111, 51, 137, NULL, 1, '2022-08-03 17:24:04'),
(299, 26, 51, 138, NULL, 1, '2022-08-03 21:11:22'),
(300, 77, 51, 139, NULL, 1, '2022-08-02 15:04:16'),
(301, 32, 51, 140, NULL, 1, '2022-08-01 13:51:36'),
(302, 35, 52, 134, NULL, 1, '2022-08-01 14:27:09'),
(303, 39, 52, 135, NULL, 1, '2022-08-01 15:13:34'),
(304, 129, 52, 136, NULL, 1, '2022-08-03 22:29:59'),
(305, 111, 52, 137, NULL, 1, '2022-08-03 17:25:48'),
(306, 26, 52, 138, NULL, 1, '2022-08-03 21:12:18'),
(307, 135, 52, 139, NULL, 1, '2022-08-04 02:15:24'),
(308, 32, 52, 140, NULL, 1, '2022-08-01 13:52:52'),
(309, 35, 53, 141, NULL, 1, '2022-08-01 14:29:35'),
(310, 24, 53, 142, NULL, 1, '2022-08-01 04:25:36'),
(311, NULL, 53, 143, NULL, 1, '2022-08-01 03:49:21'),
(312, 130, 53, 144, NULL, 1, '2022-08-03 22:35:17'),
(313, 38, 53, 145, NULL, 1, '2022-08-01 15:06:16'),
(314, 115, 54, 146, NULL, 1, '2022-08-03 17:54:44'),
(315, 39, 54, 147, NULL, 1, '2022-08-01 17:11:36'),
(316, 35, 54, 148, NULL, 1, '2022-08-01 14:28:20'),
(317, 115, 54, 149, NULL, 1, '2022-08-03 17:56:24'),
(318, 111, 54, 150, NULL, 1, '2022-08-03 17:24:33'),
(319, 38, 54, 151, NULL, 1, '2022-08-01 15:07:59'),
(320, 121, 54, 152, NULL, 1, '2022-08-03 21:00:53'),
(321, 115, 55, 146, NULL, 1, '2022-08-03 17:55:15'),
(322, 39, 55, 147, NULL, 1, '2022-08-01 17:12:45'),
(323, 35, 55, 148, NULL, 1, '2022-08-01 14:29:01'),
(324, 115, 55, 149, NULL, 1, '2022-08-03 17:56:55'),
(325, 111, 55, 150, NULL, 1, '2022-08-03 17:22:23'),
(326, 38, 55, 151, NULL, 1, '2022-08-01 15:05:44'),
(327, 121, 55, 152, NULL, 1, '2022-08-03 21:03:09'),
(328, 146, 56, 153, NULL, 1, '2022-08-04 05:15:37'),
(329, 111, 56, 154, NULL, 1, '2022-08-03 17:20:53'),
(330, 114, 56, 155, NULL, 1, '2022-08-03 17:47:03'),
(331, 146, 56, 156, NULL, 1, '2022-08-04 05:14:57'),
(332, 123, 56, 157, NULL, 1, '2022-08-03 21:19:50'),
(333, 40, 56, 158, NULL, 1, '2022-08-01 17:17:54'),
(334, 128, 56, 159, NULL, 1, '2022-08-03 22:18:47'),
(335, 124, 57, 160, NULL, 1, '2022-08-03 21:25:03'),
(336, 31, 57, 161, NULL, 1, '2022-08-01 13:43:11'),
(337, 53, 57, 162, NULL, 1, '2022-08-01 21:24:46'),
(338, 46, 57, 163, NULL, 1, '2022-08-01 19:59:32'),
(339, 44, 57, 164, NULL, 1, '2022-08-01 18:00:55'),
(340, 49, 57, 165, NULL, 1, '2022-08-01 20:17:00'),
(341, 34, 57, 166, NULL, 1, '2022-08-01 14:13:43'),
(342, 124, 58, 160, NULL, 1, '2022-08-03 21:22:09'),
(343, 31, 58, 161, NULL, 1, '2022-08-01 13:43:34'),
(344, 53, 58, 162, NULL, 1, '2022-08-01 21:22:04'),
(345, 44, 58, 163, NULL, 1, '2022-08-01 17:57:11'),
(346, 46, 58, 164, NULL, 1, '2022-08-01 20:00:29'),
(347, 57, 58, 165, NULL, 1, '2022-08-01 22:35:11'),
(348, 34, 58, 166, NULL, 1, '2022-08-01 14:15:17'),
(349, 125, 59, 160, NULL, 1, '2022-08-03 22:00:47'),
(350, NULL, 59, 161, NULL, 1, '2022-07-21 23:12:24'),
(351, 114, 59, 162, NULL, 1, '2022-08-03 17:46:25'),
(352, 132, 59, 163, NULL, 1, '2022-08-03 23:07:26'),
(353, 117, 59, 164, NULL, 1, '2022-08-03 20:08:36'),
(354, 36, 59, 165, NULL, 1, '2022-08-01 14:40:03'),
(355, 34, 59, 166, NULL, 1, '2022-08-01 14:17:38'),
(356, 125, 60, 160, NULL, 1, '2022-08-03 22:00:00'),
(357, NULL, 60, 161, NULL, 1, '2022-07-21 23:12:47'),
(358, 146, 60, 162, NULL, 1, '2022-08-04 05:16:21'),
(359, 132, 60, 163, NULL, 1, '2022-08-03 23:08:10'),
(360, 53, 60, 164, NULL, 1, '2022-08-01 21:23:49'),
(361, 36, 60, 165, NULL, 1, '2022-08-01 14:47:41'),
(362, 34, 60, 166, NULL, 1, '2022-08-01 14:18:56'),
(363, 125, 61, 160, NULL, 1, '2022-08-03 22:03:28'),
(364, NULL, 61, 161, NULL, 1, '2022-07-21 23:13:06'),
(365, 114, 61, 162, NULL, 1, '2022-08-03 17:47:41'),
(366, 114, 61, 163, NULL, 1, '2022-08-03 17:48:26'),
(367, 117, 61, 164, NULL, 1, '2022-08-03 20:09:57'),
(368, 36, 61, 165, NULL, 1, '2022-08-01 14:40:31'),
(369, 34, 61, 166, NULL, 1, '2022-08-01 14:19:19'),
(370, 31, 62, 167, NULL, 1, '2022-08-01 13:45:37'),
(371, 131, 62, 168, NULL, 1, '2022-08-03 22:56:05'),
(372, 130, 62, 169, NULL, 1, '2022-08-03 22:34:17'),
(373, 31, 62, 170, NULL, 1, '2022-08-01 13:45:08'),
(374, 130, 62, 171, NULL, 1, '2022-08-03 23:00:46'),
(375, 52, 62, 172, NULL, 1, '2022-08-01 21:14:31'),
(376, NULL, 63, 167, NULL, 1, '2022-07-21 23:14:47'),
(377, 21, 63, 168, NULL, 1, '2022-08-01 03:35:07'),
(378, 130, 63, 169, NULL, 1, '2022-08-03 22:38:06'),
(379, 75, 63, 170, NULL, 1, '2022-08-02 14:49:47'),
(380, 20, 63, 171, NULL, 1, '2022-08-01 03:24:41'),
(381, 52, 63, 172, NULL, 1, '2022-08-01 21:12:49'),
(382, NULL, 64, 167, NULL, 1, '2022-07-21 23:15:07'),
(383, 21, 64, 168, NULL, 1, '2022-08-01 03:34:39'),
(384, 130, 64, 169, NULL, 1, '2022-08-03 22:37:12'),
(385, 75, 64, 170, NULL, 1, '2022-08-02 14:48:27'),
(386, 20, 64, 171, NULL, 1, '2022-08-01 03:25:01'),
(387, 52, 64, 172, NULL, 1, '2022-08-01 21:09:10'),
(388, 130, 65, 173, NULL, 1, '2022-08-03 22:45:58'),
(389, 31, 65, 174, NULL, 1, '2022-08-01 13:44:22'),
(390, 130, 65, 175, NULL, 1, '2022-08-03 22:39:10'),
(391, 131, 65, 176, NULL, 1, '2022-08-03 23:02:40'),
(392, 131, 65, 177, NULL, 1, '2022-08-03 22:56:27'),
(393, 130, 65, 178, NULL, 1, '2022-08-03 22:48:08'),
(394, 77, 65, 179, NULL, 1, '2022-08-02 15:00:06'),
(395, 32, 65, 180, NULL, 1, '2022-08-01 13:50:30'),
(396, 130, 66, 173, NULL, 1, '2022-08-03 22:41:02'),
(397, NULL, 66, 174, NULL, 1, '2022-07-21 23:16:21'),
(398, 21, 66, 175, NULL, 1, '2022-08-01 03:35:51'),
(399, 54, 66, 176, NULL, 1, '2022-08-01 21:31:26'),
(400, 131, 66, 177, NULL, 1, '2022-08-03 23:04:26'),
(401, 20, 66, 178, NULL, 1, '2022-08-01 03:26:21'),
(402, 77, 66, 179, NULL, 1, '2022-08-02 15:02:38'),
(403, 32, 66, 180, NULL, 1, '2022-08-01 13:59:00'),
(404, 18, 67, 181, NULL, 1, '2022-07-27 22:55:23'),
(405, 120, 67, 182, NULL, 1, '2022-08-03 20:56:00'),
(406, 130, 67, 183, NULL, 1, '2022-08-03 22:40:13'),
(407, 113, 67, 184, NULL, 1, '2022-08-03 17:34:30'),
(408, 54, 67, 185, NULL, 1, '2022-08-01 21:32:42'),
(409, 38, 67, 186, NULL, 1, '2022-08-01 15:09:33'),
(410, 113, 68, 187, NULL, 1, '2022-08-03 17:35:31'),
(411, 42, 68, 188, NULL, 1, '2022-08-01 17:39:43'),
(412, 54, 68, 189, NULL, 1, '2022-08-01 21:33:27'),
(413, 21, 68, 190, NULL, 1, '2022-08-01 03:36:09'),
(414, 38, 68, 191, NULL, 1, '2022-08-01 15:09:58'),
(415, 40, 68, 192, NULL, 1, '2022-08-01 17:18:19'),
(416, 54, 69, 193, NULL, 1, '2022-08-01 21:30:53'),
(417, 42, 69, 194, NULL, 1, '2022-08-01 17:39:04'),
(418, 42, 69, 195, NULL, 1, '2022-08-01 17:40:10'),
(419, 54, 69, 196, NULL, 1, '2022-08-01 21:31:58'),
(420, 40, 69, 197, NULL, 1, '2022-08-01 17:20:09'),
(421, 128, 69, 198, NULL, 1, '2022-08-03 22:22:20'),
(422, 77, 70, 2, NULL, 1, '2022-08-02 15:07:23'),
(423, 149, 70, 3, NULL, 1, '2022-08-04 05:44:20'),
(424, 145, 70, 4, NULL, 1, '2022-08-04 04:27:22'),
(425, 73, 70, 5, NULL, 1, '2022-08-02 14:20:56'),
(426, 76, 70, 6, NULL, 1, '2022-08-02 14:53:42'),
(427, NULL, 70, 7, NULL, 1, '2022-07-22 16:06:20'),
(428, 118, 71, 2, NULL, 1, '2022-08-03 20:20:35'),
(429, NULL, 71, 3, NULL, 1, '2022-07-22 16:07:08'),
(430, 149, 71, 4, NULL, 1, '2022-08-04 05:44:50'),
(431, 73, 71, 5, NULL, 1, '2022-08-02 14:21:28'),
(432, 69, 71, 6, NULL, 1, '2022-08-02 13:49:41'),
(433, 82, 71, 7, NULL, 1, '2022-08-02 16:01:30'),
(440, NULL, 73, 8, NULL, 1, '2022-07-22 16:07:41'),
(441, 149, 73, 9, NULL, 1, '2022-08-04 05:45:55'),
(442, 81, 73, 10, NULL, 1, '2022-08-02 15:38:11'),
(443, 152, 73, 11, NULL, 1, '2022-08-04 13:44:16'),
(444, 72, 73, 12, NULL, 1, '2022-08-02 14:11:01'),
(445, 118, 74, 2, NULL, 1, '2022-08-03 20:16:32'),
(446, 77, 74, 3, NULL, 1, '2022-08-02 15:01:27'),
(447, 57, 74, 4, NULL, 1, '2022-08-01 22:22:40'),
(448, 145, 74, 5, NULL, 1, '2022-08-04 04:29:01'),
(449, 69, 74, 6, NULL, 1, '2022-08-02 13:52:31'),
(450, NULL, 74, 7, NULL, 1, '2022-07-22 16:09:04'),
(451, NULL, 75, 13, NULL, 1, '2022-07-22 16:13:52'),
(452, 63, 75, 14, NULL, 1, '2022-08-04 04:36:24'),
(453, 50, 75, 15, NULL, 1, '2022-08-04 05:38:44'),
(454, 81, 75, 16, NULL, 1, '2022-08-02 15:39:30'),
(455, 152, 75, 17, NULL, 1, '2022-08-04 13:45:49'),
(456, 57, 75, 18, NULL, 1, '2022-08-01 22:23:50'),
(457, 72, 75, 19, NULL, 1, '2022-08-02 14:12:06'),
(458, 50, 76, 20, NULL, 1, '2022-08-04 05:37:26'),
(459, 41, 76, 21, NULL, 1, '2022-08-01 17:26:06'),
(460, 83, 76, 22, NULL, 1, '2022-08-02 16:12:53'),
(461, 77, 76, 23, NULL, 1, '2022-08-02 15:05:55'),
(462, NULL, 76, 24, NULL, 1, '2022-07-22 16:14:13'),
(463, 70, 76, 25, NULL, 1, '2022-08-02 13:58:47'),
(464, 149, 77, 26, NULL, 1, '2022-08-04 05:46:49'),
(465, NULL, 77, 27, NULL, 1, '2022-07-22 16:14:25'),
(466, 50, 77, 28, NULL, 1, '2022-08-04 05:36:46'),
(467, 41, 77, 29, NULL, 1, '2022-08-01 17:27:18'),
(468, 152, 77, 30, NULL, 1, '2022-08-04 13:46:19'),
(469, 70, 77, 31, NULL, 1, '2022-08-02 14:01:55'),
(470, 80, 77, 32, NULL, 1, '2022-08-02 15:30:07'),
(471, 145, 78, 40, NULL, 1, '2022-08-04 04:30:13'),
(472, 73, 78, 41, NULL, 1, '2022-08-02 14:23:06'),
(473, 57, 78, 42, NULL, 1, '2022-08-01 22:21:33'),
(474, 66, 78, 43, NULL, 1, '2022-08-02 13:34:30'),
(475, 63, 78, 44, NULL, 1, '2022-08-04 04:36:55'),
(476, 138, 78, 45, NULL, 1, '2022-08-04 03:08:11'),
(477, 63, 78, 46, NULL, 1, '2022-08-04 04:42:11'),
(478, 82, 78, 47, NULL, 1, '2022-08-02 16:04:33'),
(479, 145, 79, 40, NULL, 1, '2022-08-04 04:25:41'),
(480, 73, 79, 41, NULL, 1, '2022-08-02 14:27:06'),
(481, 69, 79, 42, NULL, 1, '2022-08-02 13:51:21'),
(482, 41, 79, 43, NULL, 1, '2022-08-01 17:28:37'),
(483, 63, 79, 44, NULL, 1, '2022-08-04 04:35:30'),
(484, 138, 79, 45, NULL, 1, '2022-08-04 03:09:57'),
(485, 142, 79, 46, NULL, 1, '2022-08-04 03:39:44'),
(486, 82, 79, 47, NULL, 1, '2022-08-02 16:05:23'),
(487, 145, 80, 40, NULL, 1, '2022-08-04 04:26:07'),
(488, 73, 80, 41, NULL, 1, '2022-08-02 14:23:57'),
(489, 69, 80, 42, NULL, 1, '2022-08-02 13:56:06'),
(490, 41, 80, 43, NULL, 1, '2022-08-01 17:37:04'),
(491, 63, 80, 44, NULL, 1, '2022-08-04 04:40:09'),
(492, 138, 80, 45, NULL, 1, '2022-08-04 03:09:32'),
(493, 63, 80, 46, NULL, 1, '2022-08-04 04:43:07'),
(494, 82, 80, 47, NULL, 1, '2022-08-02 16:02:35'),
(495, 145, 81, 48, NULL, 1, '2022-08-04 04:26:36'),
(496, 50, 81, 49, NULL, 1, '2022-08-04 05:37:54'),
(497, 73, 81, 50, NULL, 1, '2022-08-02 14:21:53'),
(498, 63, 81, 51, NULL, 1, '2022-08-04 04:39:31'),
(499, 152, 81, 52, NULL, 1, '2022-08-04 13:43:56'),
(500, 79, 81, 53, NULL, 1, '2022-08-02 15:19:59'),
(501, 57, 82, 54, NULL, 1, '2022-08-01 22:22:05'),
(502, 66, 82, 55, NULL, 1, '2022-08-02 13:35:06'),
(503, 73, 82, 56, NULL, 1, '2022-08-02 14:22:31'),
(504, 69, 82, 57, NULL, 1, '2022-08-02 13:50:09'),
(505, 63, 82, 58, NULL, 1, '2022-08-04 04:37:32'),
(506, NULL, 82, 59, NULL, 1, '2022-07-22 16:20:06'),
(507, 79, 82, 60, NULL, 1, '2022-08-02 15:21:39'),
(508, 73, 83, 68, NULL, 1, '2022-08-02 14:24:23'),
(509, 63, 83, 69, NULL, 1, '2022-08-04 04:35:56'),
(510, 66, 83, 70, NULL, 1, '2022-08-02 13:33:59'),
(511, 57, 83, 71, NULL, 1, '2022-08-01 22:32:55'),
(512, 66, 83, 72, NULL, 1, '2022-08-02 13:32:38'),
(513, 70, 83, 73, NULL, 1, '2022-08-02 14:01:07'),
(514, 77, 84, 61, NULL, 1, '2022-08-02 15:01:03'),
(515, 138, 84, 62, NULL, 1, '2022-08-04 03:08:37'),
(516, 73, 84, 63, NULL, 1, '2022-08-02 14:25:38'),
(517, 57, 84, 64, NULL, 1, '2022-08-01 22:23:14'),
(518, 70, 84, 66, NULL, 1, '2022-08-02 14:00:27'),
(519, 80, 84, 67, NULL, 1, '2022-08-02 15:30:45'),
(520, 81, 85, 80, NULL, 1, '2022-08-02 15:37:40'),
(521, 49, 85, 81, NULL, 1, '2022-08-01 20:28:15'),
(522, 61, 85, 82, NULL, 1, '2022-08-01 23:03:12'),
(523, 76, 85, 83, NULL, 1, '2022-08-02 14:52:33'),
(524, 149, 85, 84, NULL, 1, '2022-08-04 05:43:57'),
(525, 19, 85, 85, NULL, 1, '2022-08-04 04:12:22'),
(526, 82, 85, 86, NULL, 1, '2022-08-02 16:04:07'),
(527, 69, 86, 80, NULL, 1, '2022-08-02 13:49:14'),
(528, 49, 86, 81, NULL, 1, '2022-08-01 20:19:52'),
(529, 150, 86, 82, NULL, 1, '2022-08-04 13:29:45'),
(530, 76, 86, 83, NULL, 1, '2022-08-02 14:54:05'),
(531, 83, 86, 84, NULL, 1, '2022-08-02 16:12:11'),
(532, 15, 86, 85, NULL, 1, '2022-07-27 23:19:04'),
(533, 82, 86, 86, NULL, 1, '2022-08-02 16:04:55'),
(534, 81, 87, 80, NULL, 1, '2022-08-02 15:49:40'),
(535, 49, 87, 81, NULL, 1, '2022-08-01 20:21:10'),
(536, 150, 87, 82, NULL, 1, '2022-08-04 13:31:38'),
(537, 69, 87, 83, NULL, 1, '2022-08-02 13:50:41'),
(538, 83, 87, 84, NULL, 1, '2022-08-02 16:14:19'),
(539, 118, 87, 85, NULL, 1, '2022-08-03 20:23:52'),
(540, NULL, 87, 86, NULL, 1, '2022-07-22 16:22:51'),
(541, 72, 88, 87, NULL, 1, '2022-08-02 14:10:38'),
(542, 81, 88, 88, NULL, 1, '2022-08-02 15:51:02'),
(543, 41, 88, 89, NULL, 1, '2022-08-01 17:31:11'),
(544, 150, 88, 90, NULL, 1, '2022-08-04 13:32:06'),
(545, 145, 88, 91, NULL, 1, '2022-08-04 04:29:29'),
(546, 152, 88, 92, NULL, 1, '2022-08-04 13:44:45'),
(547, 81, 89, 93, NULL, 1, '2022-08-02 15:39:56'),
(548, 118, 89, 94, NULL, 1, '2022-08-03 20:21:25'),
(549, 61, 89, 95, NULL, 1, '2022-08-02 13:04:51'),
(550, 61, 89, 96, NULL, 1, '2022-08-01 23:08:13'),
(551, 69, 89, 97, NULL, 1, '2022-08-02 13:52:58'),
(552, 61, 89, 98, NULL, 1, '2022-08-02 13:03:11'),
(553, 57, 89, 99, NULL, 1, '2022-08-01 22:25:12'),
(554, 72, 89, 100, NULL, 1, '2022-08-02 14:13:16'),
(555, NULL, 90, 101, NULL, 1, '2022-07-22 16:24:03'),
(556, NULL, 90, 102, NULL, 1, '2022-07-22 16:24:03'),
(557, NULL, 90, 103, NULL, 1, '2022-07-22 16:24:03'),
(558, NULL, 90, 104, NULL, 1, '2022-07-22 16:24:03'),
(559, NULL, 90, 105, NULL, 1, '2022-07-22 16:24:03'),
(560, NULL, 90, 106, NULL, 1, '2022-07-22 16:24:03'),
(561, NULL, 90, 107, NULL, 1, '2022-07-22 16:24:03'),
(562, 61, 91, 108, NULL, 1, '2022-08-01 23:04:51'),
(563, 61, 91, 109, NULL, 1, '2022-08-01 23:05:25'),
(564, 61, 91, 110, NULL, 1, '2022-08-01 23:06:21'),
(565, 49, 91, 111, NULL, 1, '2022-08-01 20:20:32'),
(566, 152, 91, 112, NULL, 1, '2022-08-04 13:45:09'),
(567, 70, 91, 113, NULL, 1, '2022-08-02 14:01:34'),
(568, 80, 91, 114, NULL, 1, '2022-08-02 15:28:57'),
(569, 156, 92, 121, NULL, 1, '2022-08-04 14:55:55'),
(570, 156, 92, 122, NULL, 1, '2022-08-04 14:44:26'),
(571, 60, 92, 123, NULL, 1, '2022-08-01 22:51:27'),
(572, 74, 92, 124, NULL, 1, '2022-08-02 14:41:21'),
(573, 67, 92, 125, NULL, 1, '2022-08-02 13:37:28'),
(574, 19, 92, 126, NULL, 1, '2022-08-04 04:11:50'),
(575, 82, 92, 127, NULL, 1, '2022-08-02 15:56:10'),
(576, 156, 93, 121, NULL, 1, '2022-08-04 14:46:03'),
(577, 78, 93, 122, NULL, 1, '2022-08-02 15:13:22'),
(578, 60, 93, 123, NULL, 1, '2022-08-01 22:54:52'),
(579, 74, 93, 124, NULL, 1, '2022-08-02 14:37:35'),
(580, 67, 93, 125, NULL, 1, '2022-08-02 13:37:55'),
(581, 19, 93, 126, NULL, 1, '2022-08-04 04:13:03'),
(582, NULL, 93, 127, NULL, 1, '2022-07-22 16:25:07'),
(583, 134, 94, 121, NULL, 1, '2022-08-03 23:22:53'),
(584, 156, 94, 122, NULL, 1, '2022-08-04 14:42:55'),
(585, 60, 94, 123, NULL, 1, '2022-08-01 22:56:49'),
(586, 74, 94, 124, NULL, 1, '2022-08-02 14:34:34'),
(587, 74, 94, 125, NULL, 1, '2022-08-02 14:33:29'),
(588, 19, 94, 126, NULL, 1, '2022-08-04 04:09:22'),
(589, 82, 94, 127, NULL, 1, '2022-08-02 15:57:52'),
(590, 146, 95, 121, NULL, 1, '2022-08-04 05:14:29'),
(591, 78, 95, 122, NULL, 1, '2022-08-02 15:11:57'),
(592, 153, 95, 123, NULL, 1, '2022-08-04 13:51:03'),
(593, 74, 95, 124, NULL, 1, '2022-08-02 14:41:56'),
(594, 67, 95, 125, NULL, 1, '2022-08-02 13:38:25'),
(595, 19, 95, 126, NULL, 1, '2022-08-04 04:08:23'),
(596, 82, 95, 127, NULL, 1, '2022-08-02 15:57:15'),
(597, 146, 96, 121, NULL, 1, '2022-08-04 05:18:33'),
(598, 78, 96, 122, NULL, 1, '2022-08-02 15:12:52'),
(599, 153, 96, 123, NULL, 1, '2022-08-04 13:50:14'),
(600, 74, 96, 124, NULL, 1, '2022-08-02 14:38:31'),
(601, 108, 96, 125, NULL, 1, '2022-08-04 13:56:06'),
(602, 19, 96, 126, NULL, 1, '2022-08-04 04:12:42'),
(603, NULL, 96, 127, NULL, 1, '2022-07-22 16:25:54'),
(604, 146, 97, 121, NULL, 1, '2022-08-04 05:16:59'),
(605, 59, 97, 122, NULL, 1, '2022-08-01 22:43:44'),
(606, 153, 97, 123, NULL, 1, '2022-08-04 13:50:39'),
(607, 74, 97, 124, NULL, 1, '2022-08-04 04:18:13'),
(608, 143, 97, 125, NULL, 1, '2022-08-04 04:19:56'),
(609, 142, 97, 126, NULL, 1, '2022-08-04 03:41:24'),
(610, 82, 97, 127, NULL, 1, '2022-08-02 16:06:32'),
(611, 146, 98, 121, NULL, 1, '2022-08-04 05:17:34'),
(612, 59, 98, 122, NULL, 1, '2022-08-01 22:41:28'),
(613, 153, 98, 123, NULL, 1, '2022-08-04 13:51:30'),
(614, 74, 98, 124, NULL, 1, '2022-08-02 14:36:03'),
(615, 67, 98, 125, NULL, 1, '2022-08-02 13:39:24'),
(616, 142, 98, 126, NULL, 1, '2022-08-04 03:41:53'),
(617, 82, 98, 127, NULL, 1, '2022-08-02 16:05:57'),
(618, 151, 99, 128, NULL, 1, '2022-08-04 13:39:12'),
(619, 140, 99, 129, NULL, 1, '2022-08-04 03:24:46'),
(620, 74, 99, 130, NULL, 1, '2022-08-02 14:34:07'),
(621, 155, 99, 131, NULL, 1, '2022-08-04 14:37:59'),
(622, 62, 99, 132, NULL, 1, '2022-08-02 13:12:06'),
(623, NULL, 99, 133, NULL, 1, '2022-07-22 16:27:16'),
(624, 143, 100, 128, NULL, 1, '2022-08-04 04:15:19'),
(625, 140, 100, 129, NULL, 1, '2022-08-04 03:23:39'),
(626, 74, 100, 130, NULL, 1, '2022-08-02 14:39:09'),
(627, 59, 100, 131, NULL, 1, '2022-08-01 22:42:15'),
(628, 62, 100, 132, NULL, 1, '2022-08-02 13:14:28'),
(629, 60, 100, 133, NULL, 1, '2022-08-01 22:56:03'),
(630, 154, 101, 134, NULL, 1, '2022-08-04 14:08:41'),
(631, 62, 101, 135, NULL, 1, '2022-08-02 13:16:14'),
(632, 140, 101, 136, NULL, 1, '2022-08-04 03:27:14'),
(633, 108, 101, 137, NULL, 1, '2022-08-04 13:54:51'),
(634, 151, 101, 138, NULL, 1, '2022-08-04 13:38:49'),
(635, 77, 101, 139, NULL, 1, '2022-08-02 15:04:54'),
(636, 72, 101, 140, NULL, 1, '2022-08-02 14:17:41'),
(637, 68, 102, 134, NULL, 1, '2022-08-02 13:46:00'),
(638, 62, 102, 135, NULL, 1, '2022-08-02 13:15:04'),
(639, 140, 102, 136, NULL, 1, '2022-08-04 03:27:44'),
(640, 108, 102, 137, NULL, 1, '2022-08-04 13:55:35'),
(641, 78, 102, 138, NULL, 1, '2022-08-02 15:13:50'),
(642, 77, 102, 139, NULL, 1, '2022-08-02 15:03:26'),
(643, 72, 102, 140, NULL, 1, '2022-08-02 14:18:32'),
(644, 68, 103, 141, NULL, 1, '2022-08-02 13:46:27'),
(645, 154, 103, 142, NULL, 1, '2022-08-04 14:06:27'),
(646, 60, 103, 143, NULL, 1, '2022-08-01 22:53:53'),
(647, 67, 103, 144, NULL, 1, '2022-08-02 13:38:54'),
(648, 70, 103, 145, NULL, 1, '2022-08-02 14:02:23'),
(649, 151, 104, 146, NULL, 1, '2022-08-04 13:38:16'),
(650, 155, 104, 147, NULL, 1, '2022-08-04 14:38:29'),
(651, 154, 104, 148, NULL, 1, '2022-08-04 14:06:51'),
(652, 56, 104, 149, NULL, 1, '2022-08-01 22:16:56'),
(653, 56, 104, 150, NULL, 1, '2022-08-01 22:11:57'),
(654, 70, 104, 151, NULL, 1, '2022-08-02 13:59:51'),
(655, 80, 104, 152, NULL, 1, '2022-08-02 15:32:05'),
(656, 139, 105, 160, NULL, 1, '2022-08-04 03:17:56'),
(657, 71, 105, 161, NULL, 1, '2022-08-02 14:05:53'),
(658, 147, 105, 162, NULL, 1, '2022-08-04 05:24:26'),
(659, 64, 105, 163, NULL, 1, '2022-08-02 13:22:30'),
(660, 140, 105, 164, NULL, 1, '2022-08-04 03:25:11'),
(661, 19, 105, 165, NULL, 1, '2022-08-04 04:12:42'),
(662, 82, 105, 166, NULL, 1, '2022-08-02 15:59:27'),
(663, 139, 106, 160, NULL, 1, '2022-08-04 03:17:12'),
(664, 71, 106, 161, NULL, 1, '2022-08-02 14:04:57'),
(665, 68, 106, 162, NULL, 1, '2022-08-02 13:45:27'),
(666, 64, 106, 163, NULL, 1, '2022-08-02 13:23:29'),
(667, 140, 106, 164, NULL, 1, '2022-08-04 03:24:11'),
(668, 19, 106, 165, NULL, 1, '2022-08-04 04:10:30'),
(669, NULL, 106, 166, NULL, 1, '2022-07-22 16:30:31'),
(670, 139, 107, 160, NULL, 1, '2022-08-04 03:16:46'),
(671, 71, 107, 161, NULL, 1, '2022-08-02 14:04:31'),
(672, 147, 107, 162, NULL, 1, '2022-08-04 05:25:09'),
(673, 64, 107, 163, NULL, 1, '2022-08-02 13:21:58'),
(674, 62, 107, 164, NULL, 1, '2022-08-02 13:14:00'),
(675, 19, 107, 165, NULL, 1, '2022-08-04 04:10:30'),
(676, 82, 107, 166, NULL, 1, '2022-08-02 15:58:54'),
(677, 139, 108, 160, NULL, 1, '2022-08-04 03:16:12'),
(678, 71, 108, 161, NULL, 1, '2022-08-02 14:05:23'),
(679, 56, 108, 162, NULL, 1, '2022-08-01 22:14:07'),
(680, 64, 108, 163, NULL, 1, '2022-08-02 13:21:19'),
(681, 140, 108, 164, NULL, 1, '2022-08-04 03:28:17'),
(682, 142, 108, 165, NULL, 1, '2022-08-04 03:40:42'),
(683, 82, 108, 166, NULL, 1, '2022-08-02 15:58:23'),
(684, 54, 109, 167, NULL, 1, '2022-08-01 21:37:04'),
(685, 137, 109, 168, NULL, 1, '2022-08-04 02:59:27'),
(686, 137, 109, 169, NULL, 1, '2022-08-04 02:58:44'),
(687, 92, 109, 170, NULL, 1, '2022-08-02 17:57:12'),
(688, NULL, 109, 171, NULL, 1, '2022-07-22 16:32:08'),
(689, 150, 109, 172, NULL, 1, '2022-08-04 13:33:27'),
(690, 156, 110, 167, NULL, 1, '2022-08-04 14:43:36'),
(691, 141, 110, 168, NULL, 1, '2022-08-04 03:33:45'),
(692, 141, 110, 169, NULL, 1, '2022-08-04 03:35:06'),
(693, 92, 110, 170, NULL, 1, '2022-08-02 17:55:35'),
(694, 20, 110, 171, NULL, 1, '2022-08-01 03:26:41'),
(695, NULL, 110, 172, NULL, 1, '2022-07-22 16:34:37'),
(696, 78, 111, 173, NULL, 1, '2022-08-02 15:11:34'),
(697, 54, 111, 174, NULL, 1, '2022-08-01 21:48:50'),
(698, 92, 111, 175, NULL, 1, '2022-08-02 17:59:44'),
(699, 54, 111, 176, NULL, 1, '2022-08-01 21:40:35'),
(700, 130, 111, 177, NULL, 1, '2022-08-03 22:35:59'),
(701, 148, 111, 178, NULL, 1, '2022-08-04 05:31:42'),
(702, 77, 111, 179, NULL, 1, '2022-08-02 15:06:56'),
(703, 71, 111, 180, NULL, 1, '2022-08-02 14:16:58'),
(704, 154, 112, 173, NULL, 1, '2022-08-04 14:07:13'),
(705, 156, 112, 174, NULL, 1, '2022-08-04 14:44:49'),
(706, 148, 112, 175, NULL, 1, '2022-08-04 05:32:34'),
(707, 75, 112, 176, NULL, 1, '2022-08-02 14:47:02'),
(708, NULL, 112, 177, NULL, 1, '2022-07-22 16:35:14'),
(709, 75, 112, 178, NULL, 1, '2022-08-02 14:50:46'),
(710, 77, 112, 179, NULL, 1, '2022-08-02 15:08:23'),
(711, 72, 112, 180, NULL, 1, '2022-08-02 14:11:25'),
(712, 90, 113, 181, NULL, 1, '2022-08-02 17:34:52'),
(713, 120, 113, 182, NULL, 1, '2022-08-03 20:57:14'),
(714, 154, 113, 183, NULL, 1, '2022-08-04 14:07:52'),
(715, 75, 113, 184, NULL, 1, '2022-08-02 14:46:06'),
(716, 156, 113, 185, NULL, 1, '2022-08-04 14:43:14'),
(717, NULL, 113, 186, NULL, 1, '2022-07-22 16:35:30'),
(718, 92, 114, 187, NULL, 1, '2022-08-02 18:01:55'),
(719, 75, 114, 188, NULL, 1, '2022-08-02 14:46:31'),
(720, 141, 114, 189, NULL, 1, '2022-08-04 03:34:24'),
(721, 156, 114, 190, NULL, 1, '2022-08-04 14:45:24'),
(722, NULL, 114, 191, NULL, 1, '2022-07-22 16:35:45'),
(723, NULL, 114, 192, NULL, 1, '2022-07-22 16:35:45'),
(724, 110, 115, 2, NULL, 1, '2022-08-03 16:25:37'),
(725, 94, 115, 3, NULL, 1, '2022-08-02 22:42:00'),
(726, 102, 115, 4, NULL, 1, '2022-08-03 15:14:48'),
(727, 98, 115, 5, NULL, 1, '2022-08-02 23:11:07'),
(728, 87, 115, 6, NULL, 1, '2022-08-02 17:01:30'),
(729, NULL, 115, 7, NULL, 1, '2022-07-22 16:37:24'),
(730, 110, 116, 2, NULL, 1, '2022-08-03 16:25:11'),
(731, 94, 116, 3, NULL, 1, '2022-08-02 22:42:35'),
(732, 102, 116, 4, NULL, 1, '2022-08-03 15:15:47'),
(733, 98, 116, 5, NULL, 1, '2022-08-02 23:08:10'),
(734, 96, 116, 6, NULL, 1, '2022-08-02 22:53:58'),
(735, NULL, 116, 7, NULL, 1, '2022-07-22 16:37:38'),
(736, 15, 117, 2, NULL, 1, '2022-07-27 23:16:06'),
(737, 94, 117, 3, NULL, 1, '2022-08-02 22:42:58'),
(738, 102, 117, 4, NULL, 1, '2022-08-03 15:16:12'),
(739, 98, 117, 5, NULL, 1, '2022-08-02 23:12:17'),
(740, 87, 117, 6, NULL, 1, '2022-08-02 17:01:53'),
(741, NULL, 117, 7, NULL, 1, '2022-07-22 16:37:58'),
(742, NULL, 118, 8, NULL, 1, '2022-07-22 16:38:11'),
(743, NULL, 118, 9, NULL, 1, '2022-07-22 16:38:11'),
(744, NULL, 118, 10, NULL, 1, '2022-07-22 16:38:11'),
(745, NULL, 118, 11, NULL, 1, '2022-07-22 16:38:11'),
(746, NULL, 118, 12, NULL, 1, '2022-07-22 16:38:11'),
(747, 98, 119, 13, NULL, 1, '2022-08-02 23:12:53'),
(748, 103, 119, 14, NULL, 1, '2022-08-03 15:29:26'),
(749, 102, 119, 15, NULL, 1, '2022-08-03 15:20:08'),
(750, 86, 119, 16, NULL, 1, '2022-08-02 16:44:46'),
(751, 87, 119, 17, NULL, 1, '2022-08-02 17:05:16'),
(752, 167, 119, 18, NULL, 1, '2022-08-04 15:54:48'),
(753, 79, 119, 19, NULL, 1, '2022-08-02 15:21:04'),
(754, 98, 120, 26, NULL, 1, '2022-08-02 23:10:37'),
(755, 167, 120, 27, NULL, 1, '2022-08-04 15:55:11'),
(756, 103, 120, 28, NULL, 1, '2022-08-03 15:30:11'),
(757, 102, 120, 29, NULL, 1, '2022-08-03 15:18:02'),
(758, 86, 120, 30, NULL, 1, '2022-08-02 16:45:13'),
(759, 164, 120, 31, NULL, 1, '2022-08-04 15:43:00'),
(760, 80, 120, 32, NULL, 1, '2022-08-02 15:28:31'),
(761, 102, 121, 40, NULL, 1, '2022-08-03 15:15:19'),
(762, 84, 121, 41, NULL, 1, '2022-08-02 16:34:47'),
(763, 96, 121, 42, NULL, 1, '2022-08-02 22:55:50'),
(764, 162, 121, 43, NULL, 1, '2022-08-04 15:31:26'),
(765, 84, 121, 44, NULL, 1, '2022-08-02 16:36:30'),
(766, 102, 121, 45, NULL, 1, '2022-08-03 15:19:18'),
(767, 110, 121, 46, NULL, 1, '2022-08-03 16:23:56'),
(768, NULL, 121, 47, NULL, 1, '2022-07-22 16:39:34'),
(769, 118, 122, 40, NULL, 1, '2022-08-03 20:13:20'),
(770, 162, 122, 41, NULL, 1, '2022-08-04 15:35:09'),
(771, 96, 122, 42, NULL, 1, '2022-08-02 22:54:44'),
(772, NULL, 122, 43, NULL, 1, '2022-07-22 16:39:48'),
(773, 162, 122, 44, NULL, 1, '2022-08-04 15:29:22'),
(774, 102, 122, 45, NULL, 1, '2022-08-03 15:17:34'),
(775, 15, 122, 46, NULL, 1, '2022-07-27 23:18:23'),
(776, NULL, 122, 47, NULL, 1, '2022-07-22 16:39:48'),
(777, 84, 123, 40, NULL, 1, '2022-08-02 16:35:57'),
(778, 103, 123, 41, NULL, 1, '2022-08-03 15:31:17'),
(779, 76, 123, 42, NULL, 1, '2022-08-02 14:57:19'),
(780, 106, 123, 43, NULL, 1, '2022-08-03 15:49:08'),
(781, 106, 123, 44, NULL, 1, '2022-08-03 15:48:16'),
(782, 95, 123, 45, NULL, 1, '2022-08-02 22:48:55'),
(783, 15, 123, 46, NULL, 1, '2022-07-27 23:19:45'),
(784, NULL, 123, 47, NULL, 1, '2022-07-22 16:40:04'),
(785, 72, 124, 87, NULL, 1, '2022-08-02 14:12:47'),
(786, 105, 124, 88, NULL, 1, '2022-08-03 15:41:47'),
(787, 86, 124, 89, NULL, 1, '2022-08-02 16:52:57'),
(788, 93, 124, 90, NULL, 1, '2022-08-02 22:32:25'),
(789, 16, 124, 91, NULL, 1, '2022-08-02 16:21:22'),
(790, 95, 124, 92, NULL, 1, '2022-08-02 22:47:14'),
(791, 84, 125, 54, NULL, 1, '2022-08-02 16:35:24'),
(792, 166, 125, 55, NULL, 1, '2022-08-04 15:49:54'),
(793, 162, 125, 56, NULL, 1, '2022-08-04 15:29:47'),
(794, 93, 125, 57, NULL, 1, '2022-08-02 22:36:10'),
(795, 106, 125, 58, NULL, 1, '2022-08-03 15:47:48'),
(796, 162, 125, 59, NULL, 1, '2022-08-04 15:30:54'),
(797, 110, 125, 60, NULL, 1, '2022-08-03 16:24:33'),
(798, NULL, 126, 48, NULL, 1, '2022-07-22 16:41:23'),
(799, 106, 126, 49, NULL, 1, '2022-08-03 15:49:36'),
(800, 106, 126, 50, NULL, 1, '2022-08-03 15:46:59'),
(801, 102, 126, 51, NULL, 1, '2022-08-03 15:18:39'),
(802, 95, 126, 52, NULL, 1, '2022-08-02 22:49:22'),
(803, 110, 126, 53, NULL, 1, '2022-08-03 16:23:20'),
(804, NULL, 127, 68, NULL, 1, '2022-07-22 16:41:38'),
(805, NULL, 127, 69, NULL, 1, '2022-07-22 16:41:38'),
(806, NULL, 127, 70, NULL, 1, '2022-07-22 16:41:38'),
(807, NULL, 127, 71, NULL, 1, '2022-07-22 16:41:38'),
(808, NULL, 127, 72, NULL, 1, '2022-07-22 16:41:38'),
(809, NULL, 127, 73, NULL, 1, '2022-07-22 16:41:38'),
(810, NULL, 128, 61, NULL, 1, '2022-07-22 16:41:50'),
(811, NULL, 128, 62, NULL, 1, '2022-07-22 16:41:50'),
(812, NULL, 128, 63, NULL, 1, '2022-07-22 16:41:50'),
(813, NULL, 128, 64, NULL, 1, '2022-07-22 16:41:50'),
(814, NULL, 128, 66, NULL, 1, '2022-07-22 16:41:50'),
(815, NULL, 128, 67, NULL, 1, '2022-07-22 16:41:50'),
(816, 93, 129, 80, NULL, 1, '2022-08-02 22:30:34'),
(817, 16, 129, 81, NULL, 1, '2022-08-02 16:25:04'),
(818, 86, 129, 82, NULL, 1, '2022-08-02 16:44:22'),
(819, 87, 129, 83, NULL, 1, '2022-08-02 16:59:34'),
(820, 98, 129, 84, NULL, 1, '2022-08-02 23:11:32'),
(821, 110, 129, 85, NULL, 1, '2022-08-03 16:26:00'),
(822, NULL, 129, 86, NULL, 1, '2022-07-22 16:42:11'),
(823, 93, 130, 80, NULL, 1, '2022-08-02 22:30:59'),
(824, 105, 130, 81, NULL, 1, '2022-08-03 15:42:56'),
(825, 86, 130, 82, NULL, 1, '2022-08-02 16:49:30'),
(826, 96, 130, 83, NULL, 1, '2022-08-02 22:53:24'),
(827, 83, 130, 84, NULL, 1, '2022-08-02 16:11:20'),
(828, 15, 130, 85, NULL, 1, '2022-07-27 23:16:45'),
(829, NULL, 130, 86, NULL, 1, '2022-07-22 16:44:51'),
(830, 93, 131, 80, NULL, 1, '2022-08-02 22:31:52'),
(831, 16, 131, 81, NULL, 1, '2022-08-02 16:19:28'),
(832, 86, 131, 82, NULL, 1, '2022-08-02 16:51:43'),
(833, 87, 131, 83, NULL, 1, '2022-08-02 17:00:30'),
(834, 105, 131, 84, NULL, 1, '2022-08-03 15:44:11'),
(835, 15, 131, 85, NULL, 1, '2022-07-27 23:17:15'),
(836, NULL, 131, 86, NULL, 1, '2022-07-22 16:45:03'),
(837, 93, 132, 93, NULL, 1, '2022-08-02 22:37:09'),
(838, 86, 132, 94, NULL, 1, '2022-08-02 16:45:53'),
(839, 93, 132, 95, NULL, 1, '2022-08-02 22:39:23'),
(840, 16, 132, 96, NULL, 1, '2022-08-02 16:25:31'),
(841, 86, 132, 97, NULL, 1, '2022-08-02 16:43:50'),
(842, 103, 132, 98, NULL, 1, '2022-08-03 15:34:22'),
(843, 162, 132, 99, NULL, 1, '2022-08-04 15:32:20'),
(844, 110, 132, 100, NULL, 1, '2022-08-03 16:22:56'),
(845, 86, 133, 115, NULL, 1, '2022-08-02 16:51:04'),
(846, 93, 133, 116, NULL, 1, '2022-08-02 22:31:28'),
(847, 95, 133, 117, NULL, 1, '2022-08-02 22:46:36'),
(848, 105, 133, 118, NULL, 1, '2022-08-03 15:43:20'),
(849, 80, 133, 119, NULL, 1, '2022-08-02 15:31:20'),
(850, 76, 133, 120, NULL, 1, '2022-08-02 14:53:08'),
(851, 85, 134, 121, NULL, 1, '2022-08-02 16:40:17'),
(852, 157, 134, 122, NULL, 1, '2022-08-04 15:04:48'),
(853, 88, 134, 123, NULL, 1, '2022-08-02 17:09:42'),
(854, 87, 134, 124, NULL, 1, '2022-08-02 17:02:43'),
(855, 97, 134, 125, NULL, 1, '2022-08-02 22:58:12'),
(856, 165, 134, 126, NULL, 1, '2022-08-04 15:45:17'),
(857, 27, 134, 127, NULL, 1, '2022-08-01 04:58:08'),
(858, 85, 135, 121, NULL, 1, '2022-08-02 16:39:50'),
(859, 157, 135, 122, NULL, 1, '2022-08-04 15:05:13'),
(860, 88, 135, 123, NULL, 1, '2022-08-02 17:10:31'),
(861, 87, 135, 124, NULL, 1, '2022-08-02 16:56:38'),
(862, 97, 135, 125, NULL, 1, '2022-08-02 22:58:35'),
(863, 165, 135, 126, NULL, 1, '2022-08-04 15:44:57'),
(864, NULL, 135, 127, NULL, 1, '2022-07-22 16:46:38'),
(865, 169, 136, 121, NULL, 1, '2022-08-04 16:02:24'),
(866, 160, 136, 122, NULL, 1, '2022-08-04 15:18:44'),
(867, 88, 136, 123, NULL, 1, '2022-08-02 17:12:44'),
(868, 87, 136, 124, NULL, 1, '2022-08-02 17:04:25'),
(869, 169, 136, 125, NULL, 1, '2022-08-04 16:01:55'),
(870, 110, 136, 126, NULL, 1, '2022-08-03 16:26:32'),
(871, 27, 136, 127, NULL, 1, '2022-08-01 04:57:32'),
(872, 85, 137, 121, NULL, 1, '2022-08-02 16:41:02'),
(873, 157, 137, 122, NULL, 1, '2022-08-04 15:04:20'),
(874, 88, 137, 123, NULL, 1, '2022-08-02 17:12:02'),
(875, 98, 137, 124, NULL, 1, '2022-08-02 23:09:03'),
(876, 97, 137, 125, NULL, 1, '2022-08-02 22:59:28'),
(877, 19, 137, 126, NULL, 1, '2022-08-04 04:11:50'),
(878, 27, 137, 127, NULL, 1, '2022-08-01 04:54:38'),
(879, 85, 138, 121, NULL, 1, '2022-08-02 16:40:40'),
(880, 157, 138, 122, NULL, 1, '2022-08-04 15:03:43'),
(881, 88, 138, 123, NULL, 1, '2022-08-02 17:11:21'),
(882, 98, 138, 124, NULL, 1, '2022-08-02 23:08:37'),
(883, 97, 138, 125, NULL, 1, '2022-08-02 22:59:52'),
(884, 19, 138, 126, NULL, 1, '2022-08-04 04:12:22'),
(885, NULL, 138, 127, NULL, 1, '2022-07-22 16:47:29'),
(886, 85, 139, 121, NULL, 1, '2022-08-02 16:41:26'),
(887, 90, 139, 122, NULL, 1, '2022-08-02 17:31:10'),
(888, 91, 139, 123, NULL, 1, '2022-08-02 17:51:10'),
(889, 98, 139, 124, NULL, 1, '2022-08-02 23:14:58'),
(890, 97, 139, 125, NULL, 1, '2022-08-02 23:00:15'),
(891, 142, 139, 126, NULL, 1, '2022-08-04 03:39:18'),
(892, 27, 139, 127, NULL, 1, '2022-08-01 04:53:28'),
(893, 104, 140, 128, NULL, 1, '2022-08-03 15:37:47'),
(894, 99, 140, 129, NULL, 1, '2022-08-02 23:22:02'),
(895, 104, 140, 130, NULL, 1, '2022-08-03 15:36:42'),
(896, 97, 140, 131, NULL, 1, '2022-08-02 23:03:08'),
(897, 107, 140, 132, NULL, 1, '2022-08-03 16:05:48'),
(898, 52, 140, 133, NULL, 1, '2022-08-01 21:10:56'),
(899, 159, 141, 128, NULL, 1, '2022-08-04 15:12:52'),
(900, 140, 141, 129, NULL, 1, '2022-08-04 03:23:14'),
(901, 101, 141, 130, NULL, 1, '2022-08-03 15:12:15'),
(902, 97, 141, 131, NULL, 1, '2022-08-02 23:01:23'),
(903, 107, 141, 132, NULL, 1, '2022-08-03 16:06:32'),
(904, 79, 141, 133, NULL, 1, '2022-08-02 15:19:16'),
(905, 107, 142, 134, NULL, 1, '2022-08-03 16:07:11'),
(906, 104, 142, 135, NULL, 1, '2022-08-03 15:38:50'),
(907, 107, 142, 136, NULL, 1, '2022-08-03 16:11:59'),
(908, 89, 142, 137, NULL, 1, '2022-08-02 17:14:35'),
(909, 99, 142, 138, NULL, 1, '2022-08-02 23:20:11'),
(910, 163, 142, 139, NULL, 1, '2022-08-04 15:39:44'),
(911, 71, 142, 140, NULL, 1, '2022-08-02 14:07:27'),
(912, 107, 143, 134, NULL, 1, '2022-08-03 16:08:12'),
(913, 101, 143, 135, NULL, 1, '2022-08-03 15:10:43'),
(914, NULL, 143, 136, NULL, 1, '2022-07-22 16:49:20'),
(915, 109, 143, 137, NULL, 1, '2022-08-03 16:19:07'),
(916, 90, 143, 138, NULL, 1, '2022-08-02 17:28:27'),
(917, 163, 143, 139, NULL, 1, '2022-08-04 15:40:28'),
(918, 79, 143, 140, NULL, 1, '2022-08-02 15:20:33'),
(919, 107, 144, 141, NULL, 1, '2022-08-03 16:10:08'),
(920, 109, 144, 142, NULL, 1, '2022-08-03 16:18:42'),
(921, 91, 144, 143, NULL, 1, '2022-08-02 17:51:39'),
(922, 90, 144, 144, NULL, 1, '2022-08-02 17:30:13'),
(923, 164, 144, 145, NULL, 1, '2022-08-04 15:42:16'),
(924, 159, 145, 146, NULL, 1, '2022-08-04 15:14:27'),
(925, 104, 145, 147, NULL, 1, '2022-08-03 15:40:02'),
(926, 104, 145, 148, NULL, 1, '2022-08-03 15:37:06'),
(927, 109, 145, 149, NULL, 1, '2022-08-03 16:19:55'),
(928, 160, 145, 150, NULL, 1, '2022-08-04 15:19:22'),
(929, 164, 145, 151, NULL, 1, '2022-08-04 15:42:38'),
(930, 171, 145, 152, NULL, 1, '2022-08-04 16:12:33'),
(931, 160, 146, 153, NULL, 1, '2022-08-04 15:20:16'),
(932, 89, 146, 154, NULL, 1, '2022-08-02 17:15:01'),
(933, 99, 146, 155, NULL, 1, '2022-08-02 23:24:25'),
(934, 91, 146, 156, NULL, 1, '2022-08-02 17:52:42'),
(935, 163, 146, 157, NULL, 1, '2022-08-04 15:38:18'),
(936, 171, 146, 158, NULL, 1, '2022-08-04 16:10:26'),
(937, 76, 146, 159, NULL, 1, '2022-08-02 14:55:53'),
(938, 89, 147, 160, NULL, 1, '2022-08-02 17:17:25'),
(939, 100, 147, 161, NULL, 1, '2022-08-03 15:01:45'),
(940, 104, 147, 162, NULL, 1, '2022-08-03 15:36:17'),
(941, 107, 147, 163, NULL, 1, '2022-08-03 16:07:43'),
(942, 160, 147, 164, NULL, 1, '2022-08-04 15:19:48'),
(943, 19, 147, 165, NULL, 1, '2022-08-04 04:08:38'),
(944, NULL, 147, 166, NULL, 1, '2022-07-22 16:50:38'),
(945, 89, 148, 160, NULL, 1, '2022-08-02 17:15:57'),
(946, 100, 148, 161, NULL, 1, '2022-08-03 15:00:42'),
(947, 101, 148, 162, NULL, 1, '2022-08-03 15:11:11'),
(948, 107, 148, 163, NULL, 1, '2022-08-03 16:06:12'),
(949, 160, 148, 164, NULL, 1, '2022-08-04 15:21:42'),
(950, 19, 148, 165, NULL, 1, '2022-08-04 04:11:06'),
(951, NULL, 148, 166, NULL, 1, '2022-07-22 16:50:48'),
(952, 89, 149, 160, NULL, 1, '2022-08-02 17:18:58'),
(953, 170, 149, 161, NULL, 1, '2022-08-04 16:06:11'),
(954, 109, 149, 162, NULL, 1, '2022-08-03 16:18:20'),
(955, 107, 149, 163, NULL, 1, '2022-08-03 16:12:48'),
(956, 99, 149, 164, NULL, 1, '2022-08-02 23:22:47'),
(957, 19, 149, 165, NULL, 1, '2022-08-04 04:11:06'),
(958, NULL, 149, 166, NULL, 1, '2022-07-22 16:51:00'),
(959, 90, 150, 167, NULL, 1, '2022-08-02 17:35:55'),
(960, 100, 150, 168, NULL, 1, '2022-08-03 14:57:37'),
(961, 100, 150, 169, NULL, 1, '2022-08-03 15:04:20'),
(962, NULL, 150, 170, NULL, 1, '2022-07-22 16:51:34'),
(963, NULL, 150, 171, NULL, 1, '2022-07-22 16:51:34'),
(964, NULL, 150, 172, NULL, 1, '2022-07-22 16:51:34'),
(965, 92, 151, 167, NULL, 1, '2022-08-02 17:58:29'),
(966, 170, 151, 168, NULL, 1, '2022-08-04 16:06:55'),
(967, 90, 151, 169, NULL, 1, '2022-08-02 17:37:14'),
(968, NULL, 151, 170, NULL, 1, '2022-07-22 16:51:52'),
(969, NULL, 151, 171, NULL, 1, '2022-07-22 16:51:52'),
(970, NULL, 151, 172, NULL, 1, '2022-07-22 16:51:52'),
(971, 90, 152, 173, NULL, 1, '2022-08-02 17:33:59'),
(972, 100, 152, 174, NULL, 1, '2022-08-03 15:02:10'),
(973, 130, 152, 175, NULL, 1, '2022-08-03 22:45:02'),
(974, 100, 152, 176, NULL, 1, '2022-08-03 14:59:42'),
(975, 90, 152, 177, NULL, 1, '2022-08-02 17:36:28'),
(976, 92, 152, 178, NULL, 1, '2022-08-02 18:02:38'),
(977, 163, 152, 179, NULL, 1, '2022-08-04 15:39:15'),
(978, 110, 152, 180, NULL, 1, '2022-08-03 16:22:38'),
(979, 90, 153, 173, NULL, 1, '2022-08-02 17:33:21'),
(980, 170, 153, 174, NULL, 1, '2022-08-04 16:05:42'),
(981, 168, 153, 175, NULL, 1, '2022-08-04 15:57:49'),
(982, 89, 153, 176, NULL, 1, '2022-08-02 17:17:52'),
(983, 92, 153, 177, NULL, 1, '2022-08-02 17:57:41'),
(984, 168, 153, 178, NULL, 1, '2022-08-04 15:59:00'),
(985, 163, 153, 179, NULL, 1, '2022-08-04 15:37:37'),
(986, NULL, 153, 180, NULL, 1, '2022-07-22 16:52:21'),
(987, 93, 154, 181, NULL, 1, '2022-08-02 22:35:34'),
(988, 168, 154, 182, NULL, 1, '2022-08-04 15:57:19'),
(989, 161, 154, 183, NULL, 1, '2022-08-04 15:25:33'),
(990, 148, 154, 184, NULL, 1, '2022-08-04 05:31:11'),
(991, 158, 154, 185, NULL, 1, '2022-08-04 15:11:11'),
(992, NULL, 154, 186, NULL, 1, '2022-07-22 16:52:36'),
(993, 90, 155, 187, NULL, 1, '2022-08-02 17:39:42'),
(994, 100, 155, 188, NULL, 1, '2022-08-03 14:58:06'),
(995, 161, 155, 189, NULL, 1, '2022-08-04 15:25:10'),
(996, 92, 155, 190, NULL, 1, '2022-08-02 17:58:51'),
(997, NULL, 155, 191, NULL, 1, '2022-07-22 16:52:52'),
(998, 171, 155, 192, NULL, 1, '2022-08-04 16:09:53');

-- --------------------------------------------------------

--
-- Estructura de tabla para la tabla `locales`
--

CREATE TABLE `locales` (
  `idLocal` int(11) NOT NULL,
  `idSedeLocal` int(11) DEFAULT NULL,
  `codigoModular` varchar(45) NOT NULL,
  `codigoLocal` varchar(45) NOT NULL,
  `departamento` varchar(100) NOT NULL,
  `provincia` varchar(100) NOT NULL,
  `distrito` varchar(100) NOT NULL,
  `direccion` text NOT NULL,
  `estadoLocal` tinyint(1) NOT NULL DEFAULT 1,
  `estadoDel` tinyint(4) NOT NULL,
  `fechaRegistro` timestamp NOT NULL DEFAULT current_timestamp() ON UPDATE current_timestamp()
) ENGINE=InnoDB DEFAULT CHARSET=utf8;

--
-- Volcado de datos para la tabla `locales`
--

INSERT INTO `locales` (`idLocal`, `idSedeLocal`, `codigoModular`, `codigoLocal`, `departamento`, `provincia`, `distrito`, `direccion`, `estadoLocal`, `estadoDel`, `fechaRegistro`) VALUES
(3, 5, '1536663', '1234561', '{\"ubigeo\":\"3518\",\"nombre\":\"Huanuco\"}', '{\"ubigeo\":\"3519\",\"nombre\":\"Huanuco\"}', '{\"ubigeo\":\"3520\",\"nombre\":\"Huanuco\"}', 'JR. BOLIVAR N° 449-451', 1, 0, '2022-07-06 14:07:20'),
(4, 6, '1536663', '123456', '{\"ubigeo\":\"4567\",\"nombre\":\"Ucayali\"}', '{\"ubigeo\":\"4568\",\"nombre\":\"Coronel Portillo\"}', '{\"ubigeo\":\"4569\",\"nombre\":\"Calleria\"}', 'JR. RAYMONDI N° 705', 1, 0, '2022-07-21 22:33:23'),
(5, 7, '1536663', '123456', '{\"ubigeo\":\"3518\",\"nombre\":\"Huanuco\"}', '{\"ubigeo\":\"3567\",\"nombre\":\"Leoncio Prado\"}', '{\"ubigeo\":\"3568\",\"nombre\":\"Rupa-Rupa\"}', 'AV. JOSE OLAYA N° 237', 1, 0, '2022-07-21 22:31:14');

-- --------------------------------------------------------

--
-- Estructura de tabla para la tabla `local_carrera`
--

CREATE TABLE `local_carrera` (
  `idLocalCarrera` int(11) NOT NULL,
  `idLocal` int(11) DEFAULT NULL,
  `idCarrera` int(11) DEFAULT NULL,
  `estado` tinyint(1) DEFAULT 1,
  `fechaRegistro` timestamp NULL DEFAULT current_timestamp()
) ENGINE=InnoDB DEFAULT CHARSET=utf8;

--
-- Volcado de datos para la tabla `local_carrera`
--

INSERT INTO `local_carrera` (`idLocalCarrera`, `idLocal`, `idCarrera`, `estado`, `fechaRegistro`) VALUES
(5, 3, 6, 1, '2022-07-06 13:45:56'),
(6, 3, 7, 1, '2022-07-06 13:46:01'),
(7, 3, 8, 1, '2022-07-06 14:01:13'),
(8, 4, 6, 1, '2022-07-08 17:11:51'),
(9, 4, 7, 1, '2022-07-08 17:11:56'),
(10, 4, 5, 1, '2022-07-08 17:12:01'),
(11, 4, 9, 1, '2022-07-08 17:12:06'),
(12, 3, 5, 1, '2022-07-21 22:34:30'),
(13, 3, 9, 1, '2022-07-21 22:34:46'),
(14, 5, 6, 1, '2022-07-21 22:34:54'),
(15, 5, 7, 1, '2022-07-21 22:34:58'),
(16, 5, 5, 1, '2022-07-21 22:35:03'),
(17, 5, 9, 1, '2022-07-21 22:35:07'),
(18, 5, 8, 1, '2022-07-21 22:35:13'),
(19, 4, 8, 1, '2022-07-21 22:35:36');

-- --------------------------------------------------------

--
-- Estructura de tabla para la tabla `pagos`
--

CREATE TABLE `pagos` (
  `idPago` int(11) NOT NULL,
  `idPersonalPago` int(11) DEFAULT NULL,
  `montoPago` decimal(10,2) NOT NULL,
  `horas` int(11) NOT NULL,
  `minutis` int(11) NOT NULL
) ENGINE=InnoDB DEFAULT CHARSET=utf8;

-- --------------------------------------------------------

--
-- Estructura de tabla para la tabla `periodos`
--

CREATE TABLE `periodos` (
  `idPeriodo` int(11) NOT NULL,
  `etapaPeriodo` int(11) NOT NULL,
  `yearPeriodo` int(11) NOT NULL,
  `nombrePeriodo` varchar(45) NOT NULL,
  `fechaInicio` date NOT NULL,
  `fechaFin` date NOT NULL,
  `estadoPeriodo` tinyint(4) NOT NULL,
  `fechaRegistro` timestamp NOT NULL DEFAULT current_timestamp() ON UPDATE current_timestamp()
) ENGINE=InnoDB DEFAULT CHARSET=utf8;

--
-- Volcado de datos para la tabla `periodos`
--

INSERT INTO `periodos` (`idPeriodo`, `etapaPeriodo`, `yearPeriodo`, `nombrePeriodo`, `fechaInicio`, `fechaFin`, `estadoPeriodo`, `fechaRegistro`) VALUES
(1, 1, 2022, 'PL - 2022 - 1', '2022-04-11', '2022-08-31', 1, '2022-07-06 14:43:32');

-- --------------------------------------------------------

--
-- Estructura de tabla para la tabla `personal`
--

CREATE TABLE `personal` (
  `idPersonal` int(11) NOT NULL,
  `idPersonaPersonal` int(11) DEFAULT NULL,
  `idCargo` int(11) DEFAULT NULL,
  `profesionPersonal` varchar(200) DEFAULT NULL,
  `correoPersonal` varchar(200) DEFAULT NULL,
  `celularPersonal` text DEFAULT NULL,
  `direccionPersonal` text DEFAULT NULL,
  `fechaNac` date DEFAULT NULL,
  `fechaIngresoPersonal` date DEFAULT NULL,
  `fechaSalidaPersonal` date DEFAULT NULL,
  `bancoPersonal` varchar(200) DEFAULT NULL,
  `numCuentaPersonal` varchar(20) DEFAULT NULL,
  `tipoPago` tinyint(4) DEFAULT NULL,
  `montoPago` decimal(10,2) DEFAULT NULL,
  `estadoPersonal` tinyint(1) NOT NULL DEFAULT 1,
  `fechaPersonal` timestamp NOT NULL DEFAULT current_timestamp() ON UPDATE current_timestamp()
) ENGINE=InnoDB DEFAULT CHARSET=utf8;

--
-- Volcado de datos para la tabla `personal`
--

INSERT INTO `personal` (`idPersonal`, `idPersonaPersonal`, `idCargo`, `profesionPersonal`, `correoPersonal`, `celularPersonal`, `direccionPersonal`, `fechaNac`, `fechaIngresoPersonal`, `fechaSalidaPersonal`, `bancoPersonal`, `numCuentaPersonal`, `tipoPago`, `montoPago`, `estadoPersonal`, `fechaPersonal`) VALUES
(11, 2, 2, 'ING SISTEMAS', 'cristian0073@hotmail.com', '[\"950853889\"]', 'jr. micaela bastidas psj jose rodrigues 134', '1996-12-31', '2022-04-01', NULL, 'SCOTIABANK', '358-0610529', 1, '2300.00', 1, '2022-07-27 21:27:54'),
(15, 12, 1, 'DOCENTE', 'prof.rrodriguez@institutofibonacci.com', '[\"943050945\"]', 'JR. F URB MUNICIPAL MZ. B-1 LT. 18', '1971-08-25', '2022-04-11', NULL, '', '', 2, '13.00', 1, '2022-08-04 16:08:33'),
(16, 13, 1, 'CONTADOR', 'prof.rbrito@institutofibonacci.com', '[\"961556370\"]', 'JR.DIEGO DE ALMAGRO 147', '1973-06-16', '2022-04-11', NULL, '', '', 2, '13.00', 1, '2022-08-04 15:08:24'),
(17, 14, 1, 'LIC.ADMINISTRACION', 'prof.etrinidad@institutofibonacci.com', '[\"989991462\"]', 'CALLE LOS FICUS 370 MZ. 27 LT. 14 URB. ', '1976-05-09', '2022-04-11', NULL, '', '', 2, '12.00', 1, '2022-08-04 02:35:48'),
(18, 15, 1, 'CONTADOR', 'profrangulo@institutofibonacci.com', '[\"952858034\"]', 'JR. SAN MARTIN DE PORRAS L-20', '1973-03-03', '2022-04-11', NULL, '', '', 2, '12.00', 1, '2022-08-03 17:28:33'),
(19, 16, 1, 'DOCENTE LENG. Y LITERATURA', 'prof.mdionicio@institutofibonacci.com', '[\"978674369\"]', 'SANTA ROSA BAJA COMITE 14 MZ.O LT.8', '1980-12-08', '2022-04-11', NULL, 'SCOT.', '8250247163', 2, '11.00', 1, '2022-08-04 04:14:56'),
(20, 17, 1, 'QUÍMICA FAR.', 'prof.rleon@institutofibonacci.com', '[\"941031023\"]', 'GIRASOLES SN YANAG', '1973-06-20', '2022-04-11', NULL, '', '', 2, '14.00', 1, '2022-08-03 21:27:47'),
(21, 18, 1, 'QUIMICA FARM.', 'profdbravo@institutofibonacci.com', '[\"997444693\"]', 'JR. RUBEN DARIO 112 ZONA CERO', '1978-08-15', '2022-04-11', NULL, '', '', 2, '15.00', 1, '2022-08-03 17:58:46'),
(22, 19, 1, 'LABORATORISTA', 'prof.jcornejo@institutofibonacci.com', '[\"935096716\"]', '', '1976-04-23', '2022-04-11', NULL, NULL, NULL, NULL, NULL, 1, '2022-08-01 03:41:08'),
(23, 5, 1, 'ADMINISTRADOR', 'profoagui@institutofibonacci.com', '[\"988000873\"]', 'AV. CIRCUNVALACION 116 PP.JJ LAS MORAS', '1978-08-31', '2022-04-11', NULL, '', '', 2, '13.00', 1, '2022-08-03 17:15:21'),
(24, 20, 1, 'ENFERMERO', 'profygomez@institutofibonacci.com', '[\"968696260\"]', 'JR. LOS LIBERTADORES 483 BARR. CENTENARIO OESTE', '1971-06-11', '2022-04-11', NULL, '', '', 2, '11.00', 1, '2022-08-03 21:10:05'),
(25, 21, 1, 'ADMINISTRADORA', 'profkdelcastillo@institutofibonacci.com', '[\"913957122\"]', 'JR.UCAYALI NRO.105 SECTOR 5', '1978-05-25', '2022-04-11', NULL, '', '', 2, '15.00', 1, '2022-08-03 20:51:08'),
(26, 22, 1, 'ODONTOLOGO', 'prof.jguere@institutofibonacci.com', '[\"952248655\"]', 'AV. CARLOS SALAVERRY 607 URB. SAN JUAN', '1980-05-31', '2022-04-11', NULL, '', '', 2, '12.00', 1, '2022-08-03 21:15:34'),
(27, 23, 1, 'DOCENTE COMP. INFORM.', 'prof.lcastro@institutofibonacci.com', '[\"981654335\"]', 'JR. PROVINCIAS 100', '1980-03-24', '2022-04-11', NULL, '', '', 2, '11.00', 1, '2022-08-03 18:06:17'),
(28, 24, 1, 'LIC. ADMINISTRADOR', 'prof.rdelgado@institutofibonacci.com', '[\"944619665\"]', 'AV. UNIVERSITARIA C.POBLADO MENOR VILCAR CAYHUAYNA MZ. C LT. 2', '1981-07-04', '2022-04-11', NULL, '', '', 2, '13.00', 1, '2022-08-03 20:51:24'),
(29, 25, 1, 'CONTADOR', 'prof.elopez@institutofibonacci.com', '[\"948336182\"]', 'URB. HUAYOPAMPA A-13', '1983-12-17', '2022-04-11', NULL, '', '', 2, '14.00', 1, '2022-08-03 21:28:19'),
(30, 26, 1, 'CONTADOR', 'prof.asipion@institutofibonacci.com', '[\"964597620\"]', 'JR. LA CANTUTA URB CAYHUAYNA BAJA LT. 04', '1985-02-04', '2022-04-11', NULL, '', '', 2, '12.00', 1, '2022-08-03 23:25:03'),
(31, 27, 1, 'QUIMICO FARM.', 'prof.mromero@institutofibonacci.com', '[\"979036799\"]', 'JR. JORGE CHAVEZ 202 INT. A', '1987-09-13', '2022-04-11', NULL, '', '', 2, '14.00', 1, '2022-08-03 23:17:33'),
(32, 28, 1, 'ING. AMBIENTAL', 'profgrobles@institutofibonacci.com', '[\"968716658\"]', 'JR 5 DE MAYO I-06 URB SAN PEDRO', '1987-09-27', '2022-04-11', NULL, '', '', 2, '12.00', 1, '2022-08-03 23:17:18'),
(33, 6, 1, 'ECONOMISTA', 'profjalbornoz@institutofibonacci.com', '[\"900526925\"]', 'JR 14 DE SETIEMBRE B-7 P. JOVEN SAN LUIS', '1987-01-17', '2022-04-11', NULL, '', '', 2, '14.00', 1, '2022-08-03 17:15:43'),
(34, 29, 1, 'DOCENTE COMP. Y INF', 'profgvaras@institutofibonacci.com', '[\"985404102\"]', 'JR. DAMASO BERAUN 429 INT. 207', '1984-12-22', '2022-04-11', NULL, '', '', 2, '12.00', 1, '2022-08-04 02:36:10'),
(35, 30, 1, 'LIC. ENFERMERIA', 'prof.mgrados@institutofibonacci.com', '[\"945840828\"]', 'JR. ADALBERTO VARALLANOS 121', '1987-09-13', '2022-04-11', NULL, '', '', 2, '13.00', 1, '2022-08-03 21:10:17'),
(36, 7, 1, 'LENGUA Y LIT.', 'prof.salbornoz@institutofibonacci.com', '[\"962070144\"]', 'PSJ. SANTA CLARA 136 PP.JJ POMARES', '2988-09-16', '2022-04-11', NULL, '', '', 2, '12.00', 1, '2022-08-03 17:16:02'),
(37, 31, 1, 'CONTADORA', 'profdborja@institutofibonacci.com', '[\"961595368\"]', 'PEREN A-22 PP.JJ SAN LUIS', '1988-11-01', '2022-04-11', NULL, '', '', 2, '13.00', 1, '2022-08-03 17:58:27'),
(38, 32, 1, 'TEC. EN COMPUT.', 'profpramirez@institutofibonacci.com', '[\"998276110\"]', 'ASENT. H. LAS TERRAZAS L-2', '1989-02-03', '2022-04-11', NULL, '', '', 2, '12.00', 1, '2022-08-03 22:53:13'),
(39, 33, 1, 'LIC. ENFERMERIA', 'prof.lcabanillas@institutofibonacci.com', '[\"977299738\"]', 'URB SANTA ELENA E-36', '1989-02-21', '2022-04-11', NULL, '', '', 2, '13.00', 1, '2022-08-03 17:59:46'),
(40, 34, 1, 'ADMINISTRADOR', 'prof.farones@institutofibonacci.com', '[\"999466704\"]', 'JR. MAYRO 724', '1989-12-15', '2022-04-11', NULL, '', '', 2, '12.00', 1, '2022-08-03 17:28:49'),
(41, 35, 1, 'ECONOMISTA', 'prof.yperez@institutofibonacci.com', '[\"959804491\"]', 'AV. ESTEBAN PABLETICH MZ.L LT.2', '2022-04-11', '2022-05-05', NULL, '', '', 2, '12.00', 1, '2022-08-03 22:28:05'),
(42, 36, 1, 'QCA. FARMACEUTICA', 'prof.ccamabillca@institutofibonacci.com', '[\"977777807\"]', 'JR. INDEPENDENCIA PUEBLO PUEBLO JOVEN LAS MORAS MZ. L LT. 15', '1989-12-31', '2022-04-11', NULL, '', '', 2, '14.00', 1, '2022-08-03 18:05:38'),
(43, 37, 1, 'ADMINISTRADORA', 'prof.lcastillo@institutofibonacci.com', '[\"962994755\"]', 'JR. LOS PALTOS G - 01 C.P.M ÑAUZA', '2022-07-17', '2022-04-11', NULL, '', '', 1, '2000.00', 1, '2022-08-03 18:05:58'),
(44, 38, 1, 'LIC. ENFERMERIA', 'prof.ccaballero@institutofibonacci.com', '[\"927607182\"]', 'BQ LAS BRISAS D - 504 RES. LAS BRISAS', '2022-01-04', '2022-04-11', NULL, '', '', 1, '2200.00', 1, '2022-08-03 17:59:16'),
(45, 39, 1, 'ADMINISTRADOR', 'prof.ecueva@institutofibonacci.com', '[\"921472048\"]', 'JR. LOPEZ ALBUJAR E-12 INT. B', '1990-12-21', '2022-04-11', NULL, '', '', 2, '12.00', 1, '2022-08-03 20:50:49'),
(46, 40, 1, 'OBSTETRA', 'prof.crosales@institutofibonacci.com', '[\"927590618\"]', 'ASENT.H. COMITE 8 A.P F-01', '1989-12-07', '2022-04-11', NULL, '', '', 2, '12.00', 1, '2022-08-03 23:17:50'),
(47, 41, 1, 'DOCENTE MATEMATICA', 'prof.sloarte@institutofibonacci.com', '[\"972521736\"]', 'JR. JORGE CHAVEZ 118 PAUCARBAMBA HUANUCO-HUANUCO-AMARILIS', '1993-03-12', '2022-04-11', NULL, '', '', 2, '14.00', 1, '2022-08-03 21:28:03'),
(48, 42, 1, 'LIC. ADMINISTRADOR', 'prof.fflorido@institutofibonacci.com', '[\"989930487\"]', 'COROPUNA 0012 INT. 0010', '1994-07-07', '2022-04-11', NULL, '', '', 2, '12.00', 1, '2022-08-03 21:09:48'),
(49, 43, 1, 'CONTADOR', 'prof.bmendoza@institutofibonacci.com', '[\"964157952\"]', 'AV. TITO JAIME F. 357 TINGO MARIA', '1990-08-26', '2022-04-11', NULL, '', '', 2, '12.00', 1, '2022-08-03 22:12:04'),
(50, 44, 1, 'LIC.ADMINISTRACION', 'prof.nmallqui@institutofibonacci.com', '[\"975321882\"]', 'MZ. ASUNCION SALDAÑA 198', '1994-03-02', '2022-04-11', NULL, 'BCP', '56033737518044', 2, '10.00', 1, '2022-08-04 05:35:00'),
(51, 45, 1, 'ECONOMISTA', 'prof.asanchez@institutofibonacci.com', '[\"955211188\"]', 'URB. LEONCIO PRADO MZ-K LT-12', '1991-11-07', '2022-04-11', NULL, '', '', 2, '12.00', 1, '2022-08-03 23:24:47'),
(52, 46, 1, 'ADMINISTRADORA', 'prof.restela@institutofibonacci.com', '[\"962588429\"]', 'PSJ. PRIMAVERA MZ. B LT. 04', '2022-01-21', '2022-04-11', NULL, '', '', 2, '11.00', 1, '2022-08-03 21:08:37'),
(53, 47, 1, 'ENFERMERO', 'prof.fcespedes@institutofibonacci.com', '[\"957228185\"]', 'JR. LA ZANJA G - 37', '1992-04-04', '2022-04-11', NULL, '', '', 2, '12.00', 1, '2022-08-03 20:10:55'),
(54, 48, 1, 'QUÍMICA FAR.', 'profrmartel@institutofibonacci.com', '[\"921219157\"]', 'JR. CIRO ALEGRIA K-16B SAN LUIS', '1979-10-27', '2022-04-11', NULL, '', '', 2, '16.00', 1, '2022-08-03 21:28:36'),
(55, 49, 1, 'LENGUA Y LIT.', 'profjfernandez@institutofibonacci.com', '[\"949966734\"]', 'PROLONG.JUNIN 104', '1979-01-20', '2022-04-11', NULL, '', '', 2, '12.00', 1, '2022-08-03 21:09:33'),
(56, 50, 1, 'LIC.ENFERMERIA', 'prof.mruiz@institutofibonacci.com', '[\"930385674\"]', 'JR. PILCOMARKA 135 CAYHUAYNA', '1987-03-04', '2022-04-11', NULL, 'BN', '04-483-169979', 2, '12.00', 1, '2022-08-04 14:00:38'),
(57, 51, 1, 'ADM. TURISTICA Y HOTELERIA', 'prof.bvillacorta@institutofibonacci.com', '[]', '', '1988-11-28', '2022-04-11', NULL, 'BN', '04-517-945426', 2, '14.00', 1, '2022-08-04 14:36:14'),
(58, 52, 1, 'DOCENTE', 'prof.amateo@institutofibonacci.com', '[\"968666094\"]', 'JR. IQUITOS 830', '1989-06-03', '2022-04-11', NULL, NULL, NULL, NULL, NULL, 1, '2022-08-01 22:39:15'),
(59, 53, 1, 'CIRUJANO DENTISTA', 'prof.ppalomares@institutofibonacci.com', '[\"927942513\"]', 'MZ.B LT.8 URB.ARTURO ROBLES MORALES', '1976-05-30', '2022-04-11', NULL, 'BANCO DE LA NACION', '04 490 544904', 2, '10.00', 1, '2022-08-04 05:57:31'),
(60, 54, 1, 'DOCENTE', 'prof.fmalpartida@institutofibonacci.com', '[\"959284401\"]', 'JR. CUZCO 865', '1974-02-15', '2022-04-11', NULL, NULL, NULL, NULL, NULL, 1, '2022-08-01 22:50:14'),
(61, 55, 1, 'DOCENTE', 'prof.nhuambachano@institutofibonacci.com', '[\"950683026\"]', 'AV. VIA DE EVITAMIENTO NORTE MZ. A LT. 9', '1996-12-05', '2022-04-11', NULL, 'BCP', '56006586082051', 2, '13.00', 1, '2022-08-04 04:44:37'),
(62, 56, 1, 'LIC.ENFERMERIA', 'prof.rleon@institutofibonacci.com', '[\"962599005\"]', 'PSJ.TUPAC AMARU C-1', '1968-02-19', '2022-04-11', NULL, 'BN', '04-490-580129', 2, '12.00', 1, '2022-08-04 05:27:54'),
(63, 57, 1, 'DOCENTE', 'prof.chidalgo@institutofibonacci.com', '[\"930236081\"]', 'JR.SUCRE 192', '1964-08-24', '2022-04-11', '0000-00-00', 'BCP', '56090011739092', 2, '13.00', 1, '2022-08-04 04:35:13'),
(64, 58, 1, 'OBSTETRA', 'prof.ylino@institutofibonacci.com', '[\"950465189\"]', 'AV.BUENOS AIRES', '1971-06-03', '2022-04-11', NULL, 'BN', '04014977444', 2, '12.00', 1, '2022-08-04 05:28:36'),
(65, 59, 1, 'DOCENTE', 'prof.mdiaz@institutofibonacci.com', '[\"964848167\"]', 'AV. 1ERO DE SETIEMBRE MZ. A LT. 10', '1979-10-21', '2022-04-11', '2022-07-01', NULL, NULL, NULL, NULL, 0, '2022-08-02 13:29:48'),
(66, 60, 1, 'DOCENTE', 'prof.cisla@institutofibonacci.com', '[\"920108375\"]', 'JR. 2 DE MAYO 205', '1979-12-27', '2022-04-11', NULL, 'BBVA', '0011-0318-0200462644', 2, '15.00', 1, '2022-08-04 05:21:32'),
(67, 61, 1, 'DOCENTE', 'prof.ichamoli@institutofibonacci.com', '[\"929900572\"]', 'MZ.H LOTE 2 CAS. LAS PALMAS', '1980-08-29', '2022-04-11', NULL, 'BN', '04490459095', 2, '15.00', 1, '2022-08-04 03:30:37'),
(68, 62, 1, 'DOCENTE', 'prof.wgarcia@institutofibonacci.com', '[\"984186093\"]', 'JR. RAYMONDI 927', '1981-01-03', '2022-04-11', NULL, 'BBVA', '001103180200586297', 2, '13.00', 1, '2022-08-04 04:23:15'),
(69, 63, 1, 'LIC ADMINISTRACION', 'prof.gsolorzano@institutofibonacci.com', '[]', 'JR.CAJAMARCA 1172', '1982-10-24', '2022-04-11', NULL, 'BBVA', '0011-0318-0200325698', 2, '12.00', 1, '2022-08-04 14:33:33'),
(70, 8, 1, 'DOCENTE', 'prof.calvarado@institutofibonacci.com', '[\"985937365\"]', 'P.JOVEN JESUS ALBERTO PAEZ MZ.H LT.2', '1983-11-21', '2022-04-11', NULL, 'BBVA', '0011-0814-0214932461', 2, '12.00', 1, '2022-08-04 03:03:52'),
(71, 64, 1, 'ING.INDUSTRIAS ALIMENTARIAS', 'prof.sushinahua@institutofibonacci.com', '[\"900898208\"]', 'MZ. K1 LOTE 07 AA.VV LOS ROSALES', '1984-08-27', '2022-04-11', NULL, 'BCP', '56070541613098', 2, '12.00', 1, '2022-08-04 14:34:50'),
(72, 65, 1, 'ING.ZOOTECNISTA', 'prof.cruiz@institutofibonacci.com', '[\"987837412\"]', 'AV.ENRIQUE PIMENTEL 269', '1984-08-16', '2022-04-11', NULL, 'BBVA', '0011-0814-020011472', 2, '12.00', 1, '2022-08-04 13:59:36'),
(73, 66, 1, 'LIC .ADMINISTRACION', 'prof.npenadillo@institutofibonacci.com', '[\"957434620\"]', 'PROL. ALAMEDA DE LA REPUBLICA 174', '1983-06-14', '2022-04-11', NULL, 'BN', '04517945590', 2, '13.00', 1, '2022-08-04 14:59:32'),
(74, 67, 1, 'DOCENTE', 'prof.gortiz@institutofibonacci.com', '[\"956113989\"]', 'MZ. PICURUYACU 0 C.P.M CASTILLO GRANDE', '1986-11-20', '2022-04-11', NULL, 'BN', '04-035-606578', 2, '10.00', 1, '2022-08-04 05:56:40'),
(75, 68, 1, 'TEC. EN FARMACIA', 'zevallosvigiliojuliana@hotmail.com', '[\"994941553\"]', 'PSJ. SANTA ANA C-05 CAYHUAYNA BAJA', '1989-08-15', '2022-04-11', NULL, 'BCP', '36594491162064', 2, '13.00', 1, '2022-08-04 14:40:25'),
(76, 69, 1, 'ECONOMISTA', 'prof.wrojas@institutofibonacci.com', '[\"960639996\"]', 'JR. PUCALLPA 11 CENT TINGO MARIA ', '1988-10-24', '2022-04-11', NULL, 'BCP', '56006399421005', 2, '11.00', 1, '2022-08-04 13:49:00'),
(77, 70, 1, 'DOCENTE', 'prof.szecevich@institutofibonacci.com', '[\"927750677\"]', 'AV. ANTONIO RAIMONDI 345', '1989-12-22', '2022-04-11', NULL, 'BCP', '56093068013037', 2, '12.00', 1, '2022-08-04 14:39:47'),
(78, 71, 1, 'DOCENTE', 'prof.jgaray@institutofibonacci.com', '[\"983883499\"]', 'JR. TUPAC AMARU 323 CENT AUCAYACU', '1990-10-16', '2022-04-11', NULL, 'BBVA', '0011-0318-0200598716', 2, '13.00', 1, '2022-08-04 04:22:36'),
(79, 72, 1, 'ECONOMISTA', 'prof.jmoralles@institutofibonacci.com', '[\"943039508\"]', 'JR. LAS VIOLETAS 00477 CENT TINGO MARIA', '1992-05-12', '2022-04-11', NULL, 'BANCO DE LA NACION', '04-582-001575', 2, '12.00', 1, '2022-08-04 05:55:49'),
(80, 73, 1, 'DOCENTE', 'prof.rtaboada@instituofibonacci.com', '[\"992982848\"]', 'MZ. A. FUJIMORI 5 PP JJ. ALBERTO FUJIMORI', '1993-06-14', '2022-04-11', NULL, 'BCP', '560-30238154-0-33', 2, '13.00', 1, '2022-08-04 14:34:21'),
(81, 74, 1, 'DOCENTE', 'prof.sarevalao@institutofibonacci.com', '[\"962973057\"]', 'AV. ALAMEDA PERU 1216', '1991-05-14', '2022-04-11', NULL, 'BN', '04-489-382372', 2, '12.00', 1, '2022-08-04 03:05:42'),
(82, 75, 1, 'CONTADOR', 'prof.rlopez@institutofibonacci.com', '[\"997126814\"]', 'AV.ALAMEDA PERU 1212', '1992-06-01', '2022-04-11', NULL, 'BBVA', '0011-0057-0241930093', 2, '12.00', 1, '2022-08-04 05:29:12'),
(83, 76, 1, 'CONTADOR', 'prof.jlemos@institutofibonacci.com', '[\"962991071\"]', 'PROL. ANTONIO RAIMONDI 01318 CENT TINGO MARIA', '1997-05-05', '2022-04-11', NULL, 'BBVA', '0011-0318-0200578294', 2, '12.00', 1, '2022-08-04 05:27:15'),
(84, 77, 1, 'CONTADORA', 'prof.jramirez@institutofibonacci.com', '[\"957299586\"]', '', '1974-10-01', '2022-04-11', NULL, '', '', 2, '14.00', 1, '2022-08-04 16:00:02'),
(85, 78, 1, 'CIRUJANO DENTISTA', 'prof.cchavez@institutofibonacci.com', '[\"942436185\"]', 'PDR EL TINGO S/N', '1975-11-14', '2022-04-11', NULL, '', '', 2, '12.00', 1, '2022-08-04 15:16:07'),
(86, 79, 1, 'CONTADOR', 'prof.dbazan@institutofibonacci.com', '[\"949028100\"]', 'AV. VIA DE EVITAMIENTO NORTE MZ. A LT. 9', '1974-03-09', '2022-04-11', NULL, '', '', 2, '12.00', 1, '2022-08-04 15:07:56'),
(87, 80, 1, 'DOCENTE', 'prof.gchampe@institutofibonacci.com', '[\"961703628\"]', 'PJ SANTA ROSA ASENT.H.EL ENCANTO MZ B LT 18', '1967-12-23', '2022-04-11', NULL, '', '', 2, '12.00', 1, '2022-08-04 15:15:51'),
(88, 81, 1, 'INGENIERO AGRONOMO', 'prof.lespinoza@institutofibonacci.com', '[\"982366463\"]', 'JR. HUAYNA CAPAC 418', '1980-10-08', '2022-04-11', NULL, '', '', 2, '14.00', 1, '2022-08-04 15:17:05'),
(89, 82, 1, 'ENFERMERIA', 'prof.loliveira@institutofibonacci.com', '[\"943062159\"]', 'CALLE LA PAZ ASENT.H. NVA. VICTORIA MZ. B LT. 10', '1978-01-04', '2022-04-11', NULL, '', '', 2, '15.00', 1, '2022-08-04 15:52:00'),
(90, 83, 1, 'QUIMICO FARMACEUTICO', 'prof.rvasquez@institutofibonacci.com', '[\"931575228\"]', 'JR. SALAVERRY 678', '1981-10-06', '2022-04-11', NULL, '', '', 2, '16.00', 1, '2022-08-04 16:15:57'),
(91, 84, 1, 'TECNOLOGO MEDICO', 'prof.jcalderon@institutofibonacci.com', '[\"964404080\"]', 'CALLE PADRE SALAS 177', '1983-01-31', '2022-04-11', NULL, '', '', 2, '13.00', 1, '2022-08-04 15:08:44'),
(92, 85, 1, 'QUIMICO FARMACEUTICO', 'prof.vchumbe@institutofibonacci.com', '[\"960196656\"]', 'JR. RICARDO PALMA 225', '1984-07-03', '2022-04-11', NULL, '', '', 2, '16.00', 1, '2022-08-04 15:16:19'),
(93, 86, 1, 'CONTADOR', 'prof.jsotelo@institutofibonacci.com', '[\"978617995\"]', 'PROLONG. TUPAC AMARU MZ.199 LT.6', '1984-09-22', '2022-04-11', NULL, '', '', 1, '2100.00', 1, '2022-08-04 16:15:00'),
(94, 87, 1, 'CONTADORA', 'prof.everastegui@institutofibonacci.com', '[\"962231797\"]', 'AV. SAN MARTIN 754', '1982-03-26', '2022-04-11', NULL, '', '', 2, '13.00', 1, '2022-08-04 16:16:27'),
(95, 88, 1, 'ECONOMISTA', 'prof.krios@institutofibonacci.com', '[\"961105387\"]', 'ASENT.H. BRISAS DE PUENTE PIEDRA MZ. G LT. 10', '1985-04-01', '2022-04-11', NULL, '', '', 2, '12.00', 1, '2022-08-04 16:08:19'),
(96, 89, 1, 'MATEMATICO', 'prof.yguevara@institutofibonacci.com', '[\"956333923\"]', 'JR SAN PEDRO 131 LIMA-BARRANCA', '1986-09-28', '2022-04-11', NULL, NULL, NULL, NULL, NULL, 1, '2022-08-02 22:53:00'),
(97, 90, 1, 'ENFERMERIA', 'prof.lvarela@institutofibonacci.com', '[\"946975122\"]', 'BARRIO APETTY PASCO', '1989-05-20', '2022-04-11', NULL, '', '', 1, '2000.00', 1, '2022-08-04 16:15:31'),
(98, 91, 1, 'ECONOMISTA', 'prof.ypereira@institutofibonacci.com', '[\"956879616\"]', 'JR. INDEPENDENCIA 387', '1989-08-05', '2022-04-11', NULL, '', '', 2, '12.00', 1, '2022-08-04 15:52:45'),
(99, 92, 1, 'OBSTETRA', 'prof.lschelamauss@institutofibonacci.com', '[\"941408120\"]', 'JR. PADRE AGUERRIZABAL MZ. 44 LT. 07', '1993-07-21', '2022-04-11', NULL, '', '', 2, '12.00', 1, '2022-08-04 16:14:44'),
(100, 93, 1, 'QUIMICO FARMACEUTICO', 'prof.fpanduro@institutofibonacci.com', '[\"963405257\"]', 'CL LOS VENCEDORES 58 LORETO', '1993-07-13', '2022-04-11', NULL, '', '', 2, '16.00', 1, '2022-08-04 15:52:24'),
(101, 94, 1, 'ENFERMERIA', 'prof.gperez@institutofibonacci.com', '[\"927047522\"]', 'JR SANTA ROSA KM 7 MZ K LT 3 ASENT.H. NVO. BOLOGNESI', '1998-05-20', '2022-04-11', NULL, '', '', 2, '13.00', 1, '2022-08-04 15:53:02'),
(102, 95, 1, 'ADMINISTRADOR', 'prof.earevalo@institutofibonacci.com', '[\"988446895\"]', 'JR. ALFONSO UGARTE 1081', '1990-12-28', '2022-04-11', NULL, '', '', 2, '12.00', 1, '2022-08-04 15:07:40'),
(103, 96, 1, 'ADMINISTRADOR', 'prof.ppizango@institutofibonacci.com', '[\"936792517\"]', '', '1993-01-30', '2022-04-10', NULL, '', '', 2, '12.00', 1, '2022-08-04 15:53:34'),
(104, 97, 1, 'ESTOMATOLOGIA', 'prof.nquispe@institutofibonacci.com', '[\"935338806\"]', 'CALLE YAGUAS 186 UCAYALI', '1998-09-16', '2022-04-11', NULL, '', '', 2, '15.00', 1, '2022-08-04 15:55:55'),
(105, 98, 1, 'CONTADOR', 'prof.ggomez@institutofibonacci.com', '[\"996087895\"]', '', '1992-08-25', '2022-04-11', NULL, '', '', 2, '12.00', 1, '2022-08-04 15:26:50'),
(106, 99, 1, 'ECONOMISTA', 'prof.avasquez@institutofibonacci.com', '[\"988236087\"]', 'AV. LLOQUE YUPANQUI 555 UCAYALI', '1996-05-22', '2022-04-20', NULL, '', '', 2, '13.00', 1, '2022-08-04 16:16:47'),
(107, 100, 1, 'ENFERMERIA', 'prof.sdavila@institutofibonacci.com', '[\"955510888\"]', 'CASERIO STA. ROSA UCAYALI', '1993-01-19', '2022-04-11', NULL, '', '', 1, '2100.00', 1, '2022-08-04 15:16:36'),
(108, 101, 1, 'OBSTETRA', 'prof.bruiz@institutofibonacci.com', '[\"957390042\"]', 'PSJ. ESPERANZA FERRARI 151 HUANUCO', '1996-11-04', '2022-04-11', '0000-00-00', 'BBVA', '0011-0814-0215063092', 2, '12.00', 1, '2022-08-04 13:54:32'),
(109, 102, 1, 'ENFERMERIA', 'prof.cmeneses@institutofibonacci.com', '[\"927820572\"]', 'JR. EL PESCADOR MZ. 131A LT. 13 UCAYALI', '1996-09-30', '2022-04-11', NULL, '', '', 2, '13.00', 1, '2022-08-04 15:47:55'),
(110, 103, 1, 'DOCENTE', 'prof.rneira@institutofibonacci.com', '[\"925613533\"]', 'JR. LIMA S/N SAN MARTIN', '1994-03-13', '2022-04-11', NULL, 'BBVA', '001103180200504037', 2, '15.00', 1, '2022-08-04 15:53:19'),
(111, 10, 1, 'LIC. ENFERMERIA', 'prof.jambrocio@institutofibonacci.com', '[\"949533281\"]', '', '0000-00-00', '2022-06-24', NULL, '', '', 2, '13.00', 1, '2022-08-03 17:19:55'),
(113, 105, 1, 'QCO. FARMACEUTICO', 'prof.nastorayme@institutofibonacci.com', '[\"964605494\"]', '', '1975-12-13', '2022-04-11', NULL, '', '', 2, '13.00', 1, '2022-08-03 17:33:55'),
(114, 106, 1, 'LIC. ENFERMEERIA', '', '[\"943861181\"]', '', '0000-00-00', '2022-06-13', NULL, '', '', 2, '13.00', 1, '2022-08-03 17:45:55'),
(115, 107, 1, 'ENFERMERA', '', '[\"940197086\"]', '', '1978-03-08', '2022-04-11', NULL, '', '', 2, '12.00', 1, '2022-08-03 17:53:28'),
(116, 108, 1, 'ADMINISTRADORA', 'prof.dcabello@institutofibonacci.com', '[\"984006376\"]', '', '1988-06-12', '2022-04-11', NULL, '', '', 2, '12.00', 1, '2022-08-03 18:05:15'),
(117, 109, 1, 'ENFERMERA', 'prof.mcecilio@institutofibonacci.com', '[\"936018153\"]', '', '0000-00-00', '2022-04-11', NULL, '', '', 2, '13.00', 1, '2022-08-03 20:10:38'),
(118, 110, 1, 'LIC. ADMINISTRACION', 'prof.achavez@institutofibonacci.com', '[\"941189423\"]', '', '1993-11-10', '2022-04-11', NULL, '', '', 2, '12.00', 1, '2022-08-03 20:30:44'),
(119, 111, 1, 'LIC. ENFERMERIA', 'prof.echavez@institutofibonacci.com', '[\"931139161\"]', '', '1983-10-06', '2022-04-11', NULL, '', '', 2, '12.00', 1, '2022-08-03 20:45:13'),
(120, 112, 1, 'QCO. FARMACEUTICO', 'prof.aenriquez@institutofibonacci.com', '[\"950523222\"]', '', '1982-07-03', '2022-04-11', NULL, '', '', 2, '15.00', 1, '2022-08-03 20:53:02'),
(121, 113, 1, 'ECONOMISTA', '', '[\"956920789\"]', '', '0000-00-00', '2022-06-23', NULL, '', '', 2, '12.00', 1, '2022-08-03 20:59:31'),
(122, 114, 1, 'DOCENTE MATEMATICA', '', '[\"962598698\"]', '', '0000-00-00', '1984-09-15', NULL, '', '', 2, '12.00', 1, '2022-08-03 21:15:39'),
(123, 115, 1, 'PSICOLOGA', '', '[\"959111405\"]', '', '0000-00-00', '2022-05-20', NULL, '', '', 2, '12.00', 1, '2022-08-03 21:19:22'),
(124, 116, 1, 'ODONTOLOGO', 'prof.jleon@institutofibonacci.com', '[\"938316831\"]', '', '0000-00-00', '2022-05-16', NULL, '', '', 2, '12.00', 1, '2022-08-03 21:27:12'),
(125, 117, 1, 'LIC. ENFERMERIA', '', '[\"917405107\",\"959282528\"]', '', '0000-00-00', '2022-05-24', NULL, '', '', 2, '12.00', 1, '2022-08-03 21:56:44'),
(126, 118, 1, 'DOCENTE MATEMATICA', '', '[\"952971771\"]', '', '0000-00-00', '2022-06-13', NULL, '', '', 2, '13.00', 1, '2022-08-03 22:06:48'),
(127, 119, 1, 'ADMINISTRADOR', 'prof.mmorales@institutofibonacci.com', '[\"964652209\"]', '', '1985-05-07', '2022-04-11', NULL, '', '', 2, '12.00', 1, '2022-08-03 22:13:28'),
(128, 120, 1, 'ADM. TURISTICA', 'prof.nocana@institutofibonacci.com', '[\"938563713\"]', '', '0000-00-00', '2022-05-25', NULL, '', '', 2, '12.00', 1, '2022-08-03 22:17:20'),
(129, 121, 1, 'ENFERMERA', 'prof.bquinonez@institutofibonacci.com', '[\"982228869\"]', '', '1993-09-17', '0000-00-00', NULL, '', '', 2, '12.00', 1, '2022-08-03 22:29:17'),
(130, 122, 1, '', 'prof.gquispe@institutofibonacci.com', '[\"935681635\"]', '', '2993-03-26', '2022-04-11', NULL, '', '', 2, '13.00', 1, '2022-08-03 22:33:57'),
(131, 123, 1, 'QCA. FARMACEUTICA', 'prof.lramos@institutofibonacci.com', '[\"962626356\"]', '', '1987-09-12', '2022-05-17', NULL, '', '', 2, '13.00', 1, '2022-08-03 22:55:44'),
(132, 124, 1, 'OBSTETRA', 'prof.mreyes@institutofibonacci.com', '[\"980332953\"]', '', '0000-00-00', '2022-05-16', NULL, '', '', 2, '12.00', 1, '2022-08-03 23:07:02'),
(133, 125, 1, 'CONTADOR', 'profjreynoso@institutofibonacci.com', '[\"990480134\"]', '', '1980-11-16', '2022-04-11', NULL, '', '', 2, '14.00', 1, '2022-08-03 23:11:21'),
(134, 126, 1, 'LIC. ENFERMERIA', '', '[\"961213474\"]', '', '0000-00-00', '2022-07-21', NULL, '', '', 2, '12.00', 1, '2022-08-03 23:18:43'),
(135, 127, 1, 'ABOGADA', 'prof.gsolano@institutofibonacci.com', '[\"990914119\"]', '', '1996-02-22', '2022-04-11', NULL, '', '', 2, '12.00', 1, '2022-08-04 01:58:57'),
(136, 128, 1, 'CONTADOR', 'profivega@institutofibonacci.com', '[\"976173277\"]', '', '1984-10-01', '2022-04-25', NULL, '', '', 2, '13.50', 1, '2022-08-04 02:41:15'),
(137, 4, 1, 'QCO. FARMACEUTICO', 'prof.waedo@institutofibonacci.com', '[\"938106423\"]', '', '1969-12-28', '2022-04-16', NULL, 'BCP', '56000110843007', 2, '20.00', 1, '2022-08-04 03:01:05'),
(138, 129, 1, '', 'prof.dcaldas@institutofibonacci.com', '[\"931027276\"]', '', '0000-00-00', '2022-05-16', NULL, 'BCP', '56094905721007', 2, '13.00', 1, '2022-08-04 03:13:15'),
(139, 130, 1, 'QCA. FARMACEUTICA', 'prof.bcapacyachi@institutofibonacci.com', '[\"958097235\"]', '', '0000-00-00', '2022-05-23', NULL, 'BN', '04388845762', 2, '13.00', 1, '2022-08-04 03:20:56'),
(140, 131, 1, '', '', '[\"943182384\"]', '', '0000-00-00', '2022-05-16', NULL, '', '', 2, '13.00', 1, '2022-08-04 03:22:08'),
(141, 132, 1, 'QUIMICO', 'prof.jconcepcion@institutofibonacci.com', '[\"985937365\"]', '', '1980-09-13', '2022-04-11', NULL, 'BBVA', '0011-031831020061761', 2, '15.00', 1, '2022-08-04 03:33:18'),
(142, 133, 1, 'PROFESORA DE COMUNICACION', 'prof.acuri@institutofibonacci.com', '[\"999207074\"]', '', '0000-00-00', '2022-04-11', NULL, 'SCOTIABANK', '4457272096', 2, '13.00', 1, '2022-08-04 03:38:11'),
(143, 134, 1, '', 'prof.gdionicio@institutofibonacci.com', '[\"938940590\"]', '', '1979-04-17', '2022-04-11', NULL, 'SCOTIABANK', '824-8492970', 2, '11.00', 1, '2022-08-04 04:07:05'),
(145, 135, 1, '', '', '[\"918505558\"]', '', '0000-00-00', '2022-06-20', NULL, 'BCP', '56095927350055', 2, '12.00', 1, '2022-08-04 04:24:35'),
(146, 136, 1, 'OBSTETRICIA', '', '[\"918257197\"]', '', '0000-00-00', '2022-05-18', NULL, '', '', 2, '13.00', 1, '2022-08-04 05:14:04'),
(147, 137, 1, '', 'prof.hjaimes@institutofibonacci.com', '[\"978934166\"]', '', '1986-03-05', '2022-04-11', NULL, 'BN', '04490518016', 2, '15.00', 1, '2022-08-04 05:23:18'),
(148, 138, 1, 'QUIMICO', 'prof.jlucich@institutofibonacci.com', '[\"971244031\"]', '', '1990-07-10', '2022-04-25', NULL, 'SCOTIBANK', '821-3363537', 2, '15.00', 1, '2022-08-04 05:30:31'),
(149, 139, 1, '', 'prof.jmarzano@institutofibonacci.com', '[\"916714071\"]', '', '0000-00-00', '2022-05-23', NULL, 'BBVA', '0011-0318-0200317997', 2, '13.00', 1, '2022-08-04 05:43:31'),
(150, 140, 1, 'CONTADOR', '', '[\"926504352\"]', '', '1995-01-04', '2022-04-13', NULL, 'BBVA', '0011-0318-0200613502', 2, '12.00', 1, '2022-08-04 13:29:26'),
(151, 141, 1, 'LIC ENFERMERIA', '', '[\"948502896\"]', '', '1989-05-25', '2022-04-16', NULL, 'BN', '04-093-843032', 2, '12.00', 1, '2022-08-04 13:37:42'),
(152, 142, 1, 'ECONOMISTA', '', '[\"932433468\"]', '', '0000-00-00', '2022-07-15', NULL, 'BCP', '56098723348096', 2, '130.00', 1, '2022-08-04 13:43:34'),
(153, 143, 1, '', 'prof.jlromero@institutofibonacci.com', '[\"986576581\"]', '', '0000-00-00', '2022-04-11', NULL, 'BN', '04490528593', 2, '11.00', 1, '2022-08-04 13:52:12'),
(154, 144, 1, '', '', '[\"973716500\"]', '', '0000-00-00', '2022-06-13', NULL, 'BN', '04-490-466032', 2, '13.00', 1, '2022-08-04 14:02:10'),
(155, 145, 1, '', 'prof.aysla@institutofibonacci.com', '[\"999915459\"]', '', '1991-02-15', '2022-04-11', NULL, 'BN', '04-055-972678', 2, '12.00', 1, '2022-08-04 14:37:31'),
(156, 146, 1, '', '', '[\"946640312\"]', '', '0000-00-00', '2022-06-14', NULL, 'BBVA', '0011-0050-0200130661', 2, '13.00', 1, '2022-08-04 14:42:35'),
(157, 9, 1, 'ENFERMERO', 'prof.galvarez@institutofibonacci.com', '[\"968954208\"]', '', '1987-05-09', '2022-04-11', NULL, '', '', 2, '13.00', 1, '2022-08-04 15:01:28'),
(158, 147, 1, 'QUIMICO FARMACEUTICO', 'prof.dcarlos@institutofibonacci.com', '[\"960117477\"]', '', '1992-07-29', '2022-04-11', NULL, '', '', 2, '15.00', 1, '2022-08-04 15:09:53'),
(159, 148, 1, 'ENFERMERIA', '', '[\"937733578\"]', '', '1992-11-29', '2022-04-11', NULL, NULL, NULL, NULL, NULL, 1, '2022-08-04 15:12:30'),
(160, 149, 1, 'OBSTETRA', '', '[\"941106470\"]', '', '1991-12-29', '2022-04-11', NULL, '', '', 2, '14.00', 1, '2022-08-04 15:18:29'),
(161, 150, 1, 'QUIMICO FARMACEUTICO', '', '[\"949514578\"]', '', '1987-05-13', '2022-04-11', NULL, '', '', 2, '15.00', 1, '2022-08-04 15:24:50'),
(162, 151, 1, 'ADMINISTRADORA', '', '[\"952699077\"]', '', '1992-01-05', '2022-04-11', NULL, '', '', 2, '13.00', 1, '2022-08-04 15:37:03'),
(163, 152, 1, 'PSICOLOGIA', '', '[\"960838089\"]', '', '1981-05-23', '2022-04-11', NULL, '', '', 2, '12.00', 1, '2022-08-04 15:36:50'),
(164, 153, 1, 'DOCENTE', '', '[\"955206716\"]', '', '1981-12-04', '2022-04-11', NULL, '', '', 2, '12.00', 1, '2022-08-04 15:41:53'),
(165, 154, 1, 'ADMINISTRADOR', '', '[\"920108257\"]', '', '1966-05-06', '2022-04-11', NULL, '', '', 2, '20.00', 1, '2022-08-04 15:46:13'),
(166, 155, 1, 'CONTADOR', '', '[\"977877426\"]', '', '1979-12-08', '2022-04-11', NULL, '', '', 2, '13.00', 1, '2022-08-04 15:49:33'),
(167, 156, 1, 'CONTADOR', '', '[\"961666512\"]', '', '1976-05-17', '2022-04-11', NULL, 'BCP', '48096028088030', 2, '12.00', 1, '2022-08-04 16:17:24'),
(168, 157, 1, 'QUIMICO FARMACEUTICO', '', '[\"971286934\"]', '', '1993-09-03', '2022-05-03', NULL, '', '', 2, '15.00', 1, '2022-08-04 15:56:51'),
(169, 158, 1, 'ENFERMERIA', '', '[\"966828100\"]', '', '0000-00-00', '2022-05-31', NULL, '', '', 2, '14.00', 1, '2022-08-04 16:01:16'),
(170, 159, 1, 'ECONOMISTA', '', '[\"988553041\"]', '', '1992-09-02', '2022-04-11', NULL, '', '', 2, '13.00', 1, '2022-08-04 16:05:13'),
(171, 160, 1, 'MATEMATICO', '', '[\"973258382\"]', '', '1983-10-08', '2022-05-04', NULL, '', '', 2, '15.00', 1, '2022-08-04 16:09:22');

-- --------------------------------------------------------

--
-- Estructura de tabla para la tabla `personas`
--

CREATE TABLE `personas` (
  `idPersona` int(11) NOT NULL,
  `dniPersona` varchar(15) NOT NULL,
  `nombresPersona` varchar(100) NOT NULL,
  `apellidoPaternoPersona` varchar(100) NOT NULL,
  `apellidoMaternoPersona` varchar(100) NOT NULL,
  `fechaRegistro` timestamp NOT NULL DEFAULT current_timestamp() ON UPDATE current_timestamp()
) ENGINE=InnoDB DEFAULT CHARSET=utf8;

--
-- Volcado de datos para la tabla `personas`
--

INSERT INTO `personas` (`idPersona`, `dniPersona`, `nombresPersona`, `apellidoPaternoPersona`, `apellidoMaternoPersona`, `fechaRegistro`) VALUES
(2, '72884584', 'CHRISTIAN IMER', 'VILCA', 'JUSTINIANO', '2022-07-05 17:19:56'),
(4, '21870344', 'WILLIAM JOSE', 'AEDO', 'VILLAGARAY', '2022-07-06 22:55:39'),
(5, '10701906', 'OVIDIO', 'AGUI', 'FABIAN', '2022-07-06 22:59:30'),
(6, '44907452', 'JONATHAN BELLAMY', 'ALBORNOZ', 'GONZALES', '2022-07-07 16:34:27'),
(7, '45423227', 'SINDY MARISOL', 'ALBORNOZ', 'LEON', '2022-07-07 16:38:54'),
(8, '42118643', 'CHRISTIAN', 'ALVARADO', 'PAJUELO', '2022-07-07 16:46:38'),
(9, '44240980', 'GERSSON RICARDO', 'ALVAREZ', 'RENGIFO', '2022-07-07 21:12:43'),
(10, '42574031', 'JULIO CESAR', 'AMBROCIO', 'HUACHO', '2022-07-07 23:13:09'),
(11, '45352662', 'SINDY CESSIA', 'ALBORNOZ', 'CORI', '2022-07-22 17:24:49'),
(12, '00094311', 'ROGER', 'RODRIGUEZ', 'DEL AGUILA', '2022-07-27 22:10:33'),
(13, '00101340', 'RAUL ANTONIO', 'BRITTO', 'SANCHEZ', '2022-07-27 22:14:17'),
(14, '04031390', 'ELEAZAR ANIBAL', 'TRINIDAD', 'MARCELO', '2022-07-27 22:15:49'),
(15, '04073664', 'RUBIN JESUS', 'ANGULO', 'RIVERA', '2022-07-27 22:26:45'),
(16, '40703814', 'MARIA NELLY', 'DIONICIO', 'ACOSTA', '2022-08-01 03:19:25'),
(17, '09970704', 'ROSA ESTHER', 'LEON', 'OTAROLA', '2022-08-01 03:24:02'),
(18, '09972336', 'DELMA', 'BRAVO', 'HOYOS', '2022-08-01 03:34:03'),
(19, '10055916', 'JHENNY CELESTINA', 'CORNEJO', 'ALCARRAZ', '2022-08-01 03:41:08'),
(20, '22503301', 'YONEL TULIO', 'GOMEZ', 'PENADILLO', '2022-08-01 04:22:32'),
(21, '22530153', 'KARINA', 'DEL CASTILLO', 'CASTIGLIONE', '2022-08-01 04:33:33'),
(22, '40633641', 'JIMMY HUGO', 'GÜERE', 'CHUQUILLANQUI', '2022-08-01 04:46:03'),
(23, '40813097', 'LUZ ANGELICA', 'CASTRO', 'ORDOÑEZ', '2022-08-01 04:49:21'),
(24, '41340840', 'RUSBEL', 'DELGADO', 'LINO', '2022-08-01 13:21:16'),
(25, '42662754', 'EDUARDO ROY', 'LOPEZ', 'ZEVALLOS', '2022-08-01 13:26:47'),
(26, '42840250', 'ALAN ROBERT', 'SIPION', 'RENGIFO', '2022-08-01 13:30:22'),
(27, '44493879', 'MARCOS ELADIO', 'ROMERO', 'RUIZ', '2022-08-01 13:42:46'),
(28, '44519104', 'GREGORIO ALEJANDRO', 'ROBLES', 'ROCANO', '2022-08-01 13:49:59'),
(29, '44949442', 'GERARDO FELIPE', 'VARAS', 'QUISPE', '2022-08-01 14:11:35'),
(30, '45151505', 'MELISSA ROSALIA', 'GRADOS', 'NIÑO', '2022-08-01 14:26:32'),
(31, '45442599', 'DENISSE VERENISSE', 'BORJA', 'BRUNO', '2022-08-01 14:52:57'),
(32, '45556598', 'PIERRE ALBERT', 'RAMIREZ', 'DURAND', '2022-08-01 15:04:51'),
(33, '45564519', 'LAURA VANESSA', 'CABANILLAS', 'SERRANO', '2022-08-01 15:11:12'),
(34, '46082563', 'FRANS ANTONY', 'ARONES', 'CHUQUILLANQUI', '2022-08-01 17:17:23'),
(35, '46273381', 'YLDA CONSUELA', 'PEREZ', 'PALACIOS', '2022-08-01 17:24:11'),
(36, '46317404', 'CATALINA', 'CAMABILLCA', 'ARGUESO', '2022-08-01 17:38:35'),
(37, '46526713', 'LISBETH', 'CASTILLO', 'DIAZ', '2022-08-01 17:42:24'),
(38, '46684331', 'CARMEN LISBETH', 'CABALLERO', 'SABRERA', '2022-08-01 17:54:41'),
(39, '46718738', 'EDIN ALVINO', 'CUEVA', 'CAMPOS', '2022-08-01 18:07:55'),
(40, '47645439', 'CINDY BREISY', 'ROSALES', 'PAREDES', '2022-08-01 19:56:53'),
(41, '47680746', 'CLEYTON SLEITER', 'LOARTE', 'GABRIEL', '2022-08-01 20:03:13'),
(42, '48646651', 'FELIX MILER', 'FLORIDO', 'CAMARGO', '2022-08-01 20:09:10'),
(43, '60496051', 'BREINER', 'MENDOZA', 'VILLOGAS', '2022-08-01 20:15:16'),
(44, '60932480', 'JAMES ELIAS', 'MALLQUI', 'PEREZ', '2022-08-01 20:33:34'),
(45, '70782608', 'ANGELO GIOVANNY', 'SANCHEZ', 'LOPEZ', '2022-08-01 20:36:58'),
(46, '72123047', 'SANIYA ROCIO', 'ESTELA', 'ORTEGA', '2022-08-01 21:03:39'),
(47, '72327407', 'ERWIN FRANCIS', 'CESPEDES', 'VALDEZ', '2022-08-01 21:19:54'),
(48, '80544002', 'RAFAEL EDUARDO', 'MARTEL', 'TORRES', '2022-08-01 21:29:26'),
(49, '80631919', 'JACOB', 'FERNANDEZ', 'PALACIOS', '2022-08-01 21:59:58'),
(50, '44114154', 'MARJORIE', 'RUIZ', 'VELA', '2022-08-01 22:06:35'),
(51, '45648026', 'BETROHON MANUEL', 'VILLACORTA', 'PRINCIPE', '2022-08-01 22:20:17'),
(52, '45791093', 'ANDREA DEL PILAR', 'MATEO', 'DE LA CRUZ', '2022-08-01 22:39:15'),
(53, '04083390', 'PEDRO MIGUEL', 'PALOMARES', 'QUINTANA', '2022-08-01 22:40:36'),
(54, '06669749', 'FALCONIERI', 'MALPARTIDA', 'SABOYA', '2022-08-01 22:50:14'),
(55, '15738626', 'NELSON RICARDO', 'HUAMBACHANO', 'AZABACHE', '2022-08-01 23:02:29'),
(56, '22474720', 'ROGELIO', 'LEON', 'TANGOA', '2022-08-02 13:11:36'),
(57, '22963944', 'CARLOS FRANCISCO', 'HIDALGO', 'PANDURO', '2022-08-02 13:19:03'),
(58, '23164626', 'YENI DENYS', 'LINO', 'ESPIRITU', '2022-08-02 13:20:51'),
(59, '40382372', 'MORTY ABELARDO', 'DIAZ', 'SEIJAS', '2022-08-02 13:28:58'),
(60, '40434288', 'CARLOS RUFINO', 'ISLA', 'HIDALGO', '2022-08-02 13:32:10'),
(61, '40739823', 'IVAN JAIRO', 'CHAMOLI', 'BEJARANO', '2022-08-02 13:37:04'),
(62, '41554706', 'WALTER GIOVANNI', 'GARCIA', 'RUBIO', '2022-08-02 13:44:55'),
(63, '41976614', 'GEDEON MAYER', 'SOLORZANO', 'CAQUI', '2022-08-02 13:48:50'),
(64, '43397826', 'SANDRA ESTHER', 'USHIÑAHUA', 'INUMA', '2022-08-02 14:04:11'),
(65, '43403817', 'CHRISTIAN FRANCISCO', 'RUIZ', 'TELLO', '2022-08-02 14:10:08'),
(66, '43659437', 'NOLY VIRGINIA', 'PENADILLO', 'BARRUETA', '2022-08-02 14:20:36'),
(67, '44021545', 'GUSTABO', 'ORTIZ', 'MORALES', '2022-08-02 14:32:16'),
(68, '45885724', 'JULIANA', 'ZEVALLOS', 'VIGILIO', '2022-08-02 14:45:39'),
(69, '45987417', 'WILDER RAUL', 'ROJAS', 'DE LA CRUZ', '2022-08-02 14:52:04'),
(70, '46122071', 'SALINOVA', 'ZECEVICH', 'TRUJILLO', '2022-08-02 14:59:39'),
(71, '46696282', 'JHON ZOSIMO', 'GARAY', 'LAURENCIO', '2022-08-02 15:11:15'),
(72, '47011282', 'JIMMY', 'MORALES', 'ORTEGA', '2022-08-02 15:18:33'),
(73, '48028951', 'RUTH SUSANA', 'TABOADA', 'PARAGUAY', '2022-08-02 15:25:30'),
(74, '70248701', 'STEFANY MAGALY', 'AREVALO', 'VILLACORTA', '2022-08-02 15:36:49'),
(75, '71789673', 'RIDER CESAR', 'LOPEZ', 'VASQUEZ', '2022-08-02 15:55:19'),
(76, '71886190', 'JULIO CESAR', 'LEMOS', 'AGÜERO', '2022-08-02 16:10:48'),
(77, '05381270', 'JILMA', 'RAMIREZ', 'MORI', '2022-08-02 16:31:54'),
(78, '10090913', 'CLEMENTE RAUL', 'CHAVEZ', 'TUCTO', '2022-08-02 16:39:22'),
(79, '10113185', 'DONALD ALEXANDER', 'BAZAN', 'MEDINA', '2022-08-02 16:42:46'),
(80, '21460852', 'GELASIO NICOLAS', 'CHAMPE', 'HUARCAYA', '2022-08-02 16:55:57'),
(81, '40586169', 'LOURDES YANET', 'ESPINOZA', 'UGARTE', '2022-08-02 17:08:46'),
(82, '40777986', 'LESLIE RENE', 'OLIVEIRA', 'TELLO', '2022-08-02 17:14:08'),
(83, '41063368', 'ROMY', 'VASQUEZ', 'BAOS', '2022-08-02 17:27:53'),
(84, '41785240', 'JESUS MARTIN', 'CALDERON', 'TRUJILLO', '2022-08-02 17:50:44'),
(85, '42565000', 'VICTOR HUGO', 'CHUMBE', 'VELA', '2022-08-02 17:55:02'),
(86, '42715229', 'JOSE MARTIN', 'SOTELO', 'ASIPALI', '2022-08-02 22:30:00'),
(87, '42968287', 'ERIKA JUDITH', 'VERASTEGUI', 'PRETELL', '2022-08-02 22:41:28'),
(88, '42980651', 'KENT', 'RIOS', 'RAMIREZ', '2022-08-02 22:46:10'),
(89, '43994308', 'YONATHAN DAVID', 'GUEVARA', 'WINTONG', '2022-08-02 22:53:00'),
(90, '45795059', 'LEYDI DIANA', 'VARELA', 'ENRIQUEZ', '2022-08-02 22:57:44'),
(91, '45937745', 'YANG RICARDO', 'PEREIRA', 'AREVALO', '2022-08-02 23:07:31'),
(92, '70551430', 'LITA MARILIA', 'SCHELAMAUSS', 'LOJA', '2022-08-02 23:19:27'),
(93, '71036836', 'FRANCHESCOLI JUSEPI', 'PANDURO', 'GUTIERREZ', '2022-08-03 14:51:59'),
(94, '71046087', 'GRAISSY HEIDY', 'PEREZ', 'GARCIA', '2022-08-03 15:10:16'),
(95, '71048367', 'EDWIN MANUEL', 'AREVALO', 'ALVARADO', '2022-08-03 15:14:18'),
(96, '72517983', 'PIER GUSTAVO', 'PIZANGO', 'NOA', '2022-08-03 15:28:38'),
(97, '72962431', 'NATALY CRISTINA', 'QUISPE', 'MANUYAMA', '2022-08-03 15:35:55'),
(98, '73140746', 'GUSTAVO', 'GOMEZ', 'SHAHUANO', '2022-08-03 15:41:22'),
(99, '73198351', 'ANYELA ROSARIO', 'VASQUEZ', 'PECHO', '2022-08-03 15:46:34'),
(100, '73714007', 'SALLY JOBETH', 'DAVILA', 'LAVALLE', '2022-08-03 15:52:50'),
(101, '76429405', 'BRAYAN ALEXANDER', 'RUIZ', 'CLAUDIO', '2022-08-03 16:15:45'),
(102, '76909137', 'CANDY CARITO', 'MENESES', 'BRAVO', '2022-08-03 16:18:01'),
(103, '76191515', 'RUTH IRIS', 'NEIRA', 'AGUILAR', '2022-08-03 16:22:03'),
(104, '20107553', 'IGNACIO EUGENIO', 'CHANCA', 'FLORES', '2022-08-03 17:30:14'),
(105, '20107653', 'NILDA', 'ASTORAYME', 'HUAIRA', '2022-08-03 17:33:43'),
(106, '45152456', 'ISABEL', 'BERMUDEZ', 'CACHIQUE', '2022-08-03 17:45:43'),
(107, '22530166', 'MARA CIPRIANA', 'BERROSPI', 'ARRIETA', '2022-08-03 17:53:16'),
(108, '45925235', 'DEISY MELISSA', 'CABELLO', 'SIPION', '2022-08-03 18:02:18'),
(109, '72121523', 'MEYLLY', 'CECILIO', 'FALCON', '2022-08-03 20:07:10'),
(110, '71868072', 'ANTONI JOSELITO', 'CHAVEZ', 'ESPINOZA', '2022-08-03 20:12:05'),
(111, '42059334', 'EDILBERTO', 'CHAVEZ', 'MARTEL', '2022-08-03 20:45:02'),
(112, '41374861', 'ANDRES MANUEL', 'ENRIQUEZ', 'FLORES', '2022-08-03 20:52:23'),
(113, '42834279', 'JOHANA ROSALY', 'ESCALANTE', 'SERRANO', '2022-08-03 20:59:14'),
(114, '42602970', 'JONY ABDON', 'HERRERA', 'CALERO', '2022-08-03 21:14:45'),
(115, '73888415', 'SILVIA MILAGROS', 'HERRERA', 'SALGADO', '2022-08-03 21:19:13'),
(116, '46866781', 'JOE KENYI', 'LEON', 'HUANCA', '2022-08-03 21:21:19'),
(117, '72388218', 'KEVIN WALTER', 'MATEO', 'CORONEL', '2022-08-03 21:56:27'),
(118, '41656202', 'ALEXSANDER ANTONIO', 'MELGAREJO', 'ALCEDO', '2022-08-03 22:06:28'),
(119, '43073674', 'MELCHOR NICANOR', 'MORALES', 'ESPINOZA', '2022-08-03 22:13:12'),
(120, '41119033', 'NATHALIE CRISTINA', 'OCAÑA', 'DOMINGUEZ', '2022-08-03 22:17:06'),
(121, '73063440', 'BETZY ELIZABETH', 'QUIÑONEZ', 'BARRUETA', '2022-08-03 22:29:06'),
(122, '45595775', 'YESICA GUISELA', 'QUISPE', 'HILARIO', '2022-08-03 22:33:45'),
(123, '45714945', 'LUZ SANDRA', 'RAMOS', 'EVARISTO', '2022-08-03 22:55:30'),
(124, '22506325', 'MARIA ESTHER', 'REYES', 'ACOSTA', '2022-08-03 23:06:46'),
(125, '42206417', 'JUAN', 'REYNOSO', 'MERINO', '2022-08-03 23:11:07'),
(126, '80370776', 'FERNANDO', 'SALAZAR', 'SANTILLAN', '2022-08-03 23:18:35'),
(127, '73032175', 'GUADALUPE ELIZABETH', 'SOLANO', 'BARRUETA', '2022-08-04 01:58:18'),
(128, '42739564', 'IVAN', 'VEGA', 'CORI', '2022-08-04 02:38:44'),
(129, '41273965', 'DANILO', 'CALDAS', 'CAMACHO', '2022-08-04 03:07:31'),
(130, '43582826', 'BIANCA GIULLIANA', 'CAPACYACHI', 'CHIPANA', '2022-08-04 03:15:49'),
(131, '46680508', 'ESPERANZA', 'CARDENAS', 'IZQUIERDO', '2022-08-04 03:21:57'),
(132, '40662289', 'JUAN MANUEL', 'CONCEPCION', 'SALAS', '2022-08-04 03:31:42'),
(133, '42150575', 'ANNALEE KATTY', 'CURI', 'PONCE DE SALAZAR', '2022-08-04 03:37:47'),
(134, '40193887', 'GRACIELA CATTY', 'DIONICIO', 'ACOSTA', '2022-08-04 03:45:15'),
(135, '74854250', 'ROSA BEATRIZ', 'GERONIMO', 'NUÑEZ', '2022-08-04 04:24:13'),
(136, '71200724', 'YERALDIN ERICA', 'HURTADO', 'VICENTE', '2022-08-04 05:13:46'),
(137, '43686489', 'HENRY SAVINO', 'JAIMES', 'ROJAS', '2022-08-04 05:22:58'),
(138, '46422189', 'JONATHAN JOE', 'LUCICH', 'TAPIA', '2022-08-04 05:30:13'),
(139, '75331316', 'JAIR JHENSON', 'MARZANO', 'ALARCON', '2022-08-04 05:43:04'),
(140, '73359517', 'JEISON ANTHONY', 'PALOMINO', 'PALACIOS', '2022-08-04 13:29:05'),
(141, '45376495', 'FRANCLYN ESTEIN', 'PRINCIPE', 'SARMIENTO', '2022-08-04 13:37:24'),
(142, '40841286', 'NILTON CESAR', 'QUISPE', 'ALVINO', '2022-08-04 13:43:16'),
(143, '47378196', 'JOSE LUIS', 'ROMERO', 'TRUJILLO', '2022-08-04 13:49:50'),
(144, '42906059', 'ELIAS', 'SERAFIN', 'BRICEÑO', '2022-08-04 14:01:53'),
(145, '47512743', 'ANA SOLANGE', 'YSLA', 'BERROSPI', '2022-08-04 14:37:10'),
(146, '45300237', 'SERGIO JHAIR', 'PANDURO', 'QUIROZ', '2022-08-04 14:42:20'),
(147, '47679324', 'DREINSY ROSALY', 'CARLOS', 'ROJAS', '2022-08-04 15:09:37'),
(148, '47507281', 'JORGE ALFREDO', 'CCORAHUA', 'FLORES', '2022-08-04 15:12:30'),
(149, '48041547', 'KATHERINE BRENDA', 'FERNANDEZ', 'TAPIA', '2022-08-04 15:18:07'),
(150, '44343403', 'AARON ISRAEL', 'GARCIA', 'BUSTAMANTE', '2022-08-04 15:24:35'),
(151, '71992362', 'VIVIANA', 'GUILLEN', 'VILCA', '2022-08-04 15:28:52'),
(152, '71048346', 'JEFFRI DALTON', 'LINARES', 'ALVARADO', '2022-08-04 15:36:37'),
(153, '41503733', 'LADY LUZ', 'LINARES', 'LOVERA', '2022-08-04 15:41:47'),
(154, '22432870', 'ARLINDO', 'LUCIANO', 'GUILLERMO', '2022-08-04 15:44:22'),
(155, '40408552', 'CARLOS SAUL', 'MIGUEL', 'VELIS', '2022-08-04 15:49:21'),
(156, '23013199', 'CARLOS ENRIQUE', 'POZZO', 'OLIVA', '2022-08-04 15:54:18'),
(157, '72631351', 'CHRISTIAN RAFAEL', 'RAMIREZ', 'CARDENAS', '2022-08-04 15:56:41'),
(158, '46967145', 'WILDER', 'RENGIFO', 'TUANAMA', '2022-08-04 16:01:01'),
(159, '70747258', 'RAY JESUS', 'RIOS', 'MENDOZA', '2022-08-04 16:04:26'),
(160, '42154689', 'JIMMY ALONSO', 'SANTOS', 'ARCE', '2022-08-04 16:09:13'),
(161, '004077568', 'GETZABETH DEL CARMEN', 'VILLALOBOS', 'CHACIN', '2022-08-04 16:42:05'),
(162, '47228646', 'CAROLINA FRANCISCO', 'CAMARENA', 'MEDINA', '2022-08-04 16:43:39'),
(163, '42129084', 'LISBETH', 'FALCÓN', 'VILLANUEVA ', '2022-08-04 16:43:39');

-- --------------------------------------------------------

--
-- Estructura de tabla para la tabla `plan_lectivo`
--

CREATE TABLE `plan_lectivo` (
  `idPlan` int(11) NOT NULL,
  `nombrePlan` varchar(100) NOT NULL,
  `estadoPlan` tinyint(4) NOT NULL,
  `estadoDel` tinyint(4) NOT NULL,
  `fechaPlan` timestamp NOT NULL DEFAULT current_timestamp() ON UPDATE current_timestamp()
) ENGINE=InnoDB DEFAULT CHARSET=utf8;

--
-- Volcado de datos para la tabla `plan_lectivo`
--

INSERT INTO `plan_lectivo` (`idPlan`, `nombrePlan`, `estadoPlan`, `estadoDel`, `fechaPlan`) VALUES
(1, 'Nuevo plan 2019', 1, 1, '2022-07-05 20:58:05');

-- --------------------------------------------------------

--
-- Estructura de tabla para la tabla `reprogramacion`
--

CREATE TABLE `reprogramacion` (
  `idReprogramacion` int(11) NOT NULL,
  `idHorCurso` int(11) DEFAULT NULL,
  `fecha` date DEFAULT NULL,
  `fechaReprogramacion` date DEFAULT NULL,
  `horaIngreso` time DEFAULT NULL,
  `horaSalida` time DEFAULT NULL,
  `estado` tinyint(1) DEFAULT 1,
  `fechaProgramacion` timestamp NOT NULL DEFAULT current_timestamp() ON UPDATE current_timestamp()
) ENGINE=InnoDB DEFAULT CHARSET=utf8;

--
-- Volcado de datos para la tabla `reprogramacion`
--

INSERT INTO `reprogramacion` (`idReprogramacion`, `idHorCurso`, `fecha`, `fechaReprogramacion`, `horaIngreso`, `horaSalida`, `estado`, `fechaProgramacion`) VALUES
(4, 51, '2022-07-25', '2022-07-27', '10:29:00', '14:29:00', 1, '2022-07-26 15:47:26'),
(7, 187, '2022-08-09', '2022-08-10', '20:00:00', '21:30:00', 1, '2022-08-09 14:06:54'),
(8, 51, '2022-08-08', '2022-08-10', '20:00:00', '22:15:00', 1, '2022-08-09 14:23:35');

-- --------------------------------------------------------

--
-- Estructura de tabla para la tabla `roles`
--

CREATE TABLE `roles` (
  `idRol` int(11) NOT NULL,
  `nombreRol` varchar(45) NOT NULL,
  `descripcionRol` text NOT NULL
) ENGINE=InnoDB DEFAULT CHARSET=utf8;

--
-- Volcado de datos para la tabla `roles`
--

INSERT INTO `roles` (`idRol`, `nombreRol`, `descripcionRol`) VALUES
(2, 'ADMINISTRADOR', ''),
(3, 'COORDINADOR', ''),
(4, 'SUPERVISOR', '');

-- --------------------------------------------------------

--
-- Estructura de tabla para la tabla `seccion`
--

CREATE TABLE `seccion` (
  `idSeccion` int(11) NOT NULL,
  `idSeccionLocal` int(11) DEFAULT NULL,
  `idPeriodoSeccion` int(11) DEFAULT NULL,
  `nombreSeccion` varchar(20) NOT NULL,
  `turno` varchar(20) NOT NULL,
  `cicloSeccion` int(11) NOT NULL,
  `estado` tinyint(1) DEFAULT 1,
  `fechaRegistro` timestamp NOT NULL DEFAULT current_timestamp() ON UPDATE current_timestamp()
) ENGINE=InnoDB DEFAULT CHARSET=utf8;

--
-- Volcado de datos para la tabla `seccion`
--

INSERT INTO `seccion` (`idSeccion`, `idSeccionLocal`, `idPeriodoSeccion`, `nombreSeccion`, `turno`, `cicloSeccion`, `estado`, `fechaRegistro`) VALUES
(11, 5, 1, 'I - A', 'M', 1, 1, '2022-07-21 22:37:45'),
(12, 5, 1, 'I - C', 'N', 1, 1, '2022-07-22 16:09:23'),
(13, 5, 1, 'I - B', 'T', 1, 1, '2022-07-22 16:09:18'),
(14, 5, 1, 'II - A', 'M', 2, 1, '2022-07-21 22:39:51'),
(15, 5, 1, 'II - B', 'N', 2, 1, '2022-07-21 22:41:15'),
(16, 5, 1, 'III - A', 'M', 3, 1, '2022-07-21 22:42:10'),
(17, 5, 1, 'III - B', 'N', 3, 1, '2022-07-21 22:42:43'),
(18, 5, 1, 'IV', 'N', 4, 1, '2022-07-21 22:43:21'),
(19, 5, 1, 'V', 'N', 5, 1, '2022-07-21 22:44:03'),
(20, 5, 1, 'VI', 'N', 6, 1, '2022-07-21 22:45:21'),
(21, 6, 1, 'I - A', 'M', 1, 1, '2022-07-21 22:46:04'),
(22, 6, 1, 'I - B', 'T', 1, 1, '2022-07-21 22:46:39'),
(23, 6, 1, 'I - C', 'N', 1, 1, '2022-07-21 22:47:03'),
(24, 6, 1, 'II', 'N', 2, 1, '2022-07-21 22:49:26'),
(25, 6, 1, 'III', 'N', 3, 1, '2022-07-21 22:50:09'),
(26, 6, 1, 'IV', 'N', 4, 1, '2022-07-21 22:50:51'),
(27, 6, 1, 'V', 'N', 5, 1, '2022-07-21 22:51:18'),
(28, 6, 1, 'VI', 'N', 6, 1, '2022-07-21 22:51:51'),
(29, 12, 1, 'I - A', 'M', 1, 1, '2022-07-21 22:52:41'),
(30, 12, 1, 'I - B', 'T', 1, 1, '2022-07-21 22:53:16'),
(31, 12, 1, 'I - C', 'N', 1, 1, '2022-07-21 22:53:31'),
(32, 12, 1, 'II', 'N', 2, 1, '2022-07-21 22:53:53'),
(33, 12, 1, 'III - A', 'M', 3, 1, '2022-07-21 22:54:47'),
(34, 12, 1, 'III - B', 'N', 3, 1, '2022-07-21 22:57:26'),
(35, 12, 1, 'IV', 'N', 4, 1, '2022-07-21 22:57:47'),
(36, 12, 1, 'V', 'N', 5, 1, '2022-07-21 22:58:20'),
(37, 12, 1, 'VI', 'N', 6, 1, '2022-07-21 22:59:18'),
(38, 13, 1, 'I - A', 'M', 1, 1, '2022-07-21 23:00:00'),
(39, 13, 1, 'I - B', 'M', 1, 1, '2022-07-21 23:00:36'),
(40, 13, 1, 'I - C', 'M', 1, 1, '2022-07-21 23:01:16'),
(41, 13, 1, 'I - D', 'M', 1, 1, '2022-07-21 23:01:31'),
(42, 13, 1, 'I - E', 'M', 1, 1, '2022-07-21 23:01:55'),
(43, 13, 1, 'I - F', 'T', 1, 1, '2022-07-21 23:02:09'),
(44, 13, 1, 'I - G', 'T', 1, 1, '2022-07-21 23:02:27'),
(45, 13, 1, 'I - H', 'T', 1, 1, '2022-07-21 23:02:50'),
(46, 13, 1, 'I - I', 'N', 1, 1, '2022-07-21 23:03:16'),
(47, 13, 1, 'II - A', 'M', 2, 1, '2022-07-21 23:04:18'),
(48, 13, 1, 'II - B', 'N', 2, 1, '2022-07-21 23:05:02'),
(49, 13, 1, 'III - A', 'M', 3, 1, '2022-07-21 23:05:25'),
(50, 13, 1, 'III - B', 'M', 3, 1, '2022-07-21 23:06:08'),
(51, 13, 1, 'III - C', 'N', 3, 1, '2022-07-21 23:06:24'),
(52, 13, 1, 'III - D', 'N', 3, 1, '2022-07-21 23:06:41'),
(53, 13, 1, 'IV', 'N', 4, 1, '2022-07-21 23:06:57'),
(54, 13, 1, 'V - A', 'N', 5, 1, '2022-07-21 23:08:13'),
(55, 13, 1, 'V - B', 'N', 5, 1, '2022-07-21 23:09:18'),
(56, 13, 1, 'VI', 'N', 6, 1, '2022-07-21 23:09:47'),
(57, 7, 1, 'I - A', 'M', 1, 1, '2022-07-21 23:11:20'),
(58, 7, 1, 'I - B', 'M', 1, 1, '2022-07-21 23:12:05'),
(59, 7, 1, 'I - C', 'T', 1, 1, '2022-07-21 23:12:24'),
(60, 7, 1, 'I - D', 'T', 1, 1, '2022-07-21 23:12:47'),
(61, 7, 1, 'I - E', 'N', 1, 1, '2022-07-21 23:13:06'),
(62, 7, 1, 'II - A', 'M', 2, 1, '2022-07-21 23:13:40'),
(63, 7, 1, 'II - B', 'N', 2, 1, '2022-07-21 23:14:47'),
(64, 7, 1, 'II - C', 'N', 2, 1, '2022-07-21 23:15:07'),
(65, 7, 1, 'III - A', 'M', 3, 1, '2022-07-21 23:15:42'),
(66, 7, 1, 'III - B', 'N', 3, 1, '2022-07-21 23:16:21'),
(67, 7, 1, 'IV', 'N', 4, 1, '2022-07-21 23:16:43'),
(68, 7, 1, 'V', 'N', 5, 1, '2022-07-21 23:17:21'),
(69, 7, 1, 'VI', 'N', 6, 1, '2022-07-21 23:17:51'),
(70, 14, 1, 'I - A', 'M', 1, 1, '2022-07-22 16:06:20'),
(71, 14, 1, 'I - B', 'T', 1, 1, '2022-07-22 16:07:08'),
(73, 14, 1, 'II', 'N', 2, 1, '2022-07-22 16:07:41'),
(74, 14, 1, 'I - C', 'N', 1, 1, '2022-07-22 16:09:04'),
(75, 14, 1, 'III', 'N', 3, 1, '2022-07-22 16:13:52'),
(76, 14, 1, 'IV', 'N', 4, 1, '2022-07-22 16:14:13'),
(77, 14, 1, 'V', 'N', 5, 1, '2022-07-22 16:14:25'),
(78, 15, 1, 'I - A', 'M', 1, 1, '2022-07-22 16:14:47'),
(79, 15, 1, 'I - B', 'T', 1, 1, '2022-07-22 16:18:06'),
(80, 15, 1, 'I - C', 'N', 1, 1, '2022-07-22 16:18:19'),
(81, 15, 1, 'II', 'N', 2, 1, '2022-07-22 16:19:55'),
(82, 15, 1, 'III', 'N', 3, 1, '2022-07-22 16:20:06'),
(83, 15, 1, 'IV', 'N', 4, 1, '2022-07-22 16:20:20'),
(84, 15, 1, 'V', 'N', 5, 1, '2022-07-22 16:20:33'),
(85, 16, 1, 'I - A', 'M', 1, 1, '2022-07-22 16:22:24'),
(86, 16, 1, 'I - B', 'T', 1, 1, '2022-07-22 16:22:40'),
(87, 16, 1, 'I - C', 'N', 1, 1, '2022-07-22 16:22:51'),
(88, 16, 1, 'II', 'N', 2, 1, '2022-07-22 16:23:12'),
(89, 16, 1, 'III', 'N', 3, 1, '2022-07-22 16:23:50'),
(90, 16, 1, 'IV', 'N', 4, 1, '2022-07-22 16:24:03'),
(91, 16, 1, 'V', 'N', 5, 1, '2022-07-22 16:24:15'),
(92, 17, 1, 'I - A', 'M', 1, 1, '2022-07-22 16:24:46'),
(93, 17, 1, 'I - B', 'M', 1, 1, '2022-07-22 16:25:07'),
(94, 17, 1, 'I - C', 'M', 1, 1, '2022-07-22 16:25:19'),
(95, 17, 1, 'I - D', 'T', 1, 1, '2022-07-22 16:25:35'),
(96, 17, 1, 'I - E', 'T', 1, 1, '2022-07-22 16:25:54'),
(97, 17, 1, 'I - G', 'N', 1, 1, '2022-07-22 16:26:20'),
(98, 17, 1, 'I - F', 'N', 1, 1, '2022-07-22 16:26:54'),
(99, 17, 1, 'II - A', 'M', 2, 1, '2022-07-22 16:27:16'),
(100, 17, 1, 'II - B', 'N', 2, 1, '2022-07-22 16:27:39'),
(101, 17, 1, 'III - A', 'M', 3, 1, '2022-07-22 16:27:59'),
(102, 17, 1, 'III - B', 'N', 3, 1, '2022-07-22 16:28:25'),
(103, 17, 1, 'IV', 'N', 4, 1, '2022-07-22 16:29:33'),
(104, 17, 1, 'V', 'N', 5, 1, '2022-07-22 16:29:47'),
(105, 18, 1, 'I - A', 'M', 1, 1, '2022-07-22 16:30:18'),
(106, 18, 1, 'I - C', 'T', 1, 1, '2022-07-22 16:30:45'),
(107, 18, 1, 'I - B', 'M', 1, 1, '2022-07-22 16:30:58'),
(108, 18, 1, 'I - D', 'N', 1, 1, '2022-07-22 16:31:17'),
(109, 18, 1, 'II - A', 'M', 2, 1, '2022-07-22 16:32:08'),
(110, 18, 1, 'II - B', 'N', 2, 1, '2022-07-22 16:34:37'),
(111, 18, 1, 'III - A', 'M', 3, 1, '2022-07-22 16:34:52'),
(112, 18, 1, 'III - B', 'N', 3, 1, '2022-07-22 16:35:14'),
(113, 18, 1, 'IV', 'N', 4, 1, '2022-07-22 16:35:30'),
(114, 18, 1, 'V', 'N', 5, 1, '2022-07-22 16:35:45'),
(115, 8, 1, 'I - A', 'M', 1, 1, '2022-07-22 16:37:24'),
(116, 8, 1, 'I - B', 'T', 1, 1, '2022-07-22 16:37:38'),
(117, 8, 1, 'I - C', 'N', 1, 1, '2022-07-22 16:37:58'),
(118, 8, 1, 'II', 'N', 2, 1, '2022-07-22 16:38:11'),
(119, 8, 1, 'III', 'N', 3, 1, '2022-07-22 16:38:26'),
(120, 8, 1, 'V', 'N', 5, 1, '2022-07-22 16:38:52'),
(121, 9, 1, 'I - A', 'M', 1, 1, '2022-07-22 16:39:34'),
(122, 9, 1, 'I - B', 'T', 1, 1, '2022-07-22 16:39:48'),
(123, 9, 1, 'I - C', 'N', 1, 1, '2022-07-22 16:40:04'),
(124, 10, 1, 'II', 'N', 2, 1, '2022-07-22 16:40:33'),
(125, 9, 1, 'III', 'N', 3, 1, '2022-07-22 16:40:50'),
(126, 9, 1, 'II', 'N', 2, 1, '2022-07-22 16:41:23'),
(127, 9, 1, 'IV', 'N', 4, 1, '2022-07-22 16:41:38'),
(128, 9, 1, 'V', 'N', 5, 1, '2022-07-22 16:41:50'),
(129, 10, 1, 'I - A', 'M', 1, 1, '2022-07-22 16:42:11'),
(130, 10, 1, 'I - B', 'T', 1, 1, '2022-07-22 16:44:51'),
(131, 10, 1, 'I - C', 'N', 1, 1, '2022-07-22 16:45:03'),
(132, 10, 1, 'III', 'M', 3, 1, '2022-07-22 16:45:27'),
(133, 10, 1, 'VI', 'N', 6, 1, '2022-07-22 16:45:51'),
(134, 11, 1, 'I - A', 'M', 1, 1, '2022-07-22 16:46:21'),
(135, 11, 1, 'I - B', 'M', 1, 1, '2022-07-22 16:46:38'),
(136, 11, 1, 'I - C', 'M', 1, 1, '2022-07-22 16:46:50'),
(137, 11, 1, 'I - D', 'T', 1, 1, '2022-07-22 16:47:10'),
(138, 11, 1, 'I - E', 'T', 1, 1, '2022-07-22 16:47:29'),
(139, 11, 1, 'I - F', 'N', 1, 1, '2022-07-22 16:47:54'),
(140, 11, 1, 'II - A', 'M', 2, 1, '2022-07-22 16:48:28'),
(141, 11, 1, 'II - B', 'N', 2, 1, '2022-07-22 16:48:42'),
(142, 11, 1, 'III - A', 'M', 3, 1, '2022-07-22 16:49:03'),
(143, 11, 1, 'III - B', 'N', 3, 1, '2022-07-22 16:49:20'),
(144, 11, 1, 'IV', 'N', 4, 1, '2022-07-22 16:49:49'),
(145, 11, 1, 'V', 'N', 5, 1, '2022-07-22 16:50:01'),
(146, 11, 1, 'VI', 'N', 6, 1, '2022-07-22 16:50:13'),
(147, 19, 1, 'I - A', 'M', 1, 1, '2022-07-22 16:50:38'),
(148, 19, 1, 'I - B', 'T', 1, 1, '2022-07-22 16:50:48'),
(149, 19, 1, 'I - C', 'N', 1, 1, '2022-07-22 16:51:00'),
(150, 19, 1, 'II - A', 'M', 2, 1, '2022-07-22 16:51:34'),
(151, 19, 1, 'II - B', 'N', 2, 1, '2022-07-22 16:51:52'),
(152, 19, 1, 'III - A', 'M', 3, 1, '2022-07-22 16:52:07'),
(153, 19, 1, 'III - B', 'N', 3, 1, '2022-07-22 16:52:21'),
(154, 19, 1, 'IV', 'N', 4, 1, '2022-07-22 16:52:36'),
(155, 19, 1, 'V', 'N', 5, 1, '2022-07-22 16:52:52');

-- --------------------------------------------------------

--
-- Estructura de tabla para la tabla `sedes`
--

CREATE TABLE `sedes` (
  `idSede` int(11) NOT NULL,
  `nombreSede` varchar(100) NOT NULL
) ENGINE=InnoDB DEFAULT CHARSET=utf8;

--
-- Volcado de datos para la tabla `sedes`
--

INSERT INTO `sedes` (`idSede`, `nombreSede`) VALUES
(5, 'Huánuco'),
(6, 'Ucayali'),
(7, 'Tingo María');

-- --------------------------------------------------------

--
-- Estructura de tabla para la tabla `usuarios`
--

CREATE TABLE `usuarios` (
  `idUsuario` int(11) NOT NULL,
  `idPersonaUsuario` int(11) DEFAULT NULL,
  `idRol` int(11) DEFAULT NULL,
  `nombreUsuario` varchar(45) NOT NULL,
  `contraUsuario` text NOT NULL,
  `estadoDel` tinyint(1) NOT NULL DEFAULT 1,
  `estadoUsuario` tinyint(1) NOT NULL DEFAULT 1,
  `fechaUsuario` timestamp NOT NULL DEFAULT current_timestamp() ON UPDATE current_timestamp()
) ENGINE=InnoDB DEFAULT CHARSET=utf8;

--
-- Volcado de datos para la tabla `usuarios`
--

INSERT INTO `usuarios` (`idUsuario`, `idPersonaUsuario`, `idRol`, `nombreUsuario`, `contraUsuario`, `estadoDel`, `estadoUsuario`, `fechaUsuario`) VALUES
(2, 2, 2, 'admin', 'admin', 1, 1, '2022-07-05 17:21:08'),
(3, 161, 4, 'G004077568', '004077568', 1, 1, '2022-08-04 16:46:40'),
(4, 162, 4, 'C47228646', '47228646', 1, 1, '2022-08-04 16:48:18'),
(5, 163, 3, 'L42129084', '42129084', 1, 1, '2022-08-04 16:48:18');

--
-- Índices para tablas volcadas
--

--
-- Indices de la tabla `asistencia`
--
ALTER TABLE `asistencia`
  ADD PRIMARY KEY (`idAsistencia`),
  ADD KEY `idPersonalAsistencia_idx` (`idPersonalAsistencia`),
  ADD KEY `idHorarioAsistencia_idx` (`idHorarioAsistencia`);

--
-- Indices de la tabla `asistencia_docente`
--
ALTER TABLE `asistencia_docente`
  ADD PRIMARY KEY (`idAsistenciaDocente`),
  ADD KEY `idUsuarioAsistencia_idx` (`idUsuarioAsistencia`),
  ADD KEY `idPersonaAsistencia_idx` (`idPersonaAsistencia`),
  ADD KEY `idAsistenciaHor_idx` (`idAsistenciaHor`);

--
-- Indices de la tabla `cargos`
--
ALTER TABLE `cargos`
  ADD PRIMARY KEY (`idCargo`);

--
-- Indices de la tabla `carreras`
--
ALTER TABLE `carreras`
  ADD PRIMARY KEY (`idCarrera`),
  ADD KEY `idPlanCarrera_idx` (`idPlanCarrera`);

--
-- Indices de la tabla `cursos`
--
ALTER TABLE `cursos`
  ADD PRIMARY KEY (`idCurso`),
  ADD KEY `idCarreraCurso_idx` (`idCarreraCurso`);

--
-- Indices de la tabla `detallehorario`
--
ALTER TABLE `detallehorario`
  ADD PRIMARY KEY (`idDetalle`),
  ADD KEY `idHorarioCurso_idx` (`idHorarioCurso`);

--
-- Indices de la tabla `horarios`
--
ALTER TABLE `horarios`
  ADD PRIMARY KEY (`idHorario`),
  ADD KEY `idPersonalHorario_idx` (`idPersonalHorario`);

--
-- Indices de la tabla `horario_curso`
--
ALTER TABLE `horario_curso`
  ADD PRIMARY KEY (`idHorarioCurso`),
  ADD KEY `idCursoHor_idx` (`idCursoHor`),
  ADD KEY `idSeccionHor_idx` (`idSeccionHor`),
  ADD KEY `idPersonalHor_idx` (`idPersonalHor`);

--
-- Indices de la tabla `locales`
--
ALTER TABLE `locales`
  ADD PRIMARY KEY (`idLocal`),
  ADD KEY `idSedeLocal_idx` (`idSedeLocal`);

--
-- Indices de la tabla `local_carrera`
--
ALTER TABLE `local_carrera`
  ADD PRIMARY KEY (`idLocalCarrera`),
  ADD KEY `idLocal_idx` (`idLocal`),
  ADD KEY `idCarrera_idx` (`idCarrera`);

--
-- Indices de la tabla `pagos`
--
ALTER TABLE `pagos`
  ADD PRIMARY KEY (`idPago`),
  ADD KEY `idPersonalPago_idx` (`idPersonalPago`);

--
-- Indices de la tabla `periodos`
--
ALTER TABLE `periodos`
  ADD PRIMARY KEY (`idPeriodo`);

--
-- Indices de la tabla `personal`
--
ALTER TABLE `personal`
  ADD PRIMARY KEY (`idPersonal`),
  ADD KEY `idPersonaPersonal_idx` (`idPersonaPersonal`),
  ADD KEY `idCargo_idx` (`idCargo`);

--
-- Indices de la tabla `personas`
--
ALTER TABLE `personas`
  ADD PRIMARY KEY (`idPersona`);

--
-- Indices de la tabla `plan_lectivo`
--
ALTER TABLE `plan_lectivo`
  ADD PRIMARY KEY (`idPlan`);

--
-- Indices de la tabla `reprogramacion`
--
ALTER TABLE `reprogramacion`
  ADD PRIMARY KEY (`idReprogramacion`),
  ADD KEY `idHorCurso_idx` (`idHorCurso`);

--
-- Indices de la tabla `roles`
--
ALTER TABLE `roles`
  ADD PRIMARY KEY (`idRol`);

--
-- Indices de la tabla `seccion`
--
ALTER TABLE `seccion`
  ADD PRIMARY KEY (`idSeccion`),
  ADD KEY `idSeccionLocal_idx` (`idSeccionLocal`),
  ADD KEY `idPeriodoSeccion_idx` (`idPeriodoSeccion`);

--
-- Indices de la tabla `sedes`
--
ALTER TABLE `sedes`
  ADD PRIMARY KEY (`idSede`);

--
-- Indices de la tabla `usuarios`
--
ALTER TABLE `usuarios`
  ADD PRIMARY KEY (`idUsuario`),
  ADD KEY `idPersonaUsuario_idx` (`idPersonaUsuario`),
  ADD KEY `idRol_idx` (`idRol`);

--
-- AUTO_INCREMENT de las tablas volcadas
--

--
-- AUTO_INCREMENT de la tabla `asistencia_docente`
--
ALTER TABLE `asistencia_docente`
  MODIFY `idAsistenciaDocente` int(11) NOT NULL AUTO_INCREMENT, AUTO_INCREMENT=38;

--
-- AUTO_INCREMENT de la tabla `cargos`
--
ALTER TABLE `cargos`
  MODIFY `idCargo` int(11) NOT NULL AUTO_INCREMENT, AUTO_INCREMENT=6;

--
-- AUTO_INCREMENT de la tabla `carreras`
--
ALTER TABLE `carreras`
  MODIFY `idCarrera` int(11) NOT NULL AUTO_INCREMENT, AUTO_INCREMENT=10;

--
-- AUTO_INCREMENT de la tabla `cursos`
--
ALTER TABLE `cursos`
  MODIFY `idCurso` int(11) NOT NULL AUTO_INCREMENT, AUTO_INCREMENT=199;

--
-- AUTO_INCREMENT de la tabla `detallehorario`
--
ALTER TABLE `detallehorario`
  MODIFY `idDetalle` int(11) NOT NULL AUTO_INCREMENT, AUTO_INCREMENT=1761;

--
-- AUTO_INCREMENT de la tabla `horarios`
--
ALTER TABLE `horarios`
  MODIFY `idHorario` int(11) NOT NULL AUTO_INCREMENT;

--
-- AUTO_INCREMENT de la tabla `horario_curso`
--
ALTER TABLE `horario_curso`
  MODIFY `idHorarioCurso` int(11) NOT NULL AUTO_INCREMENT, AUTO_INCREMENT=999;

--
-- AUTO_INCREMENT de la tabla `locales`
--
ALTER TABLE `locales`
  MODIFY `idLocal` int(11) NOT NULL AUTO_INCREMENT, AUTO_INCREMENT=7;

--
-- AUTO_INCREMENT de la tabla `local_carrera`
--
ALTER TABLE `local_carrera`
  MODIFY `idLocalCarrera` int(11) NOT NULL AUTO_INCREMENT, AUTO_INCREMENT=20;

--
-- AUTO_INCREMENT de la tabla `periodos`
--
ALTER TABLE `periodos`
  MODIFY `idPeriodo` int(11) NOT NULL AUTO_INCREMENT, AUTO_INCREMENT=3;

--
-- AUTO_INCREMENT de la tabla `personal`
--
ALTER TABLE `personal`
  MODIFY `idPersonal` int(11) NOT NULL AUTO_INCREMENT, AUTO_INCREMENT=172;

--
-- AUTO_INCREMENT de la tabla `personas`
--
ALTER TABLE `personas`
  MODIFY `idPersona` int(11) NOT NULL AUTO_INCREMENT, AUTO_INCREMENT=164;

--
-- AUTO_INCREMENT de la tabla `plan_lectivo`
--
ALTER TABLE `plan_lectivo`
  MODIFY `idPlan` int(11) NOT NULL AUTO_INCREMENT, AUTO_INCREMENT=2;

--
-- AUTO_INCREMENT de la tabla `reprogramacion`
--
ALTER TABLE `reprogramacion`
  MODIFY `idReprogramacion` int(11) NOT NULL AUTO_INCREMENT, AUTO_INCREMENT=9;

--
-- AUTO_INCREMENT de la tabla `roles`
--
ALTER TABLE `roles`
  MODIFY `idRol` int(11) NOT NULL AUTO_INCREMENT, AUTO_INCREMENT=5;

--
-- AUTO_INCREMENT de la tabla `seccion`
--
ALTER TABLE `seccion`
  MODIFY `idSeccion` int(11) NOT NULL AUTO_INCREMENT, AUTO_INCREMENT=156;

--
-- AUTO_INCREMENT de la tabla `sedes`
--
ALTER TABLE `sedes`
  MODIFY `idSede` int(11) NOT NULL AUTO_INCREMENT, AUTO_INCREMENT=8;

--
-- AUTO_INCREMENT de la tabla `usuarios`
--
ALTER TABLE `usuarios`
  MODIFY `idUsuario` int(11) NOT NULL AUTO_INCREMENT, AUTO_INCREMENT=6;

--
-- Restricciones para tablas volcadas
--

--
-- Filtros para la tabla `asistencia`
--
ALTER TABLE `asistencia`
  ADD CONSTRAINT `idHorarioAsistencia` FOREIGN KEY (`idHorarioAsistencia`) REFERENCES `horarios` (`idHorario`) ON DELETE SET NULL ON UPDATE SET NULL,
  ADD CONSTRAINT `idPersonalAsistencia` FOREIGN KEY (`idPersonalAsistencia`) REFERENCES `personal` (`idPersonal`) ON DELETE SET NULL ON UPDATE SET NULL;

--
-- Filtros para la tabla `asistencia_docente`
--
ALTER TABLE `asistencia_docente`
  ADD CONSTRAINT `idAsistenciaHor` FOREIGN KEY (`idAsistenciaHor`) REFERENCES `horario_curso` (`idHorarioCurso`) ON DELETE SET NULL ON UPDATE SET NULL,
  ADD CONSTRAINT `idPersonaAsistencia` FOREIGN KEY (`idPersonaAsistencia`) REFERENCES `personal` (`idPersonal`) ON DELETE SET NULL ON UPDATE SET NULL,
  ADD CONSTRAINT `idUsuarioAsistencia` FOREIGN KEY (`idUsuarioAsistencia`) REFERENCES `usuarios` (`idUsuario`) ON DELETE SET NULL ON UPDATE SET NULL;

--
-- Filtros para la tabla `carreras`
--
ALTER TABLE `carreras`
  ADD CONSTRAINT `idPlanCarrera` FOREIGN KEY (`idPlanCarrera`) REFERENCES `plan_lectivo` (`idPlan`) ON DELETE SET NULL ON UPDATE SET NULL;

--
-- Filtros para la tabla `cursos`
--
ALTER TABLE `cursos`
  ADD CONSTRAINT `idCarreraCurso` FOREIGN KEY (`idCarreraCurso`) REFERENCES `carreras` (`idCarrera`) ON DELETE SET NULL ON UPDATE SET NULL;

--
-- Filtros para la tabla `detallehorario`
--
ALTER TABLE `detallehorario`
  ADD CONSTRAINT `idHorarioCurso` FOREIGN KEY (`idHorarioCurso`) REFERENCES `horario_curso` (`idHorarioCurso`) ON DELETE SET NULL ON UPDATE SET NULL;

--
-- Filtros para la tabla `horarios`
--
ALTER TABLE `horarios`
  ADD CONSTRAINT `idPersonalHorario` FOREIGN KEY (`idPersonalHorario`) REFERENCES `personal` (`idPersonal`) ON DELETE SET NULL ON UPDATE SET NULL;

--
-- Filtros para la tabla `horario_curso`
--
ALTER TABLE `horario_curso`
  ADD CONSTRAINT `idCursoHor` FOREIGN KEY (`idCursoHor`) REFERENCES `cursos` (`idCurso`) ON DELETE SET NULL ON UPDATE SET NULL,
  ADD CONSTRAINT `idPersonalHor` FOREIGN KEY (`idPersonalHor`) REFERENCES `personal` (`idPersonal`) ON DELETE SET NULL ON UPDATE SET NULL,
  ADD CONSTRAINT `idSeccionHor` FOREIGN KEY (`idSeccionHor`) REFERENCES `seccion` (`idSeccion`) ON DELETE SET NULL ON UPDATE SET NULL;

--
-- Filtros para la tabla `locales`
--
ALTER TABLE `locales`
  ADD CONSTRAINT `idSedeLocal` FOREIGN KEY (`idSedeLocal`) REFERENCES `sedes` (`idSede`) ON DELETE SET NULL ON UPDATE SET NULL;

--
-- Filtros para la tabla `local_carrera`
--
ALTER TABLE `local_carrera`
  ADD CONSTRAINT `idCarrera` FOREIGN KEY (`idCarrera`) REFERENCES `carreras` (`idCarrera`) ON DELETE SET NULL ON UPDATE SET NULL,
  ADD CONSTRAINT `idLocal` FOREIGN KEY (`idLocal`) REFERENCES `locales` (`idLocal`) ON DELETE SET NULL ON UPDATE SET NULL;

--
-- Filtros para la tabla `pagos`
--
ALTER TABLE `pagos`
  ADD CONSTRAINT `idPersonalPago` FOREIGN KEY (`idPersonalPago`) REFERENCES `personal` (`idPersonal`) ON DELETE SET NULL ON UPDATE SET NULL;

--
-- Filtros para la tabla `personal`
--
ALTER TABLE `personal`
  ADD CONSTRAINT `idCargo` FOREIGN KEY (`idCargo`) REFERENCES `cargos` (`idCargo`) ON DELETE SET NULL ON UPDATE SET NULL,
  ADD CONSTRAINT `idPersonaPersonal` FOREIGN KEY (`idPersonaPersonal`) REFERENCES `personas` (`idPersona`) ON DELETE SET NULL ON UPDATE SET NULL;

--
-- Filtros para la tabla `reprogramacion`
--
ALTER TABLE `reprogramacion`
  ADD CONSTRAINT `idHorCurso` FOREIGN KEY (`idHorCurso`) REFERENCES `horario_curso` (`idHorarioCurso`) ON DELETE SET NULL ON UPDATE SET NULL;

--
-- Filtros para la tabla `seccion`
--
ALTER TABLE `seccion`
  ADD CONSTRAINT `idPeriodoSeccion` FOREIGN KEY (`idPeriodoSeccion`) REFERENCES `periodos` (`idPeriodo`) ON DELETE SET NULL ON UPDATE SET NULL,
  ADD CONSTRAINT `idSeccionLocal` FOREIGN KEY (`idSeccionLocal`) REFERENCES `local_carrera` (`idLocalCarrera`) ON DELETE SET NULL ON UPDATE SET NULL;

--
-- Filtros para la tabla `usuarios`
--
ALTER TABLE `usuarios`
  ADD CONSTRAINT `idPersonaUsuario` FOREIGN KEY (`idPersonaUsuario`) REFERENCES `personas` (`idPersona`) ON DELETE SET NULL ON UPDATE SET NULL,
  ADD CONSTRAINT `idRol` FOREIGN KEY (`idRol`) REFERENCES `roles` (`idRol`) ON DELETE SET NULL ON UPDATE SET NULL;
COMMIT;

/*!40101 SET CHARACTER_SET_CLIENT=@OLD_CHARACTER_SET_CLIENT */;
/*!40101 SET CHARACTER_SET_RESULTS=@OLD_CHARACTER_SET_RESULTS */;
/*!40101 SET COLLATION_CONNECTION=@OLD_COLLATION_CONNECTION */;
