-- phpMyAdmin SQL Dump
-- version 5.1.3
-- https://www.phpmyadmin.net/
--
-- Servidor: 127.0.0.1
-- Tiempo de generación: 28-07-2022 a las 01:33:42
-- Versión del servidor: 10.4.24-MariaDB
-- Versión de PHP: 7.4.29

SET SQL_MODE = "NO_AUTO_VALUE_ON_ZERO";
START TRANSACTION;
SET time_zone = "+00:00";


/*!40101 SET @OLD_CHARACTER_SET_CLIENT=@@CHARACTER_SET_CLIENT */;
/*!40101 SET @OLD_CHARACTER_SET_RESULTS=@@CHARACTER_SET_RESULTS */;
/*!40101 SET @OLD_COLLATION_CONNECTION=@@COLLATION_CONNECTION */;
/*!40101 SET NAMES utf8mb4 */;

--
-- Base de datos: `bdcontrol`
--

-- --------------------------------------------------------

--
-- Estructura de tabla para la tabla `asistencia`
--

CREATE TABLE `asistencia` (
  `idAsistencia` int(11) NOT NULL,
  `idPersonalAsistencia` int(11) DEFAULT NULL,
  `idHorarioAsistencia` int(11) DEFAULT NULL,
  `horaEntrada` datetime DEFAULT NULL,
  `horaSalida` datetime DEFAULT NULL,
  `estadoAsistencia` tinyint(4) NOT NULL
) ENGINE=InnoDB DEFAULT CHARSET=utf8;

-- --------------------------------------------------------

--
-- Estructura de tabla para la tabla `asistencia_docente`
--

CREATE TABLE `asistencia_docente` (
  `idAsistenciaDocente` int(11) NOT NULL,
  `idPersonaAsistencia` int(11) DEFAULT NULL,
  `idAsistenciaHor` int(11) DEFAULT NULL,
  `idUsuarioAsistencia` int(11) DEFAULT NULL,
  `fechaAsis` date DEFAULT NULL,
  `horaEntrada` time DEFAULT NULL,
  `horaSalida` time DEFAULT NULL,
  `tipo` tinyint(4) DEFAULT NULL,
  `observacion` text DEFAULT NULL,
  `estado` tinyint(1) DEFAULT NULL,
  `fechaAsistencia` timestamp NULL DEFAULT current_timestamp()
) ENGINE=InnoDB DEFAULT CHARSET=utf8;

--
-- Volcado de datos para la tabla `asistencia_docente`
--

INSERT INTO `asistencia_docente` (`idAsistenciaDocente`, `idPersonaAsistencia`, `idAsistenciaHor`, `idUsuarioAsistencia`, `fechaAsis`, `horaEntrada`, `horaSalida`, `tipo`, `observacion`, `estado`, `fechaAsistencia`) VALUES
(13, NULL, 54, 2, '2022-07-25', '10:24:00', '13:24:00', 1, '', 1, '2022-07-26 15:25:01'),
(14, NULL, 51, 2, '2022-07-25', '10:29:00', '14:29:00', 3, '', 0, '2022-07-26 15:29:38');

-- --------------------------------------------------------

--
-- Estructura de tabla para la tabla `cargos`
--

CREATE TABLE `cargos` (
  `idCargo` int(11) NOT NULL,
  `nombreCargo` varchar(80) NOT NULL
) ENGINE=InnoDB DEFAULT CHARSET=utf8;

--
-- Volcado de datos para la tabla `cargos`
--

INSERT INTO `cargos` (`idCargo`, `nombreCargo`) VALUES
(1, 'DOCENTE'),
(2, 'ASISTENTE'),
(3, 'GERENTE'),
(4, 'DIRECTOR'),
(5, 'SECRETARIA');

-- --------------------------------------------------------

--
-- Estructura de tabla para la tabla `carreras`
--

CREATE TABLE `carreras` (
  `idCarrera` int(11) NOT NULL,
  `idPlanCarrera` int(11) DEFAULT NULL,
  `nombreCarrera` varchar(200) NOT NULL,
  `estadoCarrera` tinyint(1) NOT NULL DEFAULT 1,
  `estadoDel` tinyint(4) NOT NULL,
  `fechaCarrera` timestamp NOT NULL DEFAULT current_timestamp() ON UPDATE current_timestamp()
) ENGINE=InnoDB DEFAULT CHARSET=utf8;

--
-- Volcado de datos para la tabla `carreras`
--

INSERT INTO `carreras` (`idCarrera`, `idPlanCarrera`, `nombreCarrera`, `estadoCarrera`, `estadoDel`, `fechaCarrera`) VALUES
(5, 1, 'CONTABILIDAD', 1, 0, '2022-07-05 21:30:23'),
(6, 1, 'ADMINISTRACIÓN DE EMPRESAS', 1, 0, '2022-07-05 21:30:52'),
(7, 1, 'ADMINISTRACIÓN DE NEGOCIOS BANCARIOS Y FINANCIEROS', 1, 0, '2022-07-05 21:30:23'),
(8, 1, 'FARMACIA TÉCNICA', 1, 0, '2022-07-05 21:30:32'),
(9, 1, 'ENFERMERÍA TÉCNICA', 1, 0, '2022-07-05 21:31:10');

-- --------------------------------------------------------

--
-- Estructura de tabla para la tabla `cursos`
--

CREATE TABLE `cursos` (
  `idCurso` int(11) NOT NULL,
  `idCarreraCurso` int(11) DEFAULT NULL,
  `nombreCurso` varchar(254) NOT NULL,
  `periodo` varchar(5) NOT NULL,
  `codigo` varchar(10) NOT NULL,
  `correlativo` varchar(10) NOT NULL,
  `creditosCurso` int(11) DEFAULT NULL,
  `tipo` char(1) DEFAULT NULL,
  `estado` tinyint(1) NOT NULL DEFAULT 1,
  `fechaRegistro` timestamp NOT NULL DEFAULT current_timestamp() ON UPDATE current_timestamp()
) ENGINE=InnoDB DEFAULT CHARSET=utf8;

--
-- Volcado de datos para la tabla `cursos`
--

INSERT INTO `cursos` (`idCurso`, `idCarreraCurso`, `nombreCurso`, `periodo`, `codigo`, `correlativo`, `creditosCurso`, `tipo`, `estado`, `fechaRegistro`) VALUES
(2, 6, 'COMUNICACIÓN EFECTIVA', '1', 'AE009', '', 2, 'T', 1, '2022-07-06 13:50:09'),
(3, 6, 'FUNDAMENTOS DE ADMINISTRACIÓN Y GESTIÓN DE DOCUMENTOS', '1', 'AE001', '', 4, 'C', 1, '2022-07-06 16:24:36'),
(4, 6, 'REGISTRO DOCUMENTARIO', '1', 'AE002', '', 4, 'C', 1, '2022-07-06 16:26:06'),
(5, 6, 'TRÁMITE DOCUMENTARIO', '1', 'AE003', '', 4, 'C', 1, '2022-07-06 16:26:48'),
(6, 6, 'MATEMÁTICA PARA LOS NEGOCIOS', '1', 'AE004', '', 3, 'C', 1, '2022-07-06 16:29:00'),
(7, 6, 'TECNOLOGÍAS DE LA INFORMACIÓN', '1', 'AE010', '', 2, 'T', 1, '2022-07-06 16:29:30'),
(8, 6, 'ATENCIÓN Y SERVICIO AL CLIENTE', '2', 'AE005', 'AE001', 4, 'C', 1, '2022-07-15 22:46:58'),
(9, 6, 'ARCHIVO Y CONTROL DE LA DOCUMENTACIÓN EMPRESARIAL', '2', 'AE006', 'AE002', 4, 'C', 1, '2022-07-15 22:48:31'),
(10, 6, 'DOCUMENTACIÓN CONTABLE Y FINANCIERA', '2', 'AE007', '', 3, 'C', 1, '2022-07-15 22:49:08'),
(11, 6, 'ECONOMÍA PARA LOS NEGOCIOS', '2', 'AE008', 'AE004', 4, 'C', 1, '2022-07-15 22:49:43'),
(12, 6, 'RESPONSABILIDAD SOCIAL Y DESARROLLO SOSTENIBLE', '2', 'AE011', '', 2, 'T', 1, '2022-07-15 22:50:19'),
(13, 6, 'DIAGNOSTICO EMPRESARIAL', '3', 'AE012', 'AE001', 3, 'C', 1, '2022-07-15 22:51:36'),
(14, 6, 'GESTIÓN DE OPERACIONES EMPRESARIALES', '3', 'AE013', 'AE001', 3, 'C', 1, '2022-07-15 22:52:17'),
(15, 6, 'ESTUDIO DE METODOS DE TRABAJO', '3', 'AE014', 'AE001', 3, 'C', 1, '2022-07-15 22:53:15'),
(16, 6, 'CONTABILIDAD GENERAL', '3', 'AE015', 'AE007', 3, 'C', 1, '2022-07-15 22:53:46'),
(17, 6, 'ESTADISTICA EMPRESARIAL', '3', 'AE016', 'AE004', 3, 'C', 1, '2022-07-15 22:54:31'),
(18, 6, 'LIDERAZGO PERSONAL Y PROFESIONAL', '3', 'AE022', '', 2, 'T', 1, '2022-07-15 22:55:53'),
(19, 6, 'CULTURA AMBIENTAL', '3', 'AE023', 'AE011', 2, 'C', 1, '2022-07-15 22:56:15'),
(20, 6, 'GESTIÓN DE TALENTO HUMANO', '4', 'AE017', 'AE014', 3, 'C', 1, '2022-07-15 22:57:23'),
(21, 6, 'ORGANIZACIÓN DE LOS PROCESOS EMPRESARIALES', '4', 'AE018', 'AE013', 3, 'C', 1, '2022-07-15 22:58:26'),
(22, 6, 'PRODUCTIVIDAD EMPRESARIAL', '4', 'AE019', 'AE014', 3, 'C', 1, '2022-07-15 22:59:11'),
(23, 6, 'LOGISTICA', '4', 'AE020', 'AE013', 3, 'C', 1, '2022-07-15 22:59:48'),
(24, 6, 'COSTOS Y PRESUPUESTOS', '4', 'AE021', 'AE015', 3, 'C', 1, '2022-07-15 23:01:00'),
(25, 6, 'INGLES 1', '4', 'AE024', '', 2, 'T', 1, '2022-07-15 23:01:28'),
(26, 6, 'PLANEACIÓN ESTRATEGICA', '5', 'AE025', 'AE018', 3, 'C', 1, '2022-07-21 22:44:59'),
(27, 6, 'GESTIÓN FINANCIERA', '5', 'AE026', 'AE021', 3, 'C', 1, '2022-07-15 23:02:34'),
(28, 6, 'ADMINISTRACIÓN DE OPERACIONES', '5', 'AE027', 'AE013', 3, 'C', 1, '2022-07-15 23:03:45'),
(29, 6, 'DIRECCIÓN EMPRESARIAL', '5', 'AE028', 'AE018', 3, 'C', 1, '2022-07-15 23:04:17'),
(30, 6, 'FORMULACIÓN Y EVALUACIÓN DE PROYECTOS', '5', 'AE029', '', 3, 'C', 1, '2022-07-15 23:04:48'),
(31, 6, 'INGLES 2', '5', 'AE035', 'AE024', 2, 'T', 1, '2022-07-15 23:05:18'),
(32, 6, 'INNOVACIÓN 1', '5', 'AE036', '', 3, 'T', 1, '2022-07-15 23:05:50'),
(33, 6, 'INDICADORES DE GESTIÓN', '6', 'AE030', 'AE025', 2, 'C', 1, '2022-07-15 23:06:28'),
(34, 6, 'GESTIÓN DE PROYECTOS', '6', 'AE031', 'AE029', 3, 'C', 1, '2022-07-15 23:06:52'),
(35, 6, 'AUDITORÍA Y CONTROL EMPRESARIAL', '6', 'AE032', 'AE028', 3, 'C', 1, '2022-07-21 20:25:13'),
(36, 6, 'ADMINISTRACIÓN FINANCIERA Y PRESUPUESTO', '6', 'AE033', 'AE026', 3, 'C', 1, '2022-07-21 20:26:00'),
(37, 6, 'NEGOCIACIÓN EMPRESARIAL', '6', 'AE034', '', 3, 'C', 1, '2022-07-21 20:26:36'),
(38, 6, 'INNOVACIÓN 2', '6', 'AE037', 'AE036', 3, 'T', 1, '2022-07-21 20:27:12'),
(39, 6, 'EMPRENDIMIENTO', '6', 'AE038', '', 2, 'T', 1, '2022-07-21 20:27:39'),
(40, 7, 'COMUNICACIÓN PARA LOS NEGOCIOS', '1', 'AB001', '', 2, 'C', 1, '2022-07-21 20:28:30'),
(41, 7, 'GESTIÓN DE CAJA Y SERVICIOS FINANCIEROS I', '1', 'AB002', '', 3, 'C', 1, '2022-07-21 20:29:02'),
(42, 7, 'MATEMÁTICA PARA LOS NEGOCIOS', '1', 'AB003', '', 2, 'C', 1, '2022-07-21 20:30:13'),
(43, 7, 'GESTIÓN EMPRESARIAL', '1', 'AB004', '', 2, 'C', 1, '2022-07-21 20:30:45'),
(44, 7, 'INTRODUCCIÓN AL SISTEMA BANCARIO Y FINANCIERO', '1', 'AB005', '', 2, 'C', 1, '2022-07-21 20:31:09'),
(45, 7, 'ECONOMÍA APLICADA', '1', 'AB006', '', 3, 'C', 1, '2022-07-21 20:31:28'),
(46, 7, 'COMUNICACIÓN EFECTIVA', '1', 'AB012', '', 2, 'T', 1, '2022-07-21 20:31:47'),
(47, 7, 'TECNOLOGÍAS DE LA INFORMACIÓN', '1', 'AB013', '', 2, 'T', 1, '2022-07-21 20:32:04'),
(48, 7, 'INFORMÁTICA PARA LOS NEGOCIOS', '2', 'AB007', 'AB013', 3, 'C', 1, '2022-07-21 20:34:09'),
(49, 7, 'ASESORIA FINANCIERA Y SERVICIO ATENCIÓN AL CLIENTE', '2', 'AB008', '', 3, 'C', 1, '2022-07-21 20:32:52'),
(50, 7, 'GESTIÓN DE CAJA Y SERVICIOS FINANCIEROS II', '2', 'AB009', 'AB002', 3, 'C', 1, '2022-07-21 20:33:58'),
(51, 7, 'PRODUCTOS FINANCIERSOS', '2', 'AB011', 'AB002', 4, 'C', 1, '2022-07-21 20:34:42'),
(52, 7, 'MATEMÁTICA FINANCIERA', '2', 'AB010', 'AB002', 3, 'C', 1, '2022-07-21 20:35:38'),
(53, 7, 'RESPONSABILIDAD SOCIAL Y DESARROLLO SOSTENIBLE', '2', 'AB014', '', 2, 'T', 1, '2022-07-21 20:36:06'),
(54, 7, 'FINANZAS PARA LOS NEGOCIOS', '3', 'AB015', 'AB005', 3, 'C', 1, '2022-07-21 20:36:29'),
(55, 7, 'EVALUACIÓN DE ESTADOS FINANCIEROS', '3', 'AB016', '', 3, 'C', 1, '2022-07-21 20:36:47'),
(56, 7, 'ANALISIS DE RIESGO DE MERCADO DE LAS PYMES', '3', 'AB017', '', 3, 'C', 1, '2022-07-21 20:37:22'),
(57, 7, 'CONTABILIDAD PARA NEGOCIOS', '3', 'AB018', '', 3, 'C', 1, '2022-07-21 20:37:53'),
(58, 7, 'ANALISIS DE RIESGO FINANCIERO', '3', 'AB019', '', 3, 'C', 1, '2022-07-21 20:38:45'),
(59, 7, 'LIDERAZGO PERSONAL Y PROFESIONAL', '3', 'AB025', '', 2, 'T', 1, '2022-07-21 20:39:20'),
(60, 7, 'CULTURA AMBIENTAL', '3', 'AB026', 'AB011', 2, 'T', 1, '2022-07-21 20:39:40'),
(61, 7, 'GESTIÓN DE CAPITAL HUMANO', '5', 'AB028', '', 3, 'C', 1, '2022-07-21 20:46:16'),
(62, 7, 'GESTIÓN COMERCIAL DE AGENCIA', '5', 'AB029', 'AB024', 4, 'C', 1, '2022-07-21 20:46:24'),
(63, 7, 'MARKETING FINANCIERO', '5', 'AB030', '', 4, 'C', 1, '2022-07-21 20:46:30'),
(64, 7, 'BANCA INVERSIÓN', '5', 'AB031', 'AB023', 4, 'C', 1, '2022-07-21 20:46:39'),
(65, 7, 'GESTIÓN DE RECUPERACIONES Y COBRANZAS', '6', 'AB032', 'AB016', 3, 'C', 1, '2022-07-21 20:47:04'),
(66, 7, 'INGLES II', '5', 'AB037', 'AB027', 2, 'T', 1, '2022-07-21 20:46:43'),
(67, 7, 'INNOVACIÓN I', '5', 'AB038', '', 3, 'T', 1, '2022-07-21 20:46:47'),
(68, 7, 'ANALISIS DE RIESGO CREDITICIO', '4', 'AB020', 'AB019', 3, 'C', 1, '2022-07-21 20:47:59'),
(69, 7, 'DEFENSA DEL CLIENTE FINANCIERO', '4', 'AB021', 'AB008', 3, 'C', 1, '2022-07-21 20:48:22'),
(70, 7, 'MERCADO DE VALORES', '4', 'AB022', '', 2, 'C', 1, '2022-07-21 20:48:40'),
(71, 7, 'BANCA EMPRESA', '4', 'AB023', 'AB017', 3, 'C', 1, '2022-07-21 20:49:08'),
(72, 7, 'OPERACIONES BANCARIAS', '4', 'AB024', 'AB011', 4, 'C', 1, '2022-07-21 20:49:30'),
(73, 7, 'INGLES I', '4', 'AB027', '', 2, 'T', 1, '2022-07-21 20:49:56'),
(74, 7, 'COMERCIO EXTERIOR', '6', 'AB033', 'AB022', 3, 'C', 1, '2022-07-21 20:50:46'),
(75, 7, 'CONTROL INTERNO', '6', 'AB034', 'AB028', 3, 'C', 1, '2022-07-21 20:51:27'),
(76, 7, 'FORMULACIÓN Y EVALUACIÓN DE PROYECTOS', '6', 'AB035', '', 3, 'C', 1, '2022-07-21 20:51:50'),
(77, 7, 'LEGISLACIÓN BANCARIA Y FINANCIERA', '6', 'AB036', '', 2, 'C', 1, '2022-07-21 20:52:11'),
(78, 7, 'INNOVACIÓN II', '6', 'AB039', 'AB038', 3, 'T', 1, '2022-07-21 20:53:00'),
(79, 7, 'EMPRENDIMIENTO', '6', 'AB040', '', 2, 'T', 1, '2022-07-21 20:53:21'),
(80, 5, 'CONTABILIDAD GENERAL I', '1', 'CT001', '', 4, 'C', 1, '2022-07-21 21:08:19'),
(81, 5, 'DOCUMENTACIÓN COMERCIAL Y CONTABLE', '1', 'CT002', '', 3, 'C', 1, '2022-07-21 20:56:02'),
(82, 5, 'DINÁMICA DEL PLAN CONTABLE GENERAL', '1', 'CT003', '', 3, 'C', 1, '2022-07-27 22:47:36'),
(83, 5, 'MATEMÁTICA PARA NEGOCIOS', '1', 'CT004', '', 3, 'C', 1, '2022-07-21 20:56:49'),
(84, 5, 'ADMINISTRACIÓN EMPRESARIAL', '1', 'CT005', '', 3, 'C', 1, '2022-07-21 21:05:46'),
(85, 5, 'COMUNICACIÓN EFECTIVA', '1', 'CT011', '', 2, 'T', 1, '2022-07-21 21:06:09'),
(86, 5, 'TECNOLOGÍAS DE LA INFORMACIÓN', '1', 'CT012', '', 2, 'T', 1, '2022-07-21 21:06:26'),
(87, 5, 'RESPONSABILIDAD SOCIAL Y DESARROLLO SOSTENIBLE', '2', 'CT013', '', 2, 'T', 1, '2022-07-21 21:07:22'),
(88, 5, 'CONTABILIDAD GENERAL II', '2', 'CT006', 'CT001', 3, 'C', 1, '2022-07-21 21:08:01'),
(89, 5, 'LEGISLACIÓN COMERCIAL', '2', 'CT007', 'CT001', 3, 'C', 1, '2022-07-21 21:09:09'),
(90, 5, 'LEGISLACIÓN LABORAL', '2', 'CT008', 'CT001', 3, 'C', 1, '2022-07-21 21:09:40'),
(91, 5, 'EXCEL CONTABLE', '2', 'CT009', 'CT012', 2, 'C', 1, '2022-07-21 21:10:15'),
(92, 5, 'MATEMÁTICA FINANCIERA', '2', 'CT010', 'CT004', 3, 'C', 1, '2022-07-21 21:10:31'),
(93, 5, 'CONTABILIDAD DE SOCIEDADES', '3', 'CT014', 'CT006', 3, 'C', 1, '2022-07-21 21:11:30'),
(94, 5, 'FUNDAMENTOS DE COSTOS', '3', 'CT015', 'CT006', 2, 'C', 1, '2022-07-21 21:11:50'),
(95, 5, 'SISTEMAS CONTABLES INTERMEDIOS', '3', 'CT016', 'CT009', 2, 'C', 1, '2022-07-21 21:12:13'),
(96, 5, 'LEGISLACIÓN TRIBUTARIA I', '3', 'CT017', 'CT006', 3, 'C', 1, '2022-07-21 21:12:44'),
(97, 5, 'CALCULO FINANCIERO', '3', 'CT018', 'CT010', 2, 'C', 1, '2022-07-21 21:13:23'),
(98, 5, 'APLICACIÓN DE LAS NIIF BÁSICAS Y FUNDAMENTALES', '3', 'CT019', 'CT006', 2, 'C', 1, '2022-07-21 22:56:18'),
(99, 5, 'LIDERAZGO PERSONAL Y PROFESIONAL', '3', 'CT026', '', 2, 'T', 1, '2022-07-21 21:14:46'),
(100, 5, 'CULTURA AMBIENTAL', '3', 'CT027', '', 2, 'T', 1, '2022-07-21 21:15:04'),
(101, 5, 'CONTABILIDAD APLICADA', '4', 'CT020', 'CT017', 3, 'C', 1, '2022-07-21 21:15:46'),
(102, 5, 'ECONOMÍA PARA LOS NEGOCIOS', '4', 'CT021', '', 3, 'C', 1, '2022-07-21 21:16:08'),
(103, 5, 'SISTEMAS CONTABLES AVANZADOS', '4', 'CT022', 'CT016', 3, 'C', 1, '2022-07-21 21:16:50'),
(104, 5, 'GESTIÓN DE TESORERÍA', '4', 'CT023', '', 3, 'C', 1, '2022-07-21 21:17:27'),
(105, 5, 'LEGISLACIÓN TRIBUTARIA II', '4', 'CT024', 'CT017', 3, 'C', 1, '2022-07-21 21:17:51'),
(106, 5, 'FUNDAMENTOS EN FINANZAS', '4', 'CT025', '', 2, 'C', 1, '2022-07-21 21:18:20'),
(107, 5, 'INGLES I', '4', 'CT028', '', 2, 'T', 1, '2022-07-21 21:18:38'),
(108, 5, 'CONTABILIDAD GUBERNAMENTAL I', '5', 'CT029', 'CT024', 3, 'C', 1, '2022-07-21 21:19:07'),
(109, 5, 'ANALISIS E INTERPRETACIÓN DE ESTADOS FINANCIEROS', '5', 'CT030', 'CT025', 3, 'C', 1, '2022-07-21 22:58:46'),
(110, 5, 'PRINCIPIOS DE AUDITORIA FINANCIERA', '5', 'CT031', '', 3, 'C', 1, '2022-07-21 21:20:06'),
(111, 5, 'CONTABILIDAD FINANCIERA I', '5', 'CT032', 'CT024', 4, 'C', 1, '2022-07-21 21:20:41'),
(112, 5, 'PRESUPUESTO PARA LOS NEGOCIOS', '5', 'CT033', '', 2, 'C', 1, '2022-07-21 21:21:12'),
(113, 5, 'INGLES II', '5', 'CT038', 'CT028', 2, 'T', 1, '2022-07-21 21:22:06'),
(114, 5, 'INNOVACIÓN I', '5', 'CT039', '', 3, 'T', 1, '2022-07-21 21:23:03'),
(115, 5, 'CONTABILIDAD FINANCIERA II', '6', 'CT034', 'CT032', 4, 'C', 1, '2022-07-21 21:24:22'),
(116, 5, 'ASISTENCIA EN AUDITORIA TRIBUTARIA', '6', 'CT035', 'CT031', 3, 'C', 1, '2022-07-21 21:25:00'),
(117, 5, 'FORMULACIÓN Y EVALUACIÓN DE PROYECTOS', '6', 'CT036', '', 4, 'C', 1, '2022-07-21 21:25:59'),
(118, 5, 'CONTABILIDAD GUBERNAMENTAL II', '6', 'CT037', 'CT029', 3, 'C', 1, '2022-07-21 21:26:37'),
(119, 5, 'INNOVACIÓN II', '6', 'CT040', 'CT039', 3, 'T', 1, '2022-07-21 21:27:01'),
(120, 5, 'EMPRENDIMIENTO', '6', 'CT041', '', 2, 'T', 1, '2022-07-21 21:27:28'),
(121, 9, 'TERMINOLOGÍA EN SALUD', '1', 'ET001', '', 2, 'C', 1, '2022-07-21 21:27:59'),
(122, 9, 'ANATOMÍA Y FISIOLOGÍA HUMANA', '1', 'ET002', '', 4, 'C', 1, '2022-07-21 21:28:18'),
(123, 9, 'MICROBIOLOGÍA Y PARSITOLOGÍA', '1', 'ET003', '', 2, 'C', 1, '2022-07-21 21:28:33'),
(124, 9, 'BIOESTADISTICA', '1', 'ET004', '', 3, 'C', 1, '2022-07-21 21:30:13'),
(125, 9, 'EDUCACIÓN PARA LA SALUD', '1', 'ET005', '', 4, 'C', 1, '2022-07-21 21:31:10'),
(126, 9, 'COMUNICACIÓN EFECTIVA', '1', 'ET011', '', 2, 'T', 1, '2022-07-21 21:32:02'),
(127, 9, 'TECNOLOGÍAS DE LA INFORMACIÓN', '1', 'ET012', '', 2, 'T', 1, '2022-07-21 21:32:19'),
(128, 9, 'PRIMEROS AUXILIOS', '2', 'ET006', 'ET002', 3, 'C', 1, '2022-07-21 21:32:54'),
(129, 9, 'EPIDEMIOLOGÍA Y ENFERMEDADES TRANSMISIBLES', '2', 'ET007', 'ET004', 3, 'C', 1, '2022-07-21 21:33:15'),
(130, 9, 'CUIDADOS DE ENFERMERÍA EN SALUD PÚBLICA', '2', 'ET008', 'ET005', 3, 'C', 1, '2022-07-21 21:33:38'),
(131, 9, 'ENFERMERÍA EN SALUD FAMILIAR Y COMUNITARIA', '2', 'ET009', 'ET005', 3, 'C', 1, '2022-07-21 21:34:16'),
(132, 9, 'INMUNOLOGÍA EN INYECTOTERAPIA', '2', 'ET010', 'ET002', 3, 'C', 1, '2022-07-21 21:34:43'),
(133, 9, 'RESPONSABILIDAD SOCIAL Y DESARROLLO SOSTENIBLE', '2', 'ET013', '', 2, 'T', 1, '2022-07-21 21:35:04'),
(134, 9, 'ENFERMERÍA BÁSICA HOSPITALARIA I', '3', 'ET014', 'ET010', 4, 'C', 1, '2022-07-21 21:42:18'),
(135, 9, 'BIOSEGURIDAD Y PREVENCIÓN DE INFECCIONES INTRAHOSPITALARIAS', '3', 'ET015', 'ET006', 3, 'C', 1, '2022-07-21 21:48:45'),
(136, 9, 'TRÁMITE DOCUMENTARIO HOSPITALARIO', '3', 'ET016', '', 2, 'C', 1, '2022-07-21 21:49:08'),
(137, 9, 'NUTRICIÓN Y DIETOTERAPIA', '3', 'ET017', '', 3, 'C', 1, '2022-07-21 21:49:22'),
(138, 9, 'ESTUDIO DE ENFERMEDADES Y SU TERAPEÚTICA I', '3', 'ET018', 'ET002', 3, 'C', 1, '2022-07-21 21:50:26'),
(139, 9, 'LIDERAZGO PERSONAL Y PROFESIONAL', '3', 'ET023', '', 2, 'T', 1, '2022-07-21 21:50:50'),
(140, 9, 'CULTURA AMBIENTAL', '3', 'ET024', 'ET013', 2, 'T', 1, '2022-07-21 21:51:10'),
(141, 9, 'ENFERMERÍA BÁSICA HOSPITALARIA II', '4', 'ET019', 'ET014', 4, 'C', 1, '2022-07-21 21:51:51'),
(142, 9, 'FARMACOLOGÍA Y ADMINISTRACIÓN DE MEDICAMENTOS', '4', 'ET020', 'ET018', 4, 'C', 1, '2022-07-21 21:52:45'),
(143, 9, 'MANIPULACIÓN DE MUESTRAS BIOLOGICAS', '4', 'ET021', 'ET015', 3, 'C', 1, '2022-07-21 21:53:05'),
(144, 9, 'ESTUDIO DE ENFERMEDADES Y SU TERAPEÚTICA II', '4', 'ET022', 'ET018', 4, 'C', 1, '2022-07-21 21:53:36'),
(145, 9, 'INGLES I', '4', 'ET025', '', 2, 'T', 1, '2022-07-21 21:54:05'),
(146, 9, 'URGENCIAS Y EMERGENCIAS', '5', 'ET026', 'ET019', 3, 'C', 1, '2022-07-21 21:54:52'),
(147, 9, 'ASISTENCIA DE ENFERMERÍA QUIRURGICA', '5', 'ET027', 'ET019', 3, 'C', 1, '2022-07-21 21:55:30'),
(148, 9, 'PROCEDIMIENTOS DE APOYO AL DIAGNOSTICO', '5', 'ET028', 'ET022', 3, 'C', 1, '2022-07-21 21:55:48'),
(149, 9, 'ATENCIÓN DE SALUD DEL NIÑO Y EL ADOLECENTE', '5', 'ET029', 'ET022', 3, 'C', 1, '2022-07-21 23:08:52'),
(150, 9, 'ATENCIÓN Y CUIDADO EN EL ADULTO MAYOR', '5', 'ET030', 'ET022', 3, 'C', 1, '2022-07-21 21:57:53'),
(151, 9, 'INGLES II', '5', 'ET036', 'ET025', 2, 'T', 1, '2022-07-21 21:58:59'),
(152, 9, 'INNOVACIÓN 1', '5', 'ET037', '', 4, 'T', 1, '2022-07-21 21:59:39'),
(153, 9, 'MEDICINA ALTERNATIVA Y TRADICIONAL', '6', 'ET031', '', 2, 'C', 1, '2022-07-21 22:00:11'),
(154, 9, 'ATENCIÓN Y CUIDADOS AL RECIÉN NACIDO', '6', 'ET032', 'ET029', 3, 'C', 1, '2022-07-21 22:00:56'),
(155, 9, 'ATENCIÓN EN SALUD MATERNA CON ENFOQUE INTERCULTURAL', '6', 'ET033', '', 3, 'C', 1, '2022-07-21 22:01:34'),
(156, 9, 'TERAPÍA FÍSICA Y REHABILITACIÓN', '6', 'ET034', '', 3, 'C', 1, '2022-07-21 22:01:54'),
(157, 9, 'ASISTENCIA EN SALUD MENTAL', '6', 'ET035', '', 3, 'C', 1, '2022-07-21 22:02:15'),
(158, 9, 'INNOVACIÓN II', '6', 'ET038', 'ET037', 4, 'T', 1, '2022-07-21 22:02:40'),
(159, 9, 'EMPRENDIMIENTO', '6', 'ET039', '', 3, 'T', 1, '2022-07-21 22:02:59'),
(160, 8, 'ANATOMÍA FISIOLÓGICA', '1', 'FT001', '', 3, 'C', 1, '2022-07-21 22:04:47'),
(161, 8, 'BIOQUIMICA HUMANA', '1', 'FT002', '', 3, 'C', 1, '2022-07-21 22:05:52'),
(162, 8, 'PRIMEROS AUXILIOS E INYECTOTERAPÍA', '1', 'FT003', '', 3, 'C', 1, '2022-07-21 22:06:36'),
(163, 8, 'ACTIVIDADES DE SALUD EN LA FAMILIA Y COMUNIDAD', '1', 'FT004', '', 3, 'C', 1, '2022-07-21 22:06:53'),
(164, 8, 'EPIDEMIOLOGÍA Y ENFERMEDADES TRANSMISIBLES', '1', 'FT005', '', 2, 'C', 1, '2022-07-21 22:07:24'),
(165, 8, 'COMUNICACIÓN EFECTIVA', '1', 'FT006', '', 2, 'T', 1, '2022-07-21 22:07:47'),
(166, 8, 'TECNOLOGÍAS DE LA INFORMACIÓN', '1', 'FT007', '', 2, 'T', 1, '2022-07-21 22:08:05'),
(167, 8, 'MANEJO DE MEDICAMENTOS ENSENCIALES', '2', 'FT008', 'FT002', 4, 'C', 1, '2022-07-21 22:08:49'),
(168, 8, 'DISPENSACIÓN DE MEDICAMENTOS EN EL SISTEMA DE SALUD', '2', 'FT009', 'FT001', 4, 'C', 1, '2022-07-21 22:09:21'),
(169, 8, 'VENTA Y DISPENSACIÓN DE MEDICAMENTOS Y PRODUCTOS A FINES', '2', 'FT010', 'FT001', 4, 'C', 1, '2022-07-21 22:09:41'),
(170, 8, 'LINEAMIENTOS Y POLITICAS NACIONALES DE MEDICAMENTOS EN SALUD', '2', 'FT011', '', 2, 'C', 1, '2022-07-21 22:10:09'),
(171, 8, 'TÉCNICA DE VENTAS Y ATENCIÓN AL CLIENTE EN FARMACIA', '2', 'FT012', '', 2, 'C', 1, '2022-07-21 22:10:52'),
(172, 8, 'RESPONSABILIDAD SOCIAL Y DESARROLLO SOSTENIBLE', '2', 'FT013', '', 2, 'T', 1, '2022-07-21 22:11:23'),
(173, 8, 'PATOLOGÍA Y SU FARMACOTERAPIA I', '3', 'FT014', 'FT001', 3, 'C', 1, '2022-07-21 22:12:00'),
(174, 8, 'BASES FARMACOLÓGICAS DE LOS MEDICAMENTOS I', '3', 'FT015', 'FT002', 3, 'C', 1, '2022-07-21 22:12:40'),
(175, 8, 'CALIDAD EN LA ADMINISTRACIÓN FARMACEUTICA', '3', 'FT016', 'FT012', 2, 'C', 1, '2022-07-21 22:13:04'),
(176, 8, 'ASISTENCIA EN LA ADMINISTRACIÓN DE UNA FARMACIA HOSPITALARIA', '3', 'FT017', 'FT008', 3, 'C', 1, '2022-07-21 22:13:57'),
(177, 8, 'NORMAS Y REGULACIÓN FARMACEUTICA', '3', 'FT018', 'FT011', 2, 'C', 1, '2022-07-21 22:14:21'),
(178, 8, 'MARKETING FARMACEUTICO', '3', 'FT019', 'FT012', 2, 'C', 1, '2022-07-21 22:14:42'),
(179, 8, 'LIDERAZGO PERSONAL Y PROFESIONAL', '3', 'FT025', '', 2, 'T', 1, '2022-07-21 22:15:44'),
(180, 8, 'CULTURA AMBIENTAL', '3', 'FT026', 'FT013', 2, 'T', 1, '2022-07-21 22:15:34'),
(181, 8, 'CONTABILIDAD FARMACEÚTICA', '4', 'FT020', '', 2, 'C', 1, '2022-07-21 22:16:22'),
(182, 8, 'ADMINISTRACIÓN FARMACEÚTICA', '4', 'FT021', 'FT016', 4, 'C', 1, '2022-07-21 22:16:39'),
(183, 8, 'PATOLOGÍA Y SU FARMACOTERAPIA II', '4', 'FT022', 'FT016', 3, 'C', 1, '2022-07-21 22:17:12'),
(184, 8, 'TOXICOLOGÍA', '4', 'FT023', 'FT015', 3, 'C', 1, '2022-07-21 22:17:29'),
(185, 8, 'BASES FARMACOLÓGICAS DE LOS MEDICAMENTOS II', '4', 'FT024', 'FT015', 3, 'C', 1, '2022-07-21 22:17:52'),
(186, 8, 'INGLES I', '4', 'FT027', '', 2, 'T', 1, '2022-07-21 22:18:15'),
(187, 8, 'FARMACOVIGILANCIA', '5', 'FT028', 'FT004', 2, 'C', 1, '2022-07-21 22:18:50'),
(188, 8, 'FARMAINDUSTRIA Y COSMÉTICA', '5', 'FT029', 'FT024', 4, 'C', 1, '2022-07-21 22:19:25'),
(189, 8, 'FARMACOTÉCNICA', '5', 'FT030', 'FT024', 4, 'C', 1, '2022-07-21 22:25:22'),
(190, 8, 'TÉCNICAS DE CONTROL DE CALIDAD EN LA INDUSTRIA FARMACEÚTICA', '5', 'FT031', '', 4, 'C', 1, '2022-07-21 22:25:28'),
(191, 8, 'INGLES II', '5', 'FT036', 'FT027', 2, 'T', 1, '2022-07-21 22:20:47'),
(192, 8, 'INNOVACIÓN I', '5', 'FT037', '', 3, 'T', 1, '2022-07-21 22:25:55'),
(193, 8, 'FARMACOGNOSIA', '6', 'FT032', 'FT030', 3, 'C', 1, '2022-07-21 22:24:51'),
(194, 8, 'TÉCNICAS DE TRANSFORMACIÓN DE MATERIAS PRIMAS EN LA INDUSTRIA FARMACEÚTICA', '6', 'FT033', 'FT029', 4, 'C', 1, '2022-07-21 22:23:11'),
(195, 8, 'PROCESAMIENTO FARMACEÚTICO', '6', 'FT034', 'FT029', 4, 'C', 1, '2022-07-21 22:23:17'),
(196, 8, 'CLASIFICACIÓN DE ACCIÓN FARMACOLÓGICA DE RECURSOS NATURALES', '6', 'FT035', 'FT030', 4, 'C', 1, '2022-07-21 22:23:49'),
(197, 8, 'INNOVACIÓN II', '6', 'FT038', 'FT037', 3, 'T', 1, '2022-07-21 22:24:17'),
(198, 8, 'EMPRENDIMIENTO', '6', 'FT039', '', 2, 'T', 1, '2022-07-21 22:24:31');

-- --------------------------------------------------------

--
-- Estructura de tabla para la tabla `detallehorario`
--

CREATE TABLE `detallehorario` (
  `idDetalle` int(11) NOT NULL,
  `idHorarioCurso` int(11) DEFAULT NULL,
  `dia` tinyint(4) NOT NULL,
  `horaEntrada` time NOT NULL,
  `horaSalida` time NOT NULL,
  `horas` int(11) NOT NULL,
  `tipo` char(1) NOT NULL
) ENGINE=InnoDB DEFAULT CHARSET=utf8;

--
-- Volcado de datos para la tabla `detallehorario`
--

INSERT INTO `detallehorario` (`idDetalle`, `idHorarioCurso`, `dia`, `horaEntrada`, `horaSalida`, `horas`, `tipo`) VALUES
(98, 50, 1, '18:30:00', '20:00:00', 2, 'T'),
(99, 63, 1, '20:00:00', '21:30:00', 2, 'T'),
(100, 159, 1, '21:30:00', '23:00:00', 2, 'T'),
(101, 152, 2, '13:30:00', '15:10:00', 2, 'P'),
(102, 120, 2, '16:50:00', '18:30:00', 2, 'P'),
(103, 193, 2, '18:30:00', '20:00:00', 2, 'P'),
(104, 203, 2, '20:45:00', '22:15:00', 2, 'P'),
(105, 45, 3, '11:20:00', '13:00:00', 2, 'P'),
(107, 193, 3, '16:00:00', '18:30:00', 3, 'T'),
(108, 120, 3, '18:30:00', '20:00:00', 2, 'P'),
(109, 404, 3, '20:00:00', '22:15:00', 3, 'T'),
(110, 171, 4, '10:30:00', '13:00:00', 3, 'P'),
(111, 152, 4, '15:10:00', '16:50:00', 2, 'P'),
(112, 179, 4, '17:40:00', '18:30:00', 1, 'P'),
(113, 179, 4, '18:30:00', '20:00:00', 2, 'P'),
(114, 203, 4, '20:00:00', '21:30:00', 2, 'P'),
(115, 45, 5, '11:20:00', '13:00:00', 2, 'T'),
(116, 63, 5, '16:00:00', '17:40:00', 2, 'P'),
(117, 50, 5, '17:40:00', '18:30:00', 1, 'P'),
(118, 50, 5, '18:30:00', '20:00:00', 2, 'P'),
(120, 159, 5, '19:15:00', '20:45:00', 2, 'P'),
(121, 752, 1, '19:15:00', '21:30:00', 3, 'P'),
(122, 755, 2, '18:30:00', '20:00:00', 2, 'T'),
(123, 755, 3, '18:30:00', '20:00:00', 2, 'P'),
(124, 736, 1, '20:00:00', '22:15:00', 3, 'T'),
(125, 828, 2, '16:00:00', '18:30:00', 3, 'T'),
(126, 835, 2, '20:45:00', '23:00:00', 3, 'T'),
(127, 775, 4, '16:00:00', '18:30:00', 3, 'T'),
(128, 532, 5, '16:00:00', '18:30:00', 3, 'T'),
(129, 783, 5, '20:45:00', '23:00:00', 3, 'P'),
(130, 126, 1, '20:00:00', '22:15:00', 3, 'P'),
(131, 202, 2, '18:30:00', '20:45:00', 3, 'P'),
(134, 139, 3, '17:40:00', '18:30:00', 1, 'P'),
(135, 139, 3, '18:30:00', '20:00:00', 2, 'P'),
(137, 139, 4, '20:45:00', '22:15:00', 2, 'P'),
(139, 202, 5, '18:30:00', '20:45:00', 3, 'P');

-- --------------------------------------------------------

--
-- Estructura de tabla para la tabla `horarios`
--

CREATE TABLE `horarios` (
  `idHorario` int(11) NOT NULL,
  `idPersonalHorario` int(11) DEFAULT NULL,
  `diaHorario` tinyint(4) NOT NULL,
  `horaEntrada` time NOT NULL,
  `horaSalida` time NOT NULL,
  `estadoHorario` tinyint(1) NOT NULL DEFAULT 1,
  `fechaHorario` timestamp NOT NULL DEFAULT current_timestamp() ON UPDATE current_timestamp()
) ENGINE=InnoDB DEFAULT CHARSET=utf8;

-- --------------------------------------------------------

--
-- Estructura de tabla para la tabla `horario_curso`
--

CREATE TABLE `horario_curso` (
  `idHorarioCurso` int(11) NOT NULL,
  `idPersonalHor` int(11) DEFAULT NULL,
  `idSeccionHor` int(11) DEFAULT NULL,
  `idCursoHor` int(11) DEFAULT NULL,
  `linkCurso` text DEFAULT NULL,
  `estadoCursoSeccion` tinyint(1) NOT NULL DEFAULT 1,
  `fechaCursoSeccion` timestamp NOT NULL DEFAULT current_timestamp() ON UPDATE current_timestamp()
) ENGINE=InnoDB DEFAULT CHARSET=utf8;

--
-- Volcado de datos para la tabla `horario_curso`
--

INSERT INTO `horario_curso` (`idHorarioCurso`, `idPersonalHor`, `idSeccionHor`, `idCursoHor`, `linkCurso`, `estadoCursoSeccion`, `fechaCursoSeccion`) VALUES
(25, NULL, 11, 2, NULL, 1, '2022-07-21 22:37:45'),
(26, NULL, 11, 3, NULL, 1, '2022-07-27 21:21:56'),
(27, NULL, 11, 4, NULL, 1, '2022-07-27 21:21:56'),
(28, NULL, 11, 5, NULL, 1, '2022-07-27 21:21:56'),
(29, NULL, 11, 6, NULL, 1, '2022-07-21 22:37:45'),
(30, NULL, 11, 7, NULL, 1, '2022-07-21 22:37:45'),
(31, NULL, 12, 2, NULL, 1, '2022-07-21 22:39:11'),
(32, NULL, 12, 3, NULL, 1, '2022-07-21 22:39:11'),
(33, NULL, 12, 4, NULL, 1, '2022-07-21 22:39:11'),
(34, NULL, 12, 5, NULL, 1, '2022-07-21 22:39:11'),
(35, NULL, 12, 6, NULL, 1, '2022-07-21 22:39:11'),
(36, NULL, 12, 7, NULL, 1, '2022-07-21 22:39:11'),
(37, NULL, 13, 2, NULL, 1, '2022-07-21 22:39:35'),
(38, NULL, 13, 3, NULL, 1, '2022-07-21 22:39:35'),
(39, NULL, 13, 4, NULL, 1, '2022-07-21 22:39:35'),
(40, NULL, 13, 5, NULL, 1, '2022-07-21 22:39:35'),
(41, NULL, 13, 6, NULL, 1, '2022-07-21 22:39:35'),
(42, NULL, 13, 7, NULL, 1, '2022-07-21 22:39:35'),
(43, NULL, 14, 8, NULL, 1, '2022-07-27 17:03:37'),
(44, NULL, 14, 9, NULL, 1, '2022-07-21 22:39:51'),
(45, 18, 14, 10, NULL, 1, '2022-07-27 22:52:00'),
(46, NULL, 14, 11, NULL, 1, '2022-07-27 21:17:36'),
(47, NULL, 14, 12, NULL, 1, '2022-07-21 22:39:51'),
(48, NULL, 15, 8, NULL, 1, '2022-07-21 22:40:40'),
(49, NULL, 15, 9, NULL, 1, '2022-07-21 22:40:40'),
(50, 18, 15, 10, NULL, 1, '2022-07-27 22:37:08'),
(51, NULL, 15, 11, NULL, 1, '2022-07-27 21:17:36'),
(52, NULL, 15, 12, NULL, 1, '2022-07-21 22:40:40'),
(53, NULL, 16, 13, NULL, 1, '2022-07-27 17:05:39'),
(54, NULL, 16, 14, NULL, 1, '2022-07-27 21:18:35'),
(55, NULL, 16, 15, NULL, 1, '2022-07-21 22:41:36'),
(56, NULL, 16, 16, NULL, 1, '2022-07-21 22:41:36'),
(57, NULL, 16, 17, NULL, 1, '2022-07-21 22:41:36'),
(58, NULL, 16, 18, NULL, 1, '2022-07-21 22:41:36'),
(59, NULL, 16, 19, NULL, 1, '2022-07-21 22:41:36'),
(60, NULL, 17, 13, NULL, 1, '2022-07-21 22:42:43'),
(61, NULL, 17, 14, NULL, 1, '2022-07-21 22:42:43'),
(62, NULL, 17, 15, NULL, 1, '2022-07-21 22:42:43'),
(63, 18, 17, 16, NULL, 1, '2022-07-27 22:41:05'),
(64, NULL, 17, 17, NULL, 1, '2022-07-21 22:42:43'),
(65, NULL, 17, 18, NULL, 1, '2022-07-21 22:42:43'),
(66, NULL, 17, 19, NULL, 1, '2022-07-21 22:42:43'),
(67, NULL, 18, 20, NULL, 1, '2022-07-21 22:43:15'),
(68, NULL, 18, 21, NULL, 1, '2022-07-21 22:43:15'),
(69, NULL, 18, 22, NULL, 1, '2022-07-21 22:43:15'),
(70, NULL, 18, 23, NULL, 1, '2022-07-21 22:43:15'),
(71, NULL, 18, 24, NULL, 1, '2022-07-21 22:43:15'),
(72, NULL, 18, 25, NULL, 1, '2022-07-21 22:43:15'),
(73, NULL, 19, 26, NULL, 1, '2022-07-21 22:44:03'),
(74, NULL, 19, 27, NULL, 1, '2022-07-21 22:44:03'),
(75, NULL, 19, 28, NULL, 1, '2022-07-21 22:44:03'),
(76, NULL, 19, 29, NULL, 1, '2022-07-21 22:44:03'),
(77, NULL, 19, 30, NULL, 1, '2022-07-21 22:44:03'),
(78, NULL, 19, 31, NULL, 1, '2022-07-21 22:44:03'),
(79, NULL, 19, 32, NULL, 1, '2022-07-21 22:44:03'),
(80, NULL, 20, 33, NULL, 1, '2022-07-21 22:45:21'),
(81, NULL, 20, 34, NULL, 1, '2022-07-21 22:45:21'),
(82, NULL, 20, 35, NULL, 1, '2022-07-21 22:45:21'),
(83, NULL, 20, 36, NULL, 1, '2022-07-21 22:45:21'),
(84, NULL, 20, 37, NULL, 1, '2022-07-21 22:45:21'),
(85, NULL, 20, 38, NULL, 1, '2022-07-21 22:45:21'),
(86, NULL, 20, 39, NULL, 1, '2022-07-21 22:45:21'),
(87, NULL, 21, 40, NULL, 1, '2022-07-21 22:46:04'),
(88, NULL, 21, 41, NULL, 1, '2022-07-21 22:46:04'),
(89, NULL, 21, 42, NULL, 1, '2022-07-21 22:46:04'),
(90, NULL, 21, 43, NULL, 1, '2022-07-21 22:46:04'),
(91, NULL, 21, 44, NULL, 1, '2022-07-21 22:46:04'),
(92, NULL, 21, 45, NULL, 1, '2022-07-21 22:46:04'),
(93, NULL, 21, 46, NULL, 1, '2022-07-21 22:46:04'),
(94, NULL, 21, 47, NULL, 1, '2022-07-21 22:46:04'),
(95, NULL, 22, 40, NULL, 1, '2022-07-21 22:46:39'),
(96, NULL, 22, 41, NULL, 1, '2022-07-21 22:46:39'),
(97, NULL, 22, 42, NULL, 1, '2022-07-21 22:46:39'),
(98, NULL, 22, 43, NULL, 1, '2022-07-21 22:46:39'),
(99, NULL, 22, 44, NULL, 1, '2022-07-21 22:46:39'),
(100, NULL, 22, 45, NULL, 1, '2022-07-27 17:06:09'),
(101, NULL, 22, 46, NULL, 1, '2022-07-21 22:46:39'),
(102, NULL, 22, 47, NULL, 1, '2022-07-21 22:46:39'),
(103, NULL, 23, 40, NULL, 1, '2022-07-21 22:47:03'),
(104, NULL, 23, 41, NULL, 1, '2022-07-21 22:47:03'),
(105, NULL, 23, 42, NULL, 1, '2022-07-21 22:47:03'),
(106, NULL, 23, 43, NULL, 1, '2022-07-21 22:47:03'),
(107, NULL, 23, 44, NULL, 1, '2022-07-21 22:47:03'),
(108, NULL, 23, 45, NULL, 1, '2022-07-27 21:17:36'),
(109, NULL, 23, 46, NULL, 1, '2022-07-21 22:47:03'),
(110, NULL, 23, 47, NULL, 1, '2022-07-21 22:47:03'),
(111, NULL, 24, 48, NULL, 1, '2022-07-21 22:49:26'),
(112, NULL, 24, 49, NULL, 1, '2022-07-21 22:49:26'),
(113, NULL, 24, 50, NULL, 1, '2022-07-21 22:49:26'),
(114, NULL, 24, 51, NULL, 1, '2022-07-21 22:49:26'),
(115, NULL, 24, 52, NULL, 1, '2022-07-21 22:49:26'),
(116, NULL, 24, 53, NULL, 1, '2022-07-21 22:49:26'),
(117, NULL, 25, 54, NULL, 1, '2022-07-27 21:17:36'),
(118, NULL, 25, 55, NULL, 1, '2022-07-21 22:50:09'),
(119, NULL, 25, 56, NULL, 1, '2022-07-21 22:50:09'),
(120, 18, 25, 57, NULL, 1, '2022-07-27 22:48:55'),
(121, NULL, 25, 58, NULL, 1, '2022-07-21 22:50:09'),
(122, NULL, 25, 59, NULL, 1, '2022-07-21 22:50:09'),
(123, NULL, 25, 60, NULL, 1, '2022-07-21 22:50:09'),
(124, NULL, 26, 68, NULL, 1, '2022-07-21 22:50:51'),
(125, NULL, 26, 69, NULL, 1, '2022-07-21 22:50:51'),
(126, 17, 26, 70, NULL, 1, '2022-07-27 23:21:20'),
(127, NULL, 26, 71, NULL, 1, '2022-07-27 21:17:36'),
(128, NULL, 26, 72, NULL, 1, '2022-07-21 22:50:51'),
(129, NULL, 26, 73, NULL, 1, '2022-07-21 22:50:51'),
(130, NULL, 27, 61, NULL, 1, '2022-07-21 22:51:18'),
(131, NULL, 27, 62, NULL, 1, '2022-07-21 22:51:18'),
(132, NULL, 27, 63, NULL, 1, '2022-07-21 22:51:18'),
(133, NULL, 27, 64, NULL, 1, '2022-07-21 22:51:18'),
(134, NULL, 27, 66, NULL, 1, '2022-07-21 22:51:18'),
(135, NULL, 27, 67, NULL, 1, '2022-07-21 22:51:18'),
(136, NULL, 28, 65, NULL, 1, '2022-07-27 21:17:36'),
(137, NULL, 28, 74, NULL, 1, '2022-07-21 22:51:51'),
(138, NULL, 28, 75, NULL, 1, '2022-07-21 22:51:51'),
(139, 17, 28, 76, NULL, 1, '2022-07-27 23:24:38'),
(140, NULL, 28, 77, NULL, 1, '2022-07-21 22:51:51'),
(141, NULL, 28, 78, NULL, 1, '2022-07-21 22:51:51'),
(142, NULL, 28, 79, NULL, 1, '2022-07-21 22:51:51'),
(143, NULL, 29, 80, NULL, 1, '2022-07-21 22:52:41'),
(144, NULL, 29, 81, NULL, 1, '2022-07-21 22:52:41'),
(145, NULL, 29, 82, NULL, 1, '2022-07-21 22:52:41'),
(146, NULL, 29, 83, NULL, 1, '2022-07-21 22:52:41'),
(147, NULL, 29, 84, NULL, 1, '2022-07-21 22:52:41'),
(148, NULL, 29, 85, NULL, 1, '2022-07-21 22:52:41'),
(149, NULL, 29, 86, NULL, 1, '2022-07-21 22:52:41'),
(150, NULL, 30, 80, NULL, 1, '2022-07-21 22:53:16'),
(151, NULL, 30, 81, NULL, 1, '2022-07-21 22:53:16'),
(152, 18, 30, 82, NULL, 1, '2022-07-27 22:47:49'),
(153, NULL, 30, 83, NULL, 1, '2022-07-21 22:53:16'),
(154, NULL, 30, 84, NULL, 1, '2022-07-21 22:53:16'),
(155, NULL, 30, 85, NULL, 1, '2022-07-21 22:53:16'),
(156, NULL, 30, 86, NULL, 1, '2022-07-21 22:53:16'),
(157, NULL, 31, 80, NULL, 1, '2022-07-21 22:53:31'),
(158, NULL, 31, 81, NULL, 1, '2022-07-21 22:53:31'),
(159, 18, 31, 82, NULL, 1, '2022-07-27 22:45:24'),
(160, NULL, 31, 83, NULL, 1, '2022-07-21 22:53:31'),
(161, NULL, 31, 84, NULL, 1, '2022-07-21 22:53:31'),
(162, NULL, 31, 85, NULL, 1, '2022-07-21 22:53:31'),
(163, NULL, 31, 86, NULL, 1, '2022-07-21 22:53:31'),
(164, NULL, 32, 87, NULL, 1, '2022-07-21 22:53:53'),
(165, NULL, 32, 88, NULL, 1, '2022-07-21 22:53:53'),
(166, NULL, 32, 89, NULL, 1, '2022-07-21 22:53:53'),
(167, NULL, 32, 90, NULL, 1, '2022-07-21 22:53:53'),
(168, NULL, 32, 91, NULL, 1, '2022-07-21 22:53:53'),
(169, NULL, 32, 92, NULL, 1, '2022-07-21 22:53:53'),
(170, NULL, 33, 93, NULL, 1, '2022-07-21 22:54:47'),
(171, 18, 33, 94, NULL, 1, '2022-07-27 22:56:35'),
(172, NULL, 33, 95, NULL, 1, '2022-07-21 22:54:47'),
(173, NULL, 33, 96, NULL, 1, '2022-07-21 22:54:47'),
(174, NULL, 33, 97, NULL, 1, '2022-07-21 22:54:47'),
(175, NULL, 33, 98, NULL, 1, '2022-07-21 22:54:47'),
(176, NULL, 33, 99, NULL, 1, '2022-07-21 22:54:47'),
(177, NULL, 33, 100, NULL, 1, '2022-07-27 17:04:47'),
(178, NULL, 34, 93, NULL, 1, '2022-07-21 22:57:26'),
(179, 18, 34, 94, NULL, 1, '2022-07-27 22:58:48'),
(180, NULL, 34, 95, NULL, 1, '2022-07-21 22:57:26'),
(181, NULL, 34, 96, NULL, 1, '2022-07-21 22:57:26'),
(182, NULL, 34, 97, NULL, 1, '2022-07-21 22:57:26'),
(183, NULL, 34, 98, NULL, 1, '2022-07-21 22:57:26'),
(184, NULL, 34, 99, NULL, 1, '2022-07-21 22:57:26'),
(185, NULL, 34, 100, NULL, 1, '2022-07-21 22:57:26'),
(186, NULL, 35, 101, NULL, 1, '2022-07-21 22:57:47'),
(187, NULL, 35, 102, NULL, 1, '2022-07-27 21:17:36'),
(188, NULL, 35, 103, NULL, 1, '2022-07-21 22:57:47'),
(189, NULL, 35, 104, NULL, 1, '2022-07-21 22:57:47'),
(190, NULL, 35, 105, NULL, 1, '2022-07-21 22:57:47'),
(191, NULL, 35, 106, NULL, 1, '2022-07-21 22:57:47'),
(192, NULL, 35, 107, NULL, 1, '2022-07-21 22:57:47'),
(193, 18, 36, 108, NULL, 1, '2022-07-27 22:49:50'),
(194, NULL, 36, 109, NULL, 1, '2022-07-21 22:58:20'),
(195, NULL, 36, 110, NULL, 1, '2022-07-21 22:58:20'),
(196, NULL, 36, 111, NULL, 1, '2022-07-21 22:58:20'),
(197, NULL, 36, 112, NULL, 1, '2022-07-21 22:58:20'),
(198, NULL, 36, 113, NULL, 1, '2022-07-21 22:58:20'),
(199, NULL, 36, 114, NULL, 1, '2022-07-21 22:58:20'),
(200, NULL, 37, 115, NULL, 1, '2022-07-21 22:59:18'),
(201, NULL, 37, 116, NULL, 1, '2022-07-21 22:59:18'),
(202, 17, 37, 117, NULL, 1, '2022-07-27 23:22:11'),
(203, 18, 37, 118, NULL, 1, '2022-07-27 22:50:31'),
(204, NULL, 37, 119, NULL, 1, '2022-07-21 22:59:18'),
(205, NULL, 37, 120, NULL, 1, '2022-07-21 22:59:18'),
(206, NULL, 38, 121, NULL, 1, '2022-07-21 23:00:00'),
(207, NULL, 38, 122, NULL, 1, '2022-07-21 23:00:00'),
(208, NULL, 38, 123, NULL, 1, '2022-07-21 23:00:00'),
(209, NULL, 38, 124, NULL, 1, '2022-07-21 23:00:00'),
(210, NULL, 38, 125, NULL, 1, '2022-07-21 23:00:00'),
(211, NULL, 38, 126, NULL, 1, '2022-07-21 23:00:00'),
(212, NULL, 38, 127, NULL, 1, '2022-07-21 23:00:00'),
(213, NULL, 39, 121, NULL, 1, '2022-07-21 23:00:36'),
(214, NULL, 39, 122, NULL, 1, '2022-07-21 23:00:36'),
(215, NULL, 39, 123, NULL, 1, '2022-07-21 23:00:36'),
(216, NULL, 39, 124, NULL, 1, '2022-07-21 23:00:36'),
(217, NULL, 39, 125, NULL, 1, '2022-07-21 23:00:36'),
(218, NULL, 39, 126, NULL, 1, '2022-07-21 23:00:36'),
(219, NULL, 39, 127, NULL, 1, '2022-07-21 23:00:36'),
(220, NULL, 40, 121, NULL, 1, '2022-07-21 23:01:16'),
(221, NULL, 40, 122, NULL, 1, '2022-07-21 23:01:16'),
(222, NULL, 40, 123, NULL, 1, '2022-07-21 23:01:16'),
(223, NULL, 40, 124, NULL, 1, '2022-07-21 23:01:16'),
(224, NULL, 40, 125, NULL, 1, '2022-07-21 23:01:16'),
(225, NULL, 40, 126, NULL, 1, '2022-07-21 23:01:16'),
(226, NULL, 40, 127, NULL, 1, '2022-07-21 23:01:16'),
(227, NULL, 41, 121, NULL, 1, '2022-07-21 23:01:31'),
(228, NULL, 41, 122, NULL, 1, '2022-07-21 23:01:31'),
(229, NULL, 41, 123, NULL, 1, '2022-07-21 23:01:31'),
(230, NULL, 41, 124, NULL, 1, '2022-07-21 23:01:31'),
(231, NULL, 41, 125, NULL, 1, '2022-07-21 23:01:31'),
(232, NULL, 41, 126, NULL, 1, '2022-07-21 23:01:31'),
(233, NULL, 41, 127, NULL, 1, '2022-07-21 23:01:31'),
(234, NULL, 42, 121, NULL, 1, '2022-07-21 23:01:55'),
(235, NULL, 42, 122, NULL, 1, '2022-07-21 23:01:55'),
(236, NULL, 42, 123, NULL, 1, '2022-07-21 23:01:55'),
(237, NULL, 42, 124, NULL, 1, '2022-07-21 23:01:55'),
(238, NULL, 42, 125, NULL, 1, '2022-07-21 23:01:55'),
(239, NULL, 42, 126, NULL, 1, '2022-07-21 23:01:55'),
(240, NULL, 42, 127, NULL, 1, '2022-07-21 23:01:55'),
(241, NULL, 43, 121, NULL, 1, '2022-07-21 23:02:09'),
(242, NULL, 43, 122, NULL, 1, '2022-07-21 23:02:09'),
(243, NULL, 43, 123, NULL, 1, '2022-07-21 23:02:09'),
(244, NULL, 43, 124, NULL, 1, '2022-07-21 23:02:09'),
(245, NULL, 43, 125, NULL, 1, '2022-07-21 23:02:09'),
(246, NULL, 43, 126, NULL, 1, '2022-07-21 23:02:09'),
(247, NULL, 43, 127, NULL, 1, '2022-07-21 23:02:09'),
(248, NULL, 44, 121, NULL, 1, '2022-07-21 23:02:27'),
(249, NULL, 44, 122, NULL, 1, '2022-07-21 23:02:27'),
(250, NULL, 44, 123, NULL, 1, '2022-07-21 23:02:27'),
(251, NULL, 44, 124, NULL, 1, '2022-07-21 23:02:27'),
(252, NULL, 44, 125, NULL, 1, '2022-07-21 23:02:27'),
(253, NULL, 44, 126, NULL, 1, '2022-07-21 23:02:27'),
(254, NULL, 44, 127, NULL, 1, '2022-07-21 23:02:27'),
(255, NULL, 45, 121, NULL, 1, '2022-07-21 23:02:50'),
(256, NULL, 45, 122, NULL, 1, '2022-07-21 23:02:50'),
(257, NULL, 45, 123, NULL, 1, '2022-07-21 23:02:50'),
(258, NULL, 45, 124, NULL, 1, '2022-07-21 23:02:50'),
(259, NULL, 45, 125, NULL, 1, '2022-07-21 23:02:50'),
(260, NULL, 45, 126, NULL, 1, '2022-07-21 23:02:50'),
(261, NULL, 45, 127, NULL, 1, '2022-07-21 23:02:50'),
(262, NULL, 46, 121, NULL, 1, '2022-07-21 23:03:16'),
(263, NULL, 46, 122, NULL, 1, '2022-07-21 23:03:16'),
(264, NULL, 46, 123, NULL, 1, '2022-07-21 23:03:16'),
(265, NULL, 46, 124, NULL, 1, '2022-07-21 23:03:16'),
(266, NULL, 46, 125, NULL, 1, '2022-07-21 23:03:16'),
(267, NULL, 46, 126, NULL, 1, '2022-07-21 23:03:16'),
(268, NULL, 46, 127, NULL, 1, '2022-07-21 23:03:16'),
(269, NULL, 47, 128, NULL, 1, '2022-07-21 23:04:18'),
(270, NULL, 47, 129, NULL, 1, '2022-07-21 23:04:18'),
(271, NULL, 47, 130, NULL, 1, '2022-07-21 23:04:18'),
(272, NULL, 47, 131, NULL, 1, '2022-07-21 23:04:18'),
(273, NULL, 47, 132, NULL, 1, '2022-07-21 23:04:18'),
(274, NULL, 47, 133, NULL, 1, '2022-07-21 23:04:18'),
(275, NULL, 48, 128, NULL, 1, '2022-07-21 23:05:02'),
(276, NULL, 48, 129, NULL, 1, '2022-07-21 23:05:02'),
(277, NULL, 48, 130, NULL, 1, '2022-07-21 23:05:02'),
(278, NULL, 48, 131, NULL, 1, '2022-07-21 23:05:02'),
(279, NULL, 48, 132, NULL, 1, '2022-07-21 23:05:02'),
(280, NULL, 48, 133, NULL, 1, '2022-07-21 23:05:02'),
(281, NULL, 49, 134, NULL, 1, '2022-07-21 23:05:25'),
(282, NULL, 49, 135, NULL, 1, '2022-07-21 23:05:25'),
(283, NULL, 49, 136, NULL, 1, '2022-07-21 23:05:25'),
(284, NULL, 49, 137, NULL, 1, '2022-07-21 23:05:25'),
(285, NULL, 49, 138, NULL, 1, '2022-07-21 23:05:25'),
(286, NULL, 49, 139, NULL, 1, '2022-07-21 23:05:25'),
(287, NULL, 49, 140, NULL, 1, '2022-07-21 23:05:25'),
(288, NULL, 50, 134, NULL, 1, '2022-07-21 23:06:08'),
(289, NULL, 50, 135, NULL, 1, '2022-07-21 23:06:08'),
(290, NULL, 50, 136, NULL, 1, '2022-07-21 23:06:08'),
(291, NULL, 50, 137, NULL, 1, '2022-07-21 23:06:08'),
(292, NULL, 50, 138, NULL, 1, '2022-07-21 23:06:08'),
(293, NULL, 50, 139, NULL, 1, '2022-07-21 23:06:08'),
(294, NULL, 50, 140, NULL, 1, '2022-07-21 23:06:08'),
(295, NULL, 51, 134, NULL, 1, '2022-07-21 23:06:24'),
(296, NULL, 51, 135, NULL, 1, '2022-07-21 23:06:24'),
(297, NULL, 51, 136, NULL, 1, '2022-07-21 23:06:24'),
(298, NULL, 51, 137, NULL, 1, '2022-07-21 23:06:24'),
(299, NULL, 51, 138, NULL, 1, '2022-07-21 23:06:24'),
(300, NULL, 51, 139, NULL, 1, '2022-07-21 23:06:24'),
(301, NULL, 51, 140, NULL, 1, '2022-07-21 23:06:24'),
(302, NULL, 52, 134, NULL, 1, '2022-07-21 23:06:41'),
(303, NULL, 52, 135, NULL, 1, '2022-07-21 23:06:41'),
(304, NULL, 52, 136, NULL, 1, '2022-07-21 23:06:41'),
(305, NULL, 52, 137, NULL, 1, '2022-07-21 23:06:41'),
(306, NULL, 52, 138, NULL, 1, '2022-07-21 23:06:41'),
(307, NULL, 52, 139, NULL, 1, '2022-07-21 23:06:41'),
(308, NULL, 52, 140, NULL, 1, '2022-07-21 23:06:41'),
(309, NULL, 53, 141, NULL, 1, '2022-07-21 23:06:57'),
(310, NULL, 53, 142, NULL, 1, '2022-07-21 23:06:57'),
(311, NULL, 53, 143, NULL, 1, '2022-07-21 23:06:57'),
(312, NULL, 53, 144, NULL, 1, '2022-07-21 23:06:57'),
(313, NULL, 53, 145, NULL, 1, '2022-07-21 23:06:57'),
(314, NULL, 54, 146, NULL, 1, '2022-07-21 23:08:00'),
(315, NULL, 54, 147, NULL, 1, '2022-07-21 23:08:00'),
(316, NULL, 54, 148, NULL, 1, '2022-07-21 23:08:00'),
(317, NULL, 54, 149, NULL, 1, '2022-07-21 23:08:00'),
(318, NULL, 54, 150, NULL, 1, '2022-07-21 23:08:00'),
(319, NULL, 54, 151, NULL, 1, '2022-07-21 23:08:00'),
(320, NULL, 54, 152, NULL, 1, '2022-07-21 23:08:00'),
(321, NULL, 55, 146, NULL, 1, '2022-07-21 23:09:18'),
(322, NULL, 55, 147, NULL, 1, '2022-07-21 23:09:18'),
(323, NULL, 55, 148, NULL, 1, '2022-07-21 23:09:18'),
(324, NULL, 55, 149, NULL, 1, '2022-07-21 23:09:18'),
(325, NULL, 55, 150, NULL, 1, '2022-07-21 23:09:18'),
(326, NULL, 55, 151, NULL, 1, '2022-07-21 23:09:18'),
(327, NULL, 55, 152, NULL, 1, '2022-07-21 23:09:18'),
(328, NULL, 56, 153, NULL, 1, '2022-07-21 23:09:47'),
(329, NULL, 56, 154, NULL, 1, '2022-07-21 23:09:47'),
(330, NULL, 56, 155, NULL, 1, '2022-07-21 23:09:47'),
(331, NULL, 56, 156, NULL, 1, '2022-07-21 23:09:47'),
(332, NULL, 56, 157, NULL, 1, '2022-07-21 23:09:47'),
(333, NULL, 56, 158, NULL, 1, '2022-07-21 23:09:47'),
(334, NULL, 56, 159, NULL, 1, '2022-07-21 23:09:47'),
(335, NULL, 57, 160, NULL, 1, '2022-07-21 23:11:20'),
(336, NULL, 57, 161, NULL, 1, '2022-07-21 23:11:20'),
(337, NULL, 57, 162, NULL, 1, '2022-07-21 23:11:20'),
(338, NULL, 57, 163, NULL, 1, '2022-07-21 23:11:20'),
(339, NULL, 57, 164, NULL, 1, '2022-07-21 23:11:20'),
(340, NULL, 57, 165, NULL, 1, '2022-07-21 23:11:20'),
(341, NULL, 57, 166, NULL, 1, '2022-07-21 23:11:20'),
(342, NULL, 58, 160, NULL, 1, '2022-07-21 23:12:05'),
(343, NULL, 58, 161, NULL, 1, '2022-07-21 23:12:05'),
(344, NULL, 58, 162, NULL, 1, '2022-07-21 23:12:05'),
(345, NULL, 58, 163, NULL, 1, '2022-07-21 23:12:05'),
(346, NULL, 58, 164, NULL, 1, '2022-07-21 23:12:05'),
(347, NULL, 58, 165, NULL, 1, '2022-07-21 23:12:05'),
(348, NULL, 58, 166, NULL, 1, '2022-07-21 23:12:05'),
(349, NULL, 59, 160, NULL, 1, '2022-07-21 23:12:24'),
(350, NULL, 59, 161, NULL, 1, '2022-07-21 23:12:24'),
(351, NULL, 59, 162, NULL, 1, '2022-07-21 23:12:24'),
(352, NULL, 59, 163, NULL, 1, '2022-07-21 23:12:24'),
(353, NULL, 59, 164, NULL, 1, '2022-07-21 23:12:24'),
(354, NULL, 59, 165, NULL, 1, '2022-07-21 23:12:24'),
(355, NULL, 59, 166, NULL, 1, '2022-07-21 23:12:24'),
(356, NULL, 60, 160, NULL, 1, '2022-07-21 23:12:47'),
(357, NULL, 60, 161, NULL, 1, '2022-07-21 23:12:47'),
(358, NULL, 60, 162, NULL, 1, '2022-07-21 23:12:47'),
(359, NULL, 60, 163, NULL, 1, '2022-07-21 23:12:47'),
(360, NULL, 60, 164, NULL, 1, '2022-07-21 23:12:47'),
(361, NULL, 60, 165, NULL, 1, '2022-07-21 23:12:47'),
(362, NULL, 60, 166, NULL, 1, '2022-07-21 23:12:47'),
(363, NULL, 61, 160, NULL, 1, '2022-07-21 23:13:06'),
(364, NULL, 61, 161, NULL, 1, '2022-07-21 23:13:06'),
(365, NULL, 61, 162, NULL, 1, '2022-07-21 23:13:06'),
(366, NULL, 61, 163, NULL, 1, '2022-07-21 23:13:06'),
(367, NULL, 61, 164, NULL, 1, '2022-07-21 23:13:06'),
(368, NULL, 61, 165, NULL, 1, '2022-07-21 23:13:06'),
(369, NULL, 61, 166, NULL, 1, '2022-07-21 23:13:06'),
(370, NULL, 62, 167, NULL, 1, '2022-07-21 23:13:40'),
(371, NULL, 62, 168, NULL, 1, '2022-07-21 23:13:40'),
(372, NULL, 62, 169, NULL, 1, '2022-07-21 23:13:40'),
(373, NULL, 62, 170, NULL, 1, '2022-07-21 23:13:40'),
(374, NULL, 62, 171, NULL, 1, '2022-07-21 23:13:40'),
(375, NULL, 62, 172, NULL, 1, '2022-07-21 23:13:40'),
(376, NULL, 63, 167, NULL, 1, '2022-07-21 23:14:47'),
(377, NULL, 63, 168, NULL, 1, '2022-07-21 23:14:47'),
(378, NULL, 63, 169, NULL, 1, '2022-07-21 23:14:47'),
(379, NULL, 63, 170, NULL, 1, '2022-07-21 23:14:47'),
(380, NULL, 63, 171, NULL, 1, '2022-07-21 23:14:47'),
(381, NULL, 63, 172, NULL, 1, '2022-07-21 23:14:47'),
(382, NULL, 64, 167, NULL, 1, '2022-07-21 23:15:07'),
(383, NULL, 64, 168, NULL, 1, '2022-07-21 23:15:07'),
(384, NULL, 64, 169, NULL, 1, '2022-07-21 23:15:07'),
(385, NULL, 64, 170, NULL, 1, '2022-07-21 23:15:07'),
(386, NULL, 64, 171, NULL, 1, '2022-07-21 23:15:07'),
(387, NULL, 64, 172, NULL, 1, '2022-07-21 23:15:07'),
(388, NULL, 65, 173, NULL, 1, '2022-07-21 23:15:42'),
(389, NULL, 65, 174, NULL, 1, '2022-07-21 23:15:42'),
(390, NULL, 65, 175, NULL, 1, '2022-07-21 23:15:42'),
(391, NULL, 65, 176, NULL, 1, '2022-07-21 23:15:42'),
(392, NULL, 65, 177, NULL, 1, '2022-07-21 23:15:42'),
(393, NULL, 65, 178, NULL, 1, '2022-07-21 23:15:42'),
(394, NULL, 65, 179, NULL, 1, '2022-07-21 23:15:42'),
(395, NULL, 65, 180, NULL, 1, '2022-07-21 23:15:42'),
(396, NULL, 66, 173, NULL, 1, '2022-07-21 23:16:21'),
(397, NULL, 66, 174, NULL, 1, '2022-07-21 23:16:21'),
(398, NULL, 66, 175, NULL, 1, '2022-07-21 23:16:21'),
(399, NULL, 66, 176, NULL, 1, '2022-07-21 23:16:21'),
(400, NULL, 66, 177, NULL, 1, '2022-07-21 23:16:21'),
(401, NULL, 66, 178, NULL, 1, '2022-07-21 23:16:21'),
(402, NULL, 66, 179, NULL, 1, '2022-07-21 23:16:21'),
(403, NULL, 66, 180, NULL, 1, '2022-07-21 23:16:21'),
(404, 18, 67, 181, NULL, 1, '2022-07-27 22:55:23'),
(405, NULL, 67, 182, NULL, 1, '2022-07-21 23:16:43'),
(406, NULL, 67, 183, NULL, 1, '2022-07-21 23:16:43'),
(407, NULL, 67, 184, NULL, 1, '2022-07-21 23:16:43'),
(408, NULL, 67, 185, NULL, 1, '2022-07-21 23:16:43'),
(409, NULL, 67, 186, NULL, 1, '2022-07-21 23:16:43'),
(410, NULL, 68, 187, NULL, 1, '2022-07-21 23:17:21'),
(411, NULL, 68, 188, NULL, 1, '2022-07-21 23:17:21'),
(412, NULL, 68, 189, NULL, 1, '2022-07-21 23:17:21'),
(413, NULL, 68, 190, NULL, 1, '2022-07-21 23:17:21'),
(414, NULL, 68, 191, NULL, 1, '2022-07-21 23:17:21'),
(415, NULL, 68, 192, NULL, 1, '2022-07-21 23:17:21'),
(416, NULL, 69, 193, NULL, 1, '2022-07-21 23:17:51'),
(417, NULL, 69, 194, NULL, 1, '2022-07-21 23:17:51'),
(418, NULL, 69, 195, NULL, 1, '2022-07-21 23:17:51'),
(419, NULL, 69, 196, NULL, 1, '2022-07-21 23:17:51'),
(420, NULL, 69, 197, NULL, 1, '2022-07-21 23:17:51'),
(421, NULL, 69, 198, NULL, 1, '2022-07-21 23:17:51'),
(422, NULL, 70, 2, NULL, 1, '2022-07-22 16:06:20'),
(423, NULL, 70, 3, NULL, 1, '2022-07-22 16:06:20'),
(424, NULL, 70, 4, NULL, 1, '2022-07-22 16:06:20'),
(425, NULL, 70, 5, NULL, 1, '2022-07-22 16:06:20'),
(426, NULL, 70, 6, NULL, 1, '2022-07-22 16:06:20'),
(427, NULL, 70, 7, NULL, 1, '2022-07-22 16:06:20'),
(428, NULL, 71, 2, NULL, 1, '2022-07-22 16:07:08'),
(429, NULL, 71, 3, NULL, 1, '2022-07-22 16:07:08'),
(430, NULL, 71, 4, NULL, 1, '2022-07-22 16:07:08'),
(431, NULL, 71, 5, NULL, 1, '2022-07-22 16:07:08'),
(432, NULL, 71, 6, NULL, 1, '2022-07-22 16:07:08'),
(433, NULL, 71, 7, NULL, 1, '2022-07-22 16:07:08'),
(440, NULL, 73, 8, NULL, 1, '2022-07-22 16:07:41'),
(441, NULL, 73, 9, NULL, 1, '2022-07-22 16:07:41'),
(442, NULL, 73, 10, NULL, 1, '2022-07-22 16:07:41'),
(443, NULL, 73, 11, NULL, 1, '2022-07-22 16:07:41'),
(444, NULL, 73, 12, NULL, 1, '2022-07-22 16:07:41'),
(445, NULL, 74, 2, NULL, 1, '2022-07-22 16:09:04'),
(446, NULL, 74, 3, NULL, 1, '2022-07-22 16:09:04'),
(447, NULL, 74, 4, NULL, 1, '2022-07-22 16:09:04'),
(448, NULL, 74, 5, NULL, 1, '2022-07-22 16:09:04'),
(449, NULL, 74, 6, NULL, 1, '2022-07-22 16:09:04'),
(450, NULL, 74, 7, NULL, 1, '2022-07-22 16:09:04'),
(451, NULL, 75, 13, NULL, 1, '2022-07-22 16:13:52'),
(452, NULL, 75, 14, NULL, 1, '2022-07-22 16:13:52'),
(453, NULL, 75, 15, NULL, 1, '2022-07-22 16:13:52'),
(454, NULL, 75, 16, NULL, 1, '2022-07-22 16:13:52'),
(455, NULL, 75, 17, NULL, 1, '2022-07-22 16:13:52'),
(456, NULL, 75, 18, NULL, 1, '2022-07-22 16:13:52'),
(457, NULL, 75, 19, NULL, 1, '2022-07-22 16:13:52'),
(458, NULL, 76, 20, NULL, 1, '2022-07-22 16:14:13'),
(459, NULL, 76, 21, NULL, 1, '2022-07-22 16:14:13'),
(460, NULL, 76, 22, NULL, 1, '2022-07-22 16:14:13'),
(461, NULL, 76, 23, NULL, 1, '2022-07-22 16:14:13'),
(462, NULL, 76, 24, NULL, 1, '2022-07-22 16:14:13'),
(463, NULL, 76, 25, NULL, 1, '2022-07-22 16:14:13'),
(464, NULL, 77, 26, NULL, 1, '2022-07-22 16:14:25'),
(465, NULL, 77, 27, NULL, 1, '2022-07-22 16:14:25'),
(466, NULL, 77, 28, NULL, 1, '2022-07-22 16:14:25'),
(467, NULL, 77, 29, NULL, 1, '2022-07-22 16:14:25'),
(468, NULL, 77, 30, NULL, 1, '2022-07-22 16:14:25'),
(469, NULL, 77, 31, NULL, 1, '2022-07-22 16:14:25'),
(470, NULL, 77, 32, NULL, 1, '2022-07-22 16:14:25'),
(471, NULL, 78, 40, NULL, 1, '2022-07-22 16:14:47'),
(472, NULL, 78, 41, NULL, 1, '2022-07-22 16:14:47'),
(473, NULL, 78, 42, NULL, 1, '2022-07-22 16:14:47'),
(474, NULL, 78, 43, NULL, 1, '2022-07-22 16:14:47'),
(475, NULL, 78, 44, NULL, 1, '2022-07-22 16:14:47'),
(476, NULL, 78, 45, NULL, 1, '2022-07-22 16:14:47'),
(477, NULL, 78, 46, NULL, 1, '2022-07-22 16:14:47'),
(478, NULL, 78, 47, NULL, 1, '2022-07-22 16:14:47'),
(479, NULL, 79, 40, NULL, 1, '2022-07-22 16:18:06'),
(480, NULL, 79, 41, NULL, 1, '2022-07-22 16:18:06'),
(481, NULL, 79, 42, NULL, 1, '2022-07-22 16:18:06'),
(482, NULL, 79, 43, NULL, 1, '2022-07-22 16:18:06'),
(483, NULL, 79, 44, NULL, 1, '2022-07-22 16:18:06'),
(484, NULL, 79, 45, NULL, 1, '2022-07-22 16:18:06'),
(485, NULL, 79, 46, NULL, 1, '2022-07-22 16:18:06'),
(486, NULL, 79, 47, NULL, 1, '2022-07-22 16:18:06'),
(487, NULL, 80, 40, NULL, 1, '2022-07-22 16:18:19'),
(488, NULL, 80, 41, NULL, 1, '2022-07-22 16:18:19'),
(489, NULL, 80, 42, NULL, 1, '2022-07-22 16:18:19'),
(490, NULL, 80, 43, NULL, 1, '2022-07-22 16:18:19'),
(491, NULL, 80, 44, NULL, 1, '2022-07-22 16:18:19'),
(492, NULL, 80, 45, NULL, 1, '2022-07-22 16:18:19'),
(493, NULL, 80, 46, NULL, 1, '2022-07-22 16:18:19'),
(494, NULL, 80, 47, NULL, 1, '2022-07-22 16:18:19'),
(495, NULL, 81, 48, NULL, 1, '2022-07-22 16:19:55'),
(496, NULL, 81, 49, NULL, 1, '2022-07-22 16:19:55'),
(497, NULL, 81, 50, NULL, 1, '2022-07-22 16:19:55'),
(498, NULL, 81, 51, NULL, 1, '2022-07-22 16:19:55'),
(499, NULL, 81, 52, NULL, 1, '2022-07-22 16:19:55'),
(500, NULL, 81, 53, NULL, 1, '2022-07-22 16:19:55'),
(501, NULL, 82, 54, NULL, 1, '2022-07-22 16:20:06'),
(502, NULL, 82, 55, NULL, 1, '2022-07-22 16:20:06'),
(503, NULL, 82, 56, NULL, 1, '2022-07-22 16:20:06'),
(504, NULL, 82, 57, NULL, 1, '2022-07-22 16:20:06'),
(505, NULL, 82, 58, NULL, 1, '2022-07-22 16:20:06'),
(506, NULL, 82, 59, NULL, 1, '2022-07-22 16:20:06'),
(507, NULL, 82, 60, NULL, 1, '2022-07-22 16:20:06'),
(508, NULL, 83, 68, NULL, 1, '2022-07-22 16:20:20'),
(509, NULL, 83, 69, NULL, 1, '2022-07-22 16:20:20'),
(510, NULL, 83, 70, NULL, 1, '2022-07-22 16:20:20'),
(511, NULL, 83, 71, NULL, 1, '2022-07-22 16:20:20'),
(512, NULL, 83, 72, NULL, 1, '2022-07-22 16:20:20'),
(513, NULL, 83, 73, NULL, 1, '2022-07-22 16:20:20'),
(514, NULL, 84, 61, NULL, 1, '2022-07-22 16:20:33'),
(515, NULL, 84, 62, NULL, 1, '2022-07-22 16:20:33'),
(516, NULL, 84, 63, NULL, 1, '2022-07-22 16:20:33'),
(517, NULL, 84, 64, NULL, 1, '2022-07-22 16:20:33'),
(518, NULL, 84, 66, NULL, 1, '2022-07-22 16:20:33'),
(519, NULL, 84, 67, NULL, 1, '2022-07-22 16:20:33'),
(520, NULL, 85, 80, NULL, 1, '2022-07-22 16:22:24'),
(521, NULL, 85, 81, NULL, 1, '2022-07-22 16:22:24'),
(522, NULL, 85, 82, NULL, 1, '2022-07-22 16:22:24'),
(523, NULL, 85, 83, NULL, 1, '2022-07-22 16:22:24'),
(524, NULL, 85, 84, NULL, 1, '2022-07-22 16:22:24'),
(525, NULL, 85, 85, NULL, 1, '2022-07-22 16:22:24'),
(526, NULL, 85, 86, NULL, 1, '2022-07-22 16:22:24'),
(527, NULL, 86, 80, NULL, 1, '2022-07-22 16:22:40'),
(528, NULL, 86, 81, NULL, 1, '2022-07-22 16:22:40'),
(529, NULL, 86, 82, NULL, 1, '2022-07-22 16:22:40'),
(530, NULL, 86, 83, NULL, 1, '2022-07-22 16:22:40'),
(531, NULL, 86, 84, NULL, 1, '2022-07-22 16:22:40'),
(532, 15, 86, 85, NULL, 1, '2022-07-27 23:19:04'),
(533, NULL, 86, 86, NULL, 1, '2022-07-22 16:22:40'),
(534, NULL, 87, 80, NULL, 1, '2022-07-22 16:22:51'),
(535, NULL, 87, 81, NULL, 1, '2022-07-22 16:22:51'),
(536, NULL, 87, 82, NULL, 1, '2022-07-22 16:22:51'),
(537, NULL, 87, 83, NULL, 1, '2022-07-22 16:22:51'),
(538, NULL, 87, 84, NULL, 1, '2022-07-22 16:22:51'),
(539, NULL, 87, 85, NULL, 1, '2022-07-22 16:22:51'),
(540, NULL, 87, 86, NULL, 1, '2022-07-22 16:22:51'),
(541, NULL, 88, 87, NULL, 1, '2022-07-22 16:23:12'),
(542, NULL, 88, 88, NULL, 1, '2022-07-22 16:23:12'),
(543, NULL, 88, 89, NULL, 1, '2022-07-22 16:23:12'),
(544, NULL, 88, 90, NULL, 1, '2022-07-22 16:23:12'),
(545, NULL, 88, 91, NULL, 1, '2022-07-22 16:23:12'),
(546, NULL, 88, 92, NULL, 1, '2022-07-22 16:23:12'),
(547, NULL, 89, 93, NULL, 1, '2022-07-22 16:23:50'),
(548, NULL, 89, 94, NULL, 1, '2022-07-22 16:23:50'),
(549, NULL, 89, 95, NULL, 1, '2022-07-22 16:23:50'),
(550, NULL, 89, 96, NULL, 1, '2022-07-22 16:23:50'),
(551, NULL, 89, 97, NULL, 1, '2022-07-22 16:23:50'),
(552, NULL, 89, 98, NULL, 1, '2022-07-22 16:23:50'),
(553, NULL, 89, 99, NULL, 1, '2022-07-22 16:23:50'),
(554, NULL, 89, 100, NULL, 1, '2022-07-22 16:23:50'),
(555, NULL, 90, 101, NULL, 1, '2022-07-22 16:24:03'),
(556, NULL, 90, 102, NULL, 1, '2022-07-22 16:24:03'),
(557, NULL, 90, 103, NULL, 1, '2022-07-22 16:24:03'),
(558, NULL, 90, 104, NULL, 1, '2022-07-22 16:24:03'),
(559, NULL, 90, 105, NULL, 1, '2022-07-22 16:24:03'),
(560, NULL, 90, 106, NULL, 1, '2022-07-22 16:24:03'),
(561, NULL, 90, 107, NULL, 1, '2022-07-22 16:24:03'),
(562, NULL, 91, 108, NULL, 1, '2022-07-22 16:24:15'),
(563, NULL, 91, 109, NULL, 1, '2022-07-22 16:24:15'),
(564, NULL, 91, 110, NULL, 1, '2022-07-22 16:24:15'),
(565, NULL, 91, 111, NULL, 1, '2022-07-22 16:24:15'),
(566, NULL, 91, 112, NULL, 1, '2022-07-22 16:24:15'),
(567, NULL, 91, 113, NULL, 1, '2022-07-22 16:24:15'),
(568, NULL, 91, 114, NULL, 1, '2022-07-22 16:24:15'),
(569, NULL, 92, 121, NULL, 1, '2022-07-22 16:24:46'),
(570, NULL, 92, 122, NULL, 1, '2022-07-22 16:24:46'),
(571, NULL, 92, 123, NULL, 1, '2022-07-22 16:24:46'),
(572, NULL, 92, 124, NULL, 1, '2022-07-22 16:24:46'),
(573, NULL, 92, 125, NULL, 1, '2022-07-22 16:24:46'),
(574, NULL, 92, 126, NULL, 1, '2022-07-22 16:24:46'),
(575, NULL, 92, 127, NULL, 1, '2022-07-22 16:24:46'),
(576, NULL, 93, 121, NULL, 1, '2022-07-22 16:25:07'),
(577, NULL, 93, 122, NULL, 1, '2022-07-22 16:25:07'),
(578, NULL, 93, 123, NULL, 1, '2022-07-22 16:25:07'),
(579, NULL, 93, 124, NULL, 1, '2022-07-22 16:25:07'),
(580, NULL, 93, 125, NULL, 1, '2022-07-22 16:25:07'),
(581, NULL, 93, 126, NULL, 1, '2022-07-22 16:25:07'),
(582, NULL, 93, 127, NULL, 1, '2022-07-22 16:25:07'),
(583, NULL, 94, 121, NULL, 1, '2022-07-22 16:25:19'),
(584, NULL, 94, 122, NULL, 1, '2022-07-22 16:25:19'),
(585, NULL, 94, 123, NULL, 1, '2022-07-22 16:25:19'),
(586, NULL, 94, 124, NULL, 1, '2022-07-22 16:25:19'),
(587, NULL, 94, 125, NULL, 1, '2022-07-22 16:25:19'),
(588, NULL, 94, 126, NULL, 1, '2022-07-22 16:25:19'),
(589, NULL, 94, 127, NULL, 1, '2022-07-22 16:25:19'),
(590, NULL, 95, 121, NULL, 1, '2022-07-22 16:25:35'),
(591, NULL, 95, 122, NULL, 1, '2022-07-22 16:25:35'),
(592, NULL, 95, 123, NULL, 1, '2022-07-22 16:25:35'),
(593, NULL, 95, 124, NULL, 1, '2022-07-22 16:25:35'),
(594, NULL, 95, 125, NULL, 1, '2022-07-22 16:25:35'),
(595, NULL, 95, 126, NULL, 1, '2022-07-22 16:25:35'),
(596, NULL, 95, 127, NULL, 1, '2022-07-22 16:25:35'),
(597, NULL, 96, 121, NULL, 1, '2022-07-22 16:25:54'),
(598, NULL, 96, 122, NULL, 1, '2022-07-22 16:25:54'),
(599, NULL, 96, 123, NULL, 1, '2022-07-22 16:25:54'),
(600, NULL, 96, 124, NULL, 1, '2022-07-22 16:25:54'),
(601, NULL, 96, 125, NULL, 1, '2022-07-22 16:25:54'),
(602, NULL, 96, 126, NULL, 1, '2022-07-22 16:25:54'),
(603, NULL, 96, 127, NULL, 1, '2022-07-22 16:25:54'),
(604, NULL, 97, 121, NULL, 1, '2022-07-22 16:26:20'),
(605, NULL, 97, 122, NULL, 1, '2022-07-22 16:26:20'),
(606, NULL, 97, 123, NULL, 1, '2022-07-22 16:26:20'),
(607, NULL, 97, 124, NULL, 1, '2022-07-22 16:26:20'),
(608, NULL, 97, 125, NULL, 1, '2022-07-22 16:26:20'),
(609, NULL, 97, 126, NULL, 1, '2022-07-22 16:26:20'),
(610, NULL, 97, 127, NULL, 1, '2022-07-22 16:26:20'),
(611, NULL, 98, 121, NULL, 1, '2022-07-22 16:26:54'),
(612, NULL, 98, 122, NULL, 1, '2022-07-22 16:26:54'),
(613, NULL, 98, 123, NULL, 1, '2022-07-22 16:26:54'),
(614, NULL, 98, 124, NULL, 1, '2022-07-22 16:26:54'),
(615, NULL, 98, 125, NULL, 1, '2022-07-22 16:26:54'),
(616, NULL, 98, 126, NULL, 1, '2022-07-22 16:26:54'),
(617, NULL, 98, 127, NULL, 1, '2022-07-22 16:26:54'),
(618, NULL, 99, 128, NULL, 1, '2022-07-22 16:27:16'),
(619, NULL, 99, 129, NULL, 1, '2022-07-22 16:27:16'),
(620, NULL, 99, 130, NULL, 1, '2022-07-22 16:27:16'),
(621, NULL, 99, 131, NULL, 1, '2022-07-22 16:27:16'),
(622, NULL, 99, 132, NULL, 1, '2022-07-22 16:27:16'),
(623, NULL, 99, 133, NULL, 1, '2022-07-22 16:27:16'),
(624, NULL, 100, 128, NULL, 1, '2022-07-22 16:27:39'),
(625, NULL, 100, 129, NULL, 1, '2022-07-22 16:27:39'),
(626, NULL, 100, 130, NULL, 1, '2022-07-22 16:27:39'),
(627, NULL, 100, 131, NULL, 1, '2022-07-22 16:27:39'),
(628, NULL, 100, 132, NULL, 1, '2022-07-22 16:27:39'),
(629, NULL, 100, 133, NULL, 1, '2022-07-22 16:27:39'),
(630, NULL, 101, 134, NULL, 1, '2022-07-22 16:27:59'),
(631, NULL, 101, 135, NULL, 1, '2022-07-22 16:27:59'),
(632, NULL, 101, 136, NULL, 1, '2022-07-22 16:27:59'),
(633, NULL, 101, 137, NULL, 1, '2022-07-22 16:27:59'),
(634, NULL, 101, 138, NULL, 1, '2022-07-22 16:27:59'),
(635, NULL, 101, 139, NULL, 1, '2022-07-22 16:27:59'),
(636, NULL, 101, 140, NULL, 1, '2022-07-22 16:27:59'),
(637, NULL, 102, 134, NULL, 1, '2022-07-22 16:28:25'),
(638, NULL, 102, 135, NULL, 1, '2022-07-22 16:28:25'),
(639, NULL, 102, 136, NULL, 1, '2022-07-22 16:28:25'),
(640, NULL, 102, 137, NULL, 1, '2022-07-22 16:28:25'),
(641, NULL, 102, 138, NULL, 1, '2022-07-22 16:28:25'),
(642, NULL, 102, 139, NULL, 1, '2022-07-22 16:28:25'),
(643, NULL, 102, 140, NULL, 1, '2022-07-22 16:28:25'),
(644, NULL, 103, 141, NULL, 1, '2022-07-22 16:29:33'),
(645, NULL, 103, 142, NULL, 1, '2022-07-22 16:29:33'),
(646, NULL, 103, 143, NULL, 1, '2022-07-22 16:29:33'),
(647, NULL, 103, 144, NULL, 1, '2022-07-22 16:29:33'),
(648, NULL, 103, 145, NULL, 1, '2022-07-22 16:29:33'),
(649, NULL, 104, 146, NULL, 1, '2022-07-22 16:29:47'),
(650, NULL, 104, 147, NULL, 1, '2022-07-22 16:29:47'),
(651, NULL, 104, 148, NULL, 1, '2022-07-22 16:29:47'),
(652, NULL, 104, 149, NULL, 1, '2022-07-22 16:29:47'),
(653, NULL, 104, 150, NULL, 1, '2022-07-22 16:29:47'),
(654, NULL, 104, 151, NULL, 1, '2022-07-22 16:29:47'),
(655, NULL, 104, 152, NULL, 1, '2022-07-22 16:29:47'),
(656, NULL, 105, 160, NULL, 1, '2022-07-22 16:30:18'),
(657, NULL, 105, 161, NULL, 1, '2022-07-22 16:30:18'),
(658, NULL, 105, 162, NULL, 1, '2022-07-22 16:30:18'),
(659, NULL, 105, 163, NULL, 1, '2022-07-22 16:30:18'),
(660, NULL, 105, 164, NULL, 1, '2022-07-22 16:30:18'),
(661, NULL, 105, 165, NULL, 1, '2022-07-22 16:30:18'),
(662, NULL, 105, 166, NULL, 1, '2022-07-22 16:30:18'),
(663, NULL, 106, 160, NULL, 1, '2022-07-22 16:30:31'),
(664, NULL, 106, 161, NULL, 1, '2022-07-22 16:30:31'),
(665, NULL, 106, 162, NULL, 1, '2022-07-22 16:30:31'),
(666, NULL, 106, 163, NULL, 1, '2022-07-22 16:30:31'),
(667, NULL, 106, 164, NULL, 1, '2022-07-22 16:30:31'),
(668, NULL, 106, 165, NULL, 1, '2022-07-22 16:30:31'),
(669, NULL, 106, 166, NULL, 1, '2022-07-22 16:30:31'),
(670, NULL, 107, 160, NULL, 1, '2022-07-22 16:30:58'),
(671, NULL, 107, 161, NULL, 1, '2022-07-22 16:30:58'),
(672, NULL, 107, 162, NULL, 1, '2022-07-22 16:30:58'),
(673, NULL, 107, 163, NULL, 1, '2022-07-22 16:30:58'),
(674, NULL, 107, 164, NULL, 1, '2022-07-22 16:30:58'),
(675, NULL, 107, 165, NULL, 1, '2022-07-22 16:30:58'),
(676, NULL, 107, 166, NULL, 1, '2022-07-22 16:30:58'),
(677, NULL, 108, 160, NULL, 1, '2022-07-22 16:31:17'),
(678, NULL, 108, 161, NULL, 1, '2022-07-22 16:31:17'),
(679, NULL, 108, 162, NULL, 1, '2022-07-22 16:31:17'),
(680, NULL, 108, 163, NULL, 1, '2022-07-22 16:31:17'),
(681, NULL, 108, 164, NULL, 1, '2022-07-22 16:31:17'),
(682, NULL, 108, 165, NULL, 1, '2022-07-22 16:31:17'),
(683, NULL, 108, 166, NULL, 1, '2022-07-22 16:31:17'),
(684, NULL, 109, 167, NULL, 1, '2022-07-22 16:32:08'),
(685, NULL, 109, 168, NULL, 1, '2022-07-22 16:32:08'),
(686, NULL, 109, 169, NULL, 1, '2022-07-22 16:32:08'),
(687, NULL, 109, 170, NULL, 1, '2022-07-22 16:32:08'),
(688, NULL, 109, 171, NULL, 1, '2022-07-22 16:32:08'),
(689, NULL, 109, 172, NULL, 1, '2022-07-22 16:32:08'),
(690, NULL, 110, 167, NULL, 1, '2022-07-22 16:34:37'),
(691, NULL, 110, 168, NULL, 1, '2022-07-22 16:34:37'),
(692, NULL, 110, 169, NULL, 1, '2022-07-22 16:34:37'),
(693, NULL, 110, 170, NULL, 1, '2022-07-22 16:34:37'),
(694, NULL, 110, 171, NULL, 1, '2022-07-22 16:34:37'),
(695, NULL, 110, 172, NULL, 1, '2022-07-22 16:34:37'),
(696, NULL, 111, 173, NULL, 1, '2022-07-22 16:34:52'),
(697, NULL, 111, 174, NULL, 1, '2022-07-22 16:34:52'),
(698, NULL, 111, 175, NULL, 1, '2022-07-22 16:34:52'),
(699, NULL, 111, 176, NULL, 1, '2022-07-22 16:34:52'),
(700, NULL, 111, 177, NULL, 1, '2022-07-22 16:34:52'),
(701, NULL, 111, 178, NULL, 1, '2022-07-22 16:34:52'),
(702, NULL, 111, 179, NULL, 1, '2022-07-22 16:34:52'),
(703, NULL, 111, 180, NULL, 1, '2022-07-22 16:34:52'),
(704, NULL, 112, 173, NULL, 1, '2022-07-22 16:35:14'),
(705, NULL, 112, 174, NULL, 1, '2022-07-22 16:35:14'),
(706, NULL, 112, 175, NULL, 1, '2022-07-22 16:35:14'),
(707, NULL, 112, 176, NULL, 1, '2022-07-22 16:35:14'),
(708, NULL, 112, 177, NULL, 1, '2022-07-22 16:35:14'),
(709, NULL, 112, 178, NULL, 1, '2022-07-22 16:35:14'),
(710, NULL, 112, 179, NULL, 1, '2022-07-22 16:35:14'),
(711, NULL, 112, 180, NULL, 1, '2022-07-22 16:35:14'),
(712, NULL, 113, 181, NULL, 1, '2022-07-22 16:35:30'),
(713, NULL, 113, 182, NULL, 1, '2022-07-22 16:35:30'),
(714, NULL, 113, 183, NULL, 1, '2022-07-22 16:35:30'),
(715, NULL, 113, 184, NULL, 1, '2022-07-22 16:35:30'),
(716, NULL, 113, 185, NULL, 1, '2022-07-22 16:35:30'),
(717, NULL, 113, 186, NULL, 1, '2022-07-22 16:35:30'),
(718, NULL, 114, 187, NULL, 1, '2022-07-22 16:35:45'),
(719, NULL, 114, 188, NULL, 1, '2022-07-22 16:35:45'),
(720, NULL, 114, 189, NULL, 1, '2022-07-22 16:35:45'),
(721, NULL, 114, 190, NULL, 1, '2022-07-22 16:35:45'),
(722, NULL, 114, 191, NULL, 1, '2022-07-22 16:35:45'),
(723, NULL, 114, 192, NULL, 1, '2022-07-22 16:35:45'),
(724, NULL, 115, 2, NULL, 1, '2022-07-27 17:05:53'),
(725, NULL, 115, 3, NULL, 1, '2022-07-22 16:37:24'),
(726, NULL, 115, 4, NULL, 1, '2022-07-22 16:37:24'),
(727, NULL, 115, 5, NULL, 1, '2022-07-22 16:37:24'),
(728, NULL, 115, 6, NULL, 1, '2022-07-22 16:37:24'),
(729, NULL, 115, 7, NULL, 1, '2022-07-22 16:37:24'),
(730, NULL, 116, 2, NULL, 1, '2022-07-22 16:37:38'),
(731, NULL, 116, 3, NULL, 1, '2022-07-22 16:37:38'),
(732, NULL, 116, 4, NULL, 1, '2022-07-22 16:37:38'),
(733, NULL, 116, 5, NULL, 1, '2022-07-22 16:37:38'),
(734, NULL, 116, 6, NULL, 1, '2022-07-22 16:37:38'),
(735, NULL, 116, 7, NULL, 1, '2022-07-22 16:37:38'),
(736, 15, 117, 2, NULL, 1, '2022-07-27 23:16:06'),
(737, NULL, 117, 3, NULL, 1, '2022-07-22 16:37:58'),
(738, NULL, 117, 4, NULL, 1, '2022-07-22 16:37:58'),
(739, NULL, 117, 5, NULL, 1, '2022-07-22 16:37:58'),
(740, NULL, 117, 6, NULL, 1, '2022-07-22 16:37:58'),
(741, NULL, 117, 7, NULL, 1, '2022-07-22 16:37:58'),
(742, NULL, 118, 8, NULL, 1, '2022-07-22 16:38:11'),
(743, NULL, 118, 9, NULL, 1, '2022-07-22 16:38:11'),
(744, NULL, 118, 10, NULL, 1, '2022-07-22 16:38:11'),
(745, NULL, 118, 11, NULL, 1, '2022-07-22 16:38:11'),
(746, NULL, 118, 12, NULL, 1, '2022-07-22 16:38:11'),
(747, NULL, 119, 13, NULL, 1, '2022-07-22 16:38:26'),
(748, NULL, 119, 14, NULL, 1, '2022-07-22 16:38:26'),
(749, NULL, 119, 15, NULL, 1, '2022-07-22 16:38:26'),
(750, NULL, 119, 16, NULL, 1, '2022-07-22 16:38:26'),
(751, NULL, 119, 17, NULL, 1, '2022-07-22 16:38:26'),
(752, 16, 119, 18, NULL, 1, '2022-07-27 23:11:17'),
(753, NULL, 119, 19, NULL, 1, '2022-07-22 16:38:26'),
(754, NULL, 120, 26, NULL, 1, '2022-07-22 16:38:52'),
(755, 16, 120, 27, NULL, 1, '2022-07-27 23:12:14'),
(756, NULL, 120, 28, NULL, 1, '2022-07-22 16:38:52'),
(757, NULL, 120, 29, NULL, 1, '2022-07-22 16:38:52'),
(758, NULL, 120, 30, NULL, 1, '2022-07-22 16:38:52'),
(759, NULL, 120, 31, NULL, 1, '2022-07-22 16:38:52'),
(760, NULL, 120, 32, NULL, 1, '2022-07-22 16:38:52'),
(761, NULL, 121, 40, NULL, 1, '2022-07-22 16:39:34'),
(762, NULL, 121, 41, NULL, 1, '2022-07-22 16:39:34'),
(763, NULL, 121, 42, NULL, 1, '2022-07-22 16:39:34'),
(764, NULL, 121, 43, NULL, 1, '2022-07-22 16:39:34'),
(765, NULL, 121, 44, NULL, 1, '2022-07-22 16:39:34'),
(766, NULL, 121, 45, NULL, 1, '2022-07-22 16:39:34'),
(767, NULL, 121, 46, NULL, 1, '2022-07-22 16:39:34'),
(768, NULL, 121, 47, NULL, 1, '2022-07-22 16:39:34'),
(769, NULL, 122, 40, NULL, 1, '2022-07-22 16:39:48'),
(770, NULL, 122, 41, NULL, 1, '2022-07-22 16:39:48'),
(771, NULL, 122, 42, NULL, 1, '2022-07-22 16:39:48'),
(772, NULL, 122, 43, NULL, 1, '2022-07-22 16:39:48'),
(773, NULL, 122, 44, NULL, 1, '2022-07-22 16:39:48'),
(774, NULL, 122, 45, NULL, 1, '2022-07-22 16:39:48'),
(775, 15, 122, 46, NULL, 1, '2022-07-27 23:18:23'),
(776, NULL, 122, 47, NULL, 1, '2022-07-22 16:39:48'),
(777, NULL, 123, 40, NULL, 1, '2022-07-22 16:40:04'),
(778, NULL, 123, 41, NULL, 1, '2022-07-22 16:40:04'),
(779, NULL, 123, 42, NULL, 1, '2022-07-22 16:40:04'),
(780, NULL, 123, 43, NULL, 1, '2022-07-22 16:40:04'),
(781, NULL, 123, 44, NULL, 1, '2022-07-22 16:40:04'),
(782, NULL, 123, 45, NULL, 1, '2022-07-22 16:40:04'),
(783, 15, 123, 46, NULL, 1, '2022-07-27 23:19:45'),
(784, NULL, 123, 47, NULL, 1, '2022-07-22 16:40:04'),
(785, NULL, 124, 87, NULL, 1, '2022-07-22 16:40:33'),
(786, NULL, 124, 88, NULL, 1, '2022-07-22 16:40:33'),
(787, NULL, 124, 89, NULL, 1, '2022-07-22 16:40:33'),
(788, NULL, 124, 90, NULL, 1, '2022-07-22 16:40:33'),
(789, NULL, 124, 91, NULL, 1, '2022-07-22 16:40:33'),
(790, NULL, 124, 92, NULL, 1, '2022-07-22 16:40:33'),
(791, NULL, 125, 54, NULL, 1, '2022-07-22 16:40:50'),
(792, NULL, 125, 55, NULL, 1, '2022-07-22 16:40:50'),
(793, NULL, 125, 56, NULL, 1, '2022-07-22 16:40:50'),
(794, NULL, 125, 57, NULL, 1, '2022-07-22 16:40:50'),
(795, NULL, 125, 58, NULL, 1, '2022-07-22 16:40:50'),
(796, NULL, 125, 59, NULL, 1, '2022-07-22 16:40:50'),
(797, NULL, 125, 60, NULL, 1, '2022-07-22 16:40:50'),
(798, NULL, 126, 48, NULL, 1, '2022-07-22 16:41:23'),
(799, NULL, 126, 49, NULL, 1, '2022-07-22 16:41:23'),
(800, NULL, 126, 50, NULL, 1, '2022-07-22 16:41:23'),
(801, NULL, 126, 51, NULL, 1, '2022-07-22 16:41:23'),
(802, NULL, 126, 52, NULL, 1, '2022-07-22 16:41:23'),
(803, NULL, 126, 53, NULL, 1, '2022-07-22 16:41:23'),
(804, NULL, 127, 68, NULL, 1, '2022-07-22 16:41:38'),
(805, NULL, 127, 69, NULL, 1, '2022-07-22 16:41:38'),
(806, NULL, 127, 70, NULL, 1, '2022-07-22 16:41:38'),
(807, NULL, 127, 71, NULL, 1, '2022-07-22 16:41:38'),
(808, NULL, 127, 72, NULL, 1, '2022-07-22 16:41:38'),
(809, NULL, 127, 73, NULL, 1, '2022-07-22 16:41:38'),
(810, NULL, 128, 61, NULL, 1, '2022-07-22 16:41:50'),
(811, NULL, 128, 62, NULL, 1, '2022-07-22 16:41:50'),
(812, NULL, 128, 63, NULL, 1, '2022-07-22 16:41:50'),
(813, NULL, 128, 64, NULL, 1, '2022-07-22 16:41:50'),
(814, NULL, 128, 66, NULL, 1, '2022-07-22 16:41:50'),
(815, NULL, 128, 67, NULL, 1, '2022-07-22 16:41:50'),
(816, NULL, 129, 80, NULL, 1, '2022-07-22 16:42:11'),
(817, NULL, 129, 81, NULL, 1, '2022-07-22 16:42:11'),
(818, NULL, 129, 82, NULL, 1, '2022-07-22 16:42:11'),
(819, NULL, 129, 83, NULL, 1, '2022-07-22 16:42:11'),
(820, NULL, 129, 84, NULL, 1, '2022-07-22 16:42:11'),
(821, NULL, 129, 85, NULL, 1, '2022-07-22 16:42:11'),
(822, NULL, 129, 86, NULL, 1, '2022-07-22 16:42:11'),
(823, NULL, 130, 80, NULL, 1, '2022-07-22 16:44:51'),
(824, NULL, 130, 81, NULL, 1, '2022-07-22 16:44:51'),
(825, NULL, 130, 82, NULL, 1, '2022-07-22 16:44:51'),
(826, NULL, 130, 83, NULL, 1, '2022-07-22 16:44:51'),
(827, NULL, 130, 84, NULL, 1, '2022-07-22 16:44:51'),
(828, 15, 130, 85, NULL, 1, '2022-07-27 23:16:45'),
(829, NULL, 130, 86, NULL, 1, '2022-07-22 16:44:51'),
(830, NULL, 131, 80, NULL, 1, '2022-07-22 16:45:03'),
(831, NULL, 131, 81, NULL, 1, '2022-07-22 16:45:03'),
(832, NULL, 131, 82, NULL, 1, '2022-07-22 16:45:03'),
(833, NULL, 131, 83, NULL, 1, '2022-07-22 16:45:03'),
(834, NULL, 131, 84, NULL, 1, '2022-07-22 16:45:03'),
(835, 15, 131, 85, NULL, 1, '2022-07-27 23:17:15'),
(836, NULL, 131, 86, NULL, 1, '2022-07-22 16:45:03'),
(837, NULL, 132, 93, NULL, 1, '2022-07-22 16:45:17'),
(838, NULL, 132, 94, NULL, 1, '2022-07-22 16:45:17'),
(839, NULL, 132, 95, NULL, 1, '2022-07-22 16:45:17'),
(840, NULL, 132, 96, NULL, 1, '2022-07-22 16:45:17'),
(841, NULL, 132, 97, NULL, 1, '2022-07-22 16:45:17'),
(842, NULL, 132, 98, NULL, 1, '2022-07-22 16:45:17'),
(843, NULL, 132, 99, NULL, 1, '2022-07-22 16:45:17'),
(844, NULL, 132, 100, NULL, 1, '2022-07-22 16:45:17'),
(845, NULL, 133, 115, NULL, 1, '2022-07-22 16:45:51'),
(846, NULL, 133, 116, NULL, 1, '2022-07-22 16:45:51'),
(847, NULL, 133, 117, NULL, 1, '2022-07-22 16:45:51'),
(848, NULL, 133, 118, NULL, 1, '2022-07-22 16:45:51'),
(849, NULL, 133, 119, NULL, 1, '2022-07-22 16:45:51'),
(850, NULL, 133, 120, NULL, 1, '2022-07-22 16:45:51'),
(851, NULL, 134, 121, NULL, 1, '2022-07-22 16:46:21'),
(852, NULL, 134, 122, NULL, 1, '2022-07-22 16:46:21'),
(853, NULL, 134, 123, NULL, 1, '2022-07-22 16:46:21'),
(854, NULL, 134, 124, NULL, 1, '2022-07-22 16:46:21'),
(855, NULL, 134, 125, NULL, 1, '2022-07-22 16:46:21'),
(856, NULL, 134, 126, NULL, 1, '2022-07-22 16:46:21'),
(857, NULL, 134, 127, NULL, 1, '2022-07-22 16:46:21'),
(858, NULL, 135, 121, NULL, 1, '2022-07-22 16:46:38'),
(859, NULL, 135, 122, NULL, 1, '2022-07-22 16:46:38'),
(860, NULL, 135, 123, NULL, 1, '2022-07-22 16:46:38'),
(861, NULL, 135, 124, NULL, 1, '2022-07-22 16:46:38'),
(862, NULL, 135, 125, NULL, 1, '2022-07-22 16:46:38'),
(863, NULL, 135, 126, NULL, 1, '2022-07-22 16:46:38'),
(864, NULL, 135, 127, NULL, 1, '2022-07-22 16:46:38'),
(865, NULL, 136, 121, NULL, 1, '2022-07-22 16:46:50'),
(866, NULL, 136, 122, NULL, 1, '2022-07-22 16:46:50'),
(867, NULL, 136, 123, NULL, 1, '2022-07-22 16:46:50'),
(868, NULL, 136, 124, NULL, 1, '2022-07-22 16:46:50'),
(869, NULL, 136, 125, NULL, 1, '2022-07-22 16:46:50'),
(870, NULL, 136, 126, NULL, 1, '2022-07-22 16:46:50'),
(871, NULL, 136, 127, NULL, 1, '2022-07-22 16:46:50'),
(872, NULL, 137, 121, NULL, 1, '2022-07-22 16:47:10'),
(873, NULL, 137, 122, NULL, 1, '2022-07-22 16:47:10'),
(874, NULL, 137, 123, NULL, 1, '2022-07-22 16:47:10'),
(875, NULL, 137, 124, NULL, 1, '2022-07-22 16:47:10'),
(876, NULL, 137, 125, NULL, 1, '2022-07-22 16:47:10'),
(877, NULL, 137, 126, NULL, 1, '2022-07-22 16:47:10'),
(878, NULL, 137, 127, NULL, 1, '2022-07-22 16:47:10'),
(879, NULL, 138, 121, NULL, 1, '2022-07-22 16:47:29'),
(880, NULL, 138, 122, NULL, 1, '2022-07-22 16:47:29'),
(881, NULL, 138, 123, NULL, 1, '2022-07-22 16:47:29'),
(882, NULL, 138, 124, NULL, 1, '2022-07-22 16:47:29'),
(883, NULL, 138, 125, NULL, 1, '2022-07-22 16:47:29'),
(884, NULL, 138, 126, NULL, 1, '2022-07-22 16:47:29'),
(885, NULL, 138, 127, NULL, 1, '2022-07-22 16:47:29'),
(886, NULL, 139, 121, NULL, 1, '2022-07-22 16:47:54'),
(887, NULL, 139, 122, NULL, 1, '2022-07-22 16:47:54'),
(888, NULL, 139, 123, NULL, 1, '2022-07-22 16:47:54'),
(889, NULL, 139, 124, NULL, 1, '2022-07-22 16:47:54'),
(890, NULL, 139, 125, NULL, 1, '2022-07-22 16:47:54'),
(891, NULL, 139, 126, NULL, 1, '2022-07-22 16:47:54'),
(892, NULL, 139, 127, NULL, 1, '2022-07-22 16:47:54'),
(893, NULL, 140, 128, NULL, 1, '2022-07-22 16:48:28'),
(894, NULL, 140, 129, NULL, 1, '2022-07-22 16:48:28'),
(895, NULL, 140, 130, NULL, 1, '2022-07-22 16:48:28'),
(896, NULL, 140, 131, NULL, 1, '2022-07-22 16:48:28'),
(897, NULL, 140, 132, NULL, 1, '2022-07-22 16:48:28'),
(898, NULL, 140, 133, NULL, 1, '2022-07-22 16:48:28'),
(899, NULL, 141, 128, NULL, 1, '2022-07-22 16:48:42'),
(900, NULL, 141, 129, NULL, 1, '2022-07-22 16:48:42'),
(901, NULL, 141, 130, NULL, 1, '2022-07-22 16:48:42'),
(902, NULL, 141, 131, NULL, 1, '2022-07-22 16:48:42'),
(903, NULL, 141, 132, NULL, 1, '2022-07-22 16:48:42'),
(904, NULL, 141, 133, NULL, 1, '2022-07-22 16:48:42'),
(905, NULL, 142, 134, NULL, 1, '2022-07-22 16:49:03'),
(906, NULL, 142, 135, NULL, 1, '2022-07-22 16:49:03'),
(907, NULL, 142, 136, NULL, 1, '2022-07-22 16:49:03'),
(908, NULL, 142, 137, NULL, 1, '2022-07-22 16:49:03'),
(909, NULL, 142, 138, NULL, 1, '2022-07-22 16:49:03'),
(910, NULL, 142, 139, NULL, 1, '2022-07-22 16:49:03'),
(911, NULL, 142, 140, NULL, 1, '2022-07-22 16:49:03'),
(912, NULL, 143, 134, NULL, 1, '2022-07-22 16:49:20'),
(913, NULL, 143, 135, NULL, 1, '2022-07-22 16:49:20'),
(914, NULL, 143, 136, NULL, 1, '2022-07-22 16:49:20'),
(915, NULL, 143, 137, NULL, 1, '2022-07-22 16:49:20'),
(916, NULL, 143, 138, NULL, 1, '2022-07-22 16:49:20'),
(917, NULL, 143, 139, NULL, 1, '2022-07-22 16:49:20'),
(918, NULL, 143, 140, NULL, 1, '2022-07-22 16:49:20'),
(919, NULL, 144, 141, NULL, 1, '2022-07-22 16:49:49'),
(920, NULL, 144, 142, NULL, 1, '2022-07-22 16:49:49'),
(921, NULL, 144, 143, NULL, 1, '2022-07-22 16:49:49'),
(922, NULL, 144, 144, NULL, 1, '2022-07-22 16:49:49'),
(923, NULL, 144, 145, NULL, 1, '2022-07-22 16:49:49'),
(924, NULL, 145, 146, NULL, 1, '2022-07-22 16:50:01'),
(925, NULL, 145, 147, NULL, 1, '2022-07-22 16:50:01'),
(926, NULL, 145, 148, NULL, 1, '2022-07-22 16:50:01'),
(927, NULL, 145, 149, NULL, 1, '2022-07-22 16:50:01'),
(928, NULL, 145, 150, NULL, 1, '2022-07-22 16:50:01'),
(929, NULL, 145, 151, NULL, 1, '2022-07-22 16:50:01'),
(930, NULL, 145, 152, NULL, 1, '2022-07-22 16:50:01'),
(931, NULL, 146, 153, NULL, 1, '2022-07-22 16:50:13'),
(932, NULL, 146, 154, NULL, 1, '2022-07-22 16:50:13'),
(933, NULL, 146, 155, NULL, 1, '2022-07-22 16:50:13'),
(934, NULL, 146, 156, NULL, 1, '2022-07-22 16:50:13'),
(935, NULL, 146, 157, NULL, 1, '2022-07-22 16:50:13'),
(936, NULL, 146, 158, NULL, 1, '2022-07-22 16:50:13'),
(937, NULL, 146, 159, NULL, 1, '2022-07-22 16:50:13'),
(938, NULL, 147, 160, NULL, 1, '2022-07-22 16:50:38'),
(939, NULL, 147, 161, NULL, 1, '2022-07-22 16:50:38'),
(940, NULL, 147, 162, NULL, 1, '2022-07-22 16:50:38'),
(941, NULL, 147, 163, NULL, 1, '2022-07-22 16:50:38'),
(942, NULL, 147, 164, NULL, 1, '2022-07-22 16:50:38'),
(943, NULL, 147, 165, NULL, 1, '2022-07-22 16:50:38'),
(944, NULL, 147, 166, NULL, 1, '2022-07-22 16:50:38'),
(945, NULL, 148, 160, NULL, 1, '2022-07-22 16:50:48'),
(946, NULL, 148, 161, NULL, 1, '2022-07-22 16:50:48'),
(947, NULL, 148, 162, NULL, 1, '2022-07-22 16:50:48'),
(948, NULL, 148, 163, NULL, 1, '2022-07-22 16:50:48'),
(949, NULL, 148, 164, NULL, 1, '2022-07-22 16:50:48'),
(950, NULL, 148, 165, NULL, 1, '2022-07-22 16:50:48'),
(951, NULL, 148, 166, NULL, 1, '2022-07-22 16:50:48'),
(952, NULL, 149, 160, NULL, 1, '2022-07-22 16:51:00'),
(953, NULL, 149, 161, NULL, 1, '2022-07-22 16:51:00'),
(954, NULL, 149, 162, NULL, 1, '2022-07-22 16:51:00'),
(955, NULL, 149, 163, NULL, 1, '2022-07-22 16:51:00'),
(956, NULL, 149, 164, NULL, 1, '2022-07-22 16:51:00'),
(957, NULL, 149, 165, NULL, 1, '2022-07-22 16:51:00'),
(958, NULL, 149, 166, NULL, 1, '2022-07-22 16:51:00'),
(959, NULL, 150, 167, NULL, 1, '2022-07-22 16:51:34'),
(960, NULL, 150, 168, NULL, 1, '2022-07-22 16:51:34'),
(961, NULL, 150, 169, NULL, 1, '2022-07-22 16:51:34'),
(962, NULL, 150, 170, NULL, 1, '2022-07-22 16:51:34'),
(963, NULL, 150, 171, NULL, 1, '2022-07-22 16:51:34'),
(964, NULL, 150, 172, NULL, 1, '2022-07-22 16:51:34'),
(965, NULL, 151, 167, NULL, 1, '2022-07-22 16:51:52'),
(966, NULL, 151, 168, NULL, 1, '2022-07-22 16:51:52'),
(967, NULL, 151, 169, NULL, 1, '2022-07-22 16:51:52'),
(968, NULL, 151, 170, NULL, 1, '2022-07-22 16:51:52'),
(969, NULL, 151, 171, NULL, 1, '2022-07-22 16:51:52'),
(970, NULL, 151, 172, NULL, 1, '2022-07-22 16:51:52'),
(971, NULL, 152, 173, NULL, 1, '2022-07-22 16:52:07'),
(972, NULL, 152, 174, NULL, 1, '2022-07-22 16:52:07'),
(973, NULL, 152, 175, NULL, 1, '2022-07-22 16:52:07'),
(974, NULL, 152, 176, NULL, 1, '2022-07-22 16:52:07'),
(975, NULL, 152, 177, NULL, 1, '2022-07-22 16:52:07'),
(976, NULL, 152, 178, NULL, 1, '2022-07-22 16:52:07'),
(977, NULL, 152, 179, NULL, 1, '2022-07-22 16:52:07'),
(978, NULL, 152, 180, NULL, 1, '2022-07-22 16:52:07'),
(979, NULL, 153, 173, NULL, 1, '2022-07-22 16:52:21'),
(980, NULL, 153, 174, NULL, 1, '2022-07-22 16:52:21'),
(981, NULL, 153, 175, NULL, 1, '2022-07-22 16:52:21'),
(982, NULL, 153, 176, NULL, 1, '2022-07-22 16:52:21'),
(983, NULL, 153, 177, NULL, 1, '2022-07-22 16:52:21'),
(984, NULL, 153, 178, NULL, 1, '2022-07-22 16:52:21'),
(985, NULL, 153, 179, NULL, 1, '2022-07-22 16:52:21'),
(986, NULL, 153, 180, NULL, 1, '2022-07-22 16:52:21'),
(987, NULL, 154, 181, NULL, 1, '2022-07-22 16:52:36'),
(988, NULL, 154, 182, NULL, 1, '2022-07-22 16:52:36'),
(989, NULL, 154, 183, NULL, 1, '2022-07-22 16:52:36'),
(990, NULL, 154, 184, NULL, 1, '2022-07-22 16:52:36'),
(991, NULL, 154, 185, NULL, 1, '2022-07-22 16:52:36'),
(992, NULL, 154, 186, NULL, 1, '2022-07-22 16:52:36');
INSERT INTO `horario_curso` (`idHorarioCurso`, `idPersonalHor`, `idSeccionHor`, `idCursoHor`, `linkCurso`, `estadoCursoSeccion`, `fechaCursoSeccion`) VALUES
(993, NULL, 155, 187, NULL, 1, '2022-07-22 16:52:52'),
(994, NULL, 155, 188, NULL, 1, '2022-07-22 16:52:52'),
(995, NULL, 155, 189, NULL, 1, '2022-07-22 16:52:52'),
(996, NULL, 155, 190, NULL, 1, '2022-07-22 16:52:52'),
(997, NULL, 155, 191, NULL, 1, '2022-07-22 16:52:52'),
(998, NULL, 155, 192, NULL, 1, '2022-07-22 16:52:52');

-- --------------------------------------------------------

--
-- Estructura de tabla para la tabla `locales`
--

CREATE TABLE `locales` (
  `idLocal` int(11) NOT NULL,
  `idSedeLocal` int(11) DEFAULT NULL,
  `codigoModular` varchar(45) NOT NULL,
  `codigoLocal` varchar(45) NOT NULL,
  `departamento` varchar(100) NOT NULL,
  `provincia` varchar(100) NOT NULL,
  `distrito` varchar(100) NOT NULL,
  `direccion` text NOT NULL,
  `estadoLocal` tinyint(1) NOT NULL DEFAULT 1,
  `estadoDel` tinyint(4) NOT NULL,
  `fechaRegistro` timestamp NOT NULL DEFAULT current_timestamp() ON UPDATE current_timestamp()
) ENGINE=InnoDB DEFAULT CHARSET=utf8;

--
-- Volcado de datos para la tabla `locales`
--

INSERT INTO `locales` (`idLocal`, `idSedeLocal`, `codigoModular`, `codigoLocal`, `departamento`, `provincia`, `distrito`, `direccion`, `estadoLocal`, `estadoDel`, `fechaRegistro`) VALUES
(3, 5, '1536663', '1234561', '{\"ubigeo\":\"3518\",\"nombre\":\"Huanuco\"}', '{\"ubigeo\":\"3519\",\"nombre\":\"Huanuco\"}', '{\"ubigeo\":\"3520\",\"nombre\":\"Huanuco\"}', 'JR. BOLIVAR N° 449-451', 1, 0, '2022-07-06 14:07:20'),
(4, 6, '1536663', '123456', '{\"ubigeo\":\"4567\",\"nombre\":\"Ucayali\"}', '{\"ubigeo\":\"4568\",\"nombre\":\"Coronel Portillo\"}', '{\"ubigeo\":\"4569\",\"nombre\":\"Calleria\"}', 'JR. RAYMONDI N° 705', 1, 0, '2022-07-21 22:33:23'),
(5, 7, '1536663', '123456', '{\"ubigeo\":\"3518\",\"nombre\":\"Huanuco\"}', '{\"ubigeo\":\"3567\",\"nombre\":\"Leoncio Prado\"}', '{\"ubigeo\":\"3568\",\"nombre\":\"Rupa-Rupa\"}', 'AV. JOSE OLAYA N° 237', 1, 0, '2022-07-21 22:31:14');

-- --------------------------------------------------------

--
-- Estructura de tabla para la tabla `local_carrera`
--

CREATE TABLE `local_carrera` (
  `idLocalCarrera` int(11) NOT NULL,
  `idLocal` int(11) DEFAULT NULL,
  `idCarrera` int(11) DEFAULT NULL,
  `estado` tinyint(1) DEFAULT 1,
  `fechaRegistro` timestamp NULL DEFAULT current_timestamp()
) ENGINE=InnoDB DEFAULT CHARSET=utf8;

--
-- Volcado de datos para la tabla `local_carrera`
--

INSERT INTO `local_carrera` (`idLocalCarrera`, `idLocal`, `idCarrera`, `estado`, `fechaRegistro`) VALUES
(5, 3, 6, 1, '2022-07-06 13:45:56'),
(6, 3, 7, 1, '2022-07-06 13:46:01'),
(7, 3, 8, 1, '2022-07-06 14:01:13'),
(8, 4, 6, 1, '2022-07-08 17:11:51'),
(9, 4, 7, 1, '2022-07-08 17:11:56'),
(10, 4, 5, 1, '2022-07-08 17:12:01'),
(11, 4, 9, 1, '2022-07-08 17:12:06'),
(12, 3, 5, 1, '2022-07-21 22:34:30'),
(13, 3, 9, 1, '2022-07-21 22:34:46'),
(14, 5, 6, 1, '2022-07-21 22:34:54'),
(15, 5, 7, 1, '2022-07-21 22:34:58'),
(16, 5, 5, 1, '2022-07-21 22:35:03'),
(17, 5, 9, 1, '2022-07-21 22:35:07'),
(18, 5, 8, 1, '2022-07-21 22:35:13'),
(19, 4, 8, 1, '2022-07-21 22:35:36');

-- --------------------------------------------------------

--
-- Estructura de tabla para la tabla `pagos`
--

CREATE TABLE `pagos` (
  `idPago` int(11) NOT NULL,
  `idPersonalPago` int(11) DEFAULT NULL,
  `montoPago` decimal(10,2) NOT NULL,
  `horas` int(11) NOT NULL,
  `minutis` int(11) NOT NULL
) ENGINE=InnoDB DEFAULT CHARSET=utf8;

-- --------------------------------------------------------

--
-- Estructura de tabla para la tabla `periodos`
--

CREATE TABLE `periodos` (
  `idPeriodo` int(11) NOT NULL,
  `etapaPeriodo` int(11) NOT NULL,
  `yearPeriodo` int(11) NOT NULL,
  `nombrePeriodo` varchar(45) NOT NULL,
  `fechaInicio` date NOT NULL,
  `fechaFin` date NOT NULL,
  `estadoPeriodo` tinyint(4) NOT NULL,
  `fechaRegistro` timestamp NOT NULL DEFAULT current_timestamp() ON UPDATE current_timestamp()
) ENGINE=InnoDB DEFAULT CHARSET=utf8;

--
-- Volcado de datos para la tabla `periodos`
--

INSERT INTO `periodos` (`idPeriodo`, `etapaPeriodo`, `yearPeriodo`, `nombrePeriodo`, `fechaInicio`, `fechaFin`, `estadoPeriodo`, `fechaRegistro`) VALUES
(1, 1, 2022, 'PL - 2022 - 1', '2022-04-11', '2022-08-31', 1, '2022-07-06 14:43:32');

-- --------------------------------------------------------

--
-- Estructura de tabla para la tabla `personal`
--

CREATE TABLE `personal` (
  `idPersonal` int(11) NOT NULL,
  `idPersonaPersonal` int(11) DEFAULT NULL,
  `idCargo` int(11) DEFAULT NULL,
  `profesionPersonal` varchar(200) DEFAULT NULL,
  `correoPersonal` varchar(200) DEFAULT NULL,
  `celularPersonal` text DEFAULT NULL,
  `direccionPersonal` text DEFAULT NULL,
  `fechaNac` date DEFAULT NULL,
  `fechaIngresoPersonal` date DEFAULT NULL,
  `fechaSalidaPersonal` date DEFAULT NULL,
  `bancoPersonal` varchar(200) DEFAULT NULL,
  `numCuentaPersonal` varchar(20) DEFAULT NULL,
  `tipoPago` tinyint(4) DEFAULT NULL,
  `montoPago` decimal(10,2) DEFAULT NULL,
  `estadoPersonal` tinyint(1) NOT NULL DEFAULT 1,
  `fechaPersonal` timestamp NOT NULL DEFAULT current_timestamp() ON UPDATE current_timestamp()
) ENGINE=InnoDB DEFAULT CHARSET=utf8;

--
-- Volcado de datos para la tabla `personal`
--

INSERT INTO `personal` (`idPersonal`, `idPersonaPersonal`, `idCargo`, `profesionPersonal`, `correoPersonal`, `celularPersonal`, `direccionPersonal`, `fechaNac`, `fechaIngresoPersonal`, `fechaSalidaPersonal`, `bancoPersonal`, `numCuentaPersonal`, `tipoPago`, `montoPago`, `estadoPersonal`, `fechaPersonal`) VALUES
(11, 2, 2, 'ING SISTEMAS', 'cristian0073@hotmail.com', '[\"950853889\"]', 'jr. micaela bastidas psj jose rodrigues 134', '1996-12-31', '2022-04-01', NULL, 'SCOTIABANK', '358-0610529', 1, '2300.00', 1, '2022-07-27 21:27:54'),
(15, 12, 1, 'DOCENTE', 'prof.rrodriguez@institutofibonacci.com', '[\"943050945\"]', 'JR. F URB MUNICIPAL MZ. B-1 LT. 18', '1971-08-25', '2022-04-11', NULL, NULL, NULL, NULL, NULL, 1, '2022-07-27 22:31:16'),
(16, 13, 1, 'CONTADOR', 'prof.rbrito@institutofibonacci.com', '[\"961556370\"]', 'JR.DIEGO DE ALMAGRO 147', '1973-06-16', '2022-04-11', NULL, NULL, NULL, NULL, NULL, 1, '2022-07-27 22:31:11'),
(17, 14, 1, 'LIC.ADMINISTRACION', 'prof.etrinidad@institutofibonacci.com', '[\"989991462\"]', 'CALLE LOS FICUS 370 MZ. 27 LT. 14 URB. ', '1976-05-09', '2022-04-11', NULL, NULL, NULL, NULL, NULL, 1, '2022-07-27 22:31:26'),
(18, 15, 1, 'CONTADOR', 'profrangulo@institutofibonacci.com', '[\"952858034\"]', 'JR. SAN MARTIN DE PORRAS L-20', '1973-03-03', '2022-04-11', NULL, NULL, NULL, NULL, NULL, 1, '2022-07-27 22:31:05');

-- --------------------------------------------------------

--
-- Estructura de tabla para la tabla `personas`
--

CREATE TABLE `personas` (
  `idPersona` int(11) NOT NULL,
  `dniPersona` varchar(15) NOT NULL,
  `nombresPersona` varchar(100) NOT NULL,
  `apellidoPaternoPersona` varchar(100) NOT NULL,
  `apellidoMaternoPersona` varchar(100) NOT NULL,
  `fechaRegistro` timestamp NOT NULL DEFAULT current_timestamp() ON UPDATE current_timestamp()
) ENGINE=InnoDB DEFAULT CHARSET=utf8;

--
-- Volcado de datos para la tabla `personas`
--

INSERT INTO `personas` (`idPersona`, `dniPersona`, `nombresPersona`, `apellidoPaternoPersona`, `apellidoMaternoPersona`, `fechaRegistro`) VALUES
(2, '72884584', 'CHRISTIAN IMER', 'VILCA', 'JUSTINIANO', '2022-07-05 17:19:56'),
(4, '21870344', 'WILLIAM JOSE', 'AEDO', 'VILLAGARAY', '2022-07-06 22:55:39'),
(5, '10701906', 'OVIDIO', 'AGUI', 'FABIAN', '2022-07-06 22:59:30'),
(6, '44907452', 'JONATHAN BELLAMY', 'ALBORNOZ', 'GONZALES', '2022-07-07 16:34:27'),
(7, '45423227', 'SINDY MARISOL', 'ALBORNOZ', 'LEON', '2022-07-07 16:38:54'),
(8, '42118643', 'CHRISTIAN', 'ALVARADO', 'PAJUELO', '2022-07-07 16:46:38'),
(9, '44240980', 'GERSSON RICARDO', 'ALVAREZ', 'RENGIFO', '2022-07-07 21:12:43'),
(10, '42574031', 'JULIO CESAR', 'AMBROCIO', 'HUACHO', '2022-07-07 23:13:09'),
(11, '45352662', 'SINDY CESSIA', 'ALBORNOZ', 'CORI', '2022-07-22 17:24:49'),
(12, '00094311', 'ROGER', 'RODRIGUEZ', 'DEL AGUILA', '2022-07-27 22:10:33'),
(13, '00101340', 'RAUL ANTONIO', 'BRITTO', 'SANCHEZ', '2022-07-27 22:14:17'),
(14, '04031390', 'ELEAZAR ANIBAL', 'TRINIDAD', 'MARCELO', '2022-07-27 22:15:49'),
(15, '04073664', 'RUBIN JESUS', 'ANGULO', 'RIVERA', '2022-07-27 22:26:45');

-- --------------------------------------------------------

--
-- Estructura de tabla para la tabla `plan_lectivo`
--

CREATE TABLE `plan_lectivo` (
  `idPlan` int(11) NOT NULL,
  `nombrePlan` varchar(100) NOT NULL,
  `estadoPlan` tinyint(4) NOT NULL,
  `estadoDel` tinyint(4) NOT NULL,
  `fechaPlan` timestamp NOT NULL DEFAULT current_timestamp() ON UPDATE current_timestamp()
) ENGINE=InnoDB DEFAULT CHARSET=utf8;

--
-- Volcado de datos para la tabla `plan_lectivo`
--

INSERT INTO `plan_lectivo` (`idPlan`, `nombrePlan`, `estadoPlan`, `estadoDel`, `fechaPlan`) VALUES
(1, 'Nuevo plan 2019', 1, 1, '2022-07-05 20:58:05');

-- --------------------------------------------------------

--
-- Estructura de tabla para la tabla `reprogramacion`
--

CREATE TABLE `reprogramacion` (
  `idReprogramacion` int(11) NOT NULL,
  `idHorCurso` int(11) DEFAULT NULL,
  `fecha` date DEFAULT NULL,
  `fechaReprogramacion` date DEFAULT NULL,
  `horaIngreso` time DEFAULT NULL,
  `horaSalida` time DEFAULT NULL,
  `estado` tinyint(1) DEFAULT 1,
  `fechaProgramacion` timestamp NOT NULL DEFAULT current_timestamp() ON UPDATE current_timestamp()
) ENGINE=InnoDB DEFAULT CHARSET=utf8;

--
-- Volcado de datos para la tabla `reprogramacion`
--

INSERT INTO `reprogramacion` (`idReprogramacion`, `idHorCurso`, `fecha`, `fechaReprogramacion`, `horaIngreso`, `horaSalida`, `estado`, `fechaProgramacion`) VALUES
(4, 51, '2022-07-25', '2022-07-27', '10:29:00', '14:29:00', 1, '2022-07-26 15:47:26');

-- --------------------------------------------------------

--
-- Estructura de tabla para la tabla `roles`
--

CREATE TABLE `roles` (
  `idRol` int(11) NOT NULL,
  `nombreRol` varchar(45) NOT NULL,
  `descripcionRol` text NOT NULL
) ENGINE=InnoDB DEFAULT CHARSET=utf8;

--
-- Volcado de datos para la tabla `roles`
--

INSERT INTO `roles` (`idRol`, `nombreRol`, `descripcionRol`) VALUES
(2, 'ADMINISTRADOR', '');

-- --------------------------------------------------------

--
-- Estructura de tabla para la tabla `seccion`
--

CREATE TABLE `seccion` (
  `idSeccion` int(11) NOT NULL,
  `idSeccionLocal` int(11) DEFAULT NULL,
  `idPeriodoSeccion` int(11) DEFAULT NULL,
  `nombreSeccion` varchar(20) NOT NULL,
  `turno` varchar(20) NOT NULL,
  `cicloSeccion` int(11) NOT NULL,
  `estado` tinyint(1) DEFAULT 1,
  `fechaRegistro` timestamp NOT NULL DEFAULT current_timestamp() ON UPDATE current_timestamp()
) ENGINE=InnoDB DEFAULT CHARSET=utf8;

--
-- Volcado de datos para la tabla `seccion`
--

INSERT INTO `seccion` (`idSeccion`, `idSeccionLocal`, `idPeriodoSeccion`, `nombreSeccion`, `turno`, `cicloSeccion`, `estado`, `fechaRegistro`) VALUES
(11, 5, 1, 'I - A', 'M', 1, 1, '2022-07-21 22:37:45'),
(12, 5, 1, 'I - C', 'N', 1, 1, '2022-07-22 16:09:23'),
(13, 5, 1, 'I - B', 'T', 1, 1, '2022-07-22 16:09:18'),
(14, 5, 1, 'II - A', 'M', 2, 1, '2022-07-21 22:39:51'),
(15, 5, 1, 'II - B', 'N', 2, 1, '2022-07-21 22:41:15'),
(16, 5, 1, 'III - A', 'M', 3, 1, '2022-07-21 22:42:10'),
(17, 5, 1, 'III - B', 'N', 3, 1, '2022-07-21 22:42:43'),
(18, 5, 1, 'IV', 'N', 4, 1, '2022-07-21 22:43:21'),
(19, 5, 1, 'V', 'N', 5, 1, '2022-07-21 22:44:03'),
(20, 5, 1, 'VI', 'N', 6, 1, '2022-07-21 22:45:21'),
(21, 6, 1, 'I - A', 'M', 1, 1, '2022-07-21 22:46:04'),
(22, 6, 1, 'I - B', 'T', 1, 1, '2022-07-21 22:46:39'),
(23, 6, 1, 'I - C', 'N', 1, 1, '2022-07-21 22:47:03'),
(24, 6, 1, 'II', 'N', 2, 1, '2022-07-21 22:49:26'),
(25, 6, 1, 'III', 'N', 3, 1, '2022-07-21 22:50:09'),
(26, 6, 1, 'IV', 'N', 4, 1, '2022-07-21 22:50:51'),
(27, 6, 1, 'V', 'N', 5, 1, '2022-07-21 22:51:18'),
(28, 6, 1, 'VI', 'N', 6, 1, '2022-07-21 22:51:51'),
(29, 12, 1, 'I - A', 'M', 1, 1, '2022-07-21 22:52:41'),
(30, 12, 1, 'I - B', 'T', 1, 1, '2022-07-21 22:53:16'),
(31, 12, 1, 'I - C', 'N', 1, 1, '2022-07-21 22:53:31'),
(32, 12, 1, 'II', 'N', 2, 1, '2022-07-21 22:53:53'),
(33, 12, 1, 'III - A', 'M', 3, 1, '2022-07-21 22:54:47'),
(34, 12, 1, 'III - B', 'N', 3, 1, '2022-07-21 22:57:26'),
(35, 12, 1, 'IV', 'N', 4, 1, '2022-07-21 22:57:47'),
(36, 12, 1, 'V', 'N', 5, 1, '2022-07-21 22:58:20'),
(37, 12, 1, 'VI', 'N', 6, 1, '2022-07-21 22:59:18'),
(38, 13, 1, 'I - A', 'M', 1, 1, '2022-07-21 23:00:00'),
(39, 13, 1, 'I - B', 'M', 1, 1, '2022-07-21 23:00:36'),
(40, 13, 1, 'I - C', 'M', 1, 1, '2022-07-21 23:01:16'),
(41, 13, 1, 'I - D', 'M', 1, 1, '2022-07-21 23:01:31'),
(42, 13, 1, 'I - E', 'M', 1, 1, '2022-07-21 23:01:55'),
(43, 13, 1, 'I - F', 'T', 1, 1, '2022-07-21 23:02:09'),
(44, 13, 1, 'I - G', 'T', 1, 1, '2022-07-21 23:02:27'),
(45, 13, 1, 'I - H', 'T', 1, 1, '2022-07-21 23:02:50'),
(46, 13, 1, 'I - I', 'N', 1, 1, '2022-07-21 23:03:16'),
(47, 13, 1, 'II - A', 'M', 2, 1, '2022-07-21 23:04:18'),
(48, 13, 1, 'II - B', 'N', 2, 1, '2022-07-21 23:05:02'),
(49, 13, 1, 'III - A', 'M', 3, 1, '2022-07-21 23:05:25'),
(50, 13, 1, 'III - B', 'M', 3, 1, '2022-07-21 23:06:08'),
(51, 13, 1, 'III - C', 'N', 3, 1, '2022-07-21 23:06:24'),
(52, 13, 1, 'III - D', 'N', 3, 1, '2022-07-21 23:06:41'),
(53, 13, 1, 'IV', 'N', 4, 1, '2022-07-21 23:06:57'),
(54, 13, 1, 'V - A', 'N', 5, 1, '2022-07-21 23:08:13'),
(55, 13, 1, 'V - B', 'N', 5, 1, '2022-07-21 23:09:18'),
(56, 13, 1, 'VI', 'N', 6, 1, '2022-07-21 23:09:47'),
(57, 7, 1, 'I - A', 'M', 1, 1, '2022-07-21 23:11:20'),
(58, 7, 1, 'I - B', 'M', 1, 1, '2022-07-21 23:12:05'),
(59, 7, 1, 'I - C', 'T', 1, 1, '2022-07-21 23:12:24'),
(60, 7, 1, 'I - D', 'T', 1, 1, '2022-07-21 23:12:47'),
(61, 7, 1, 'I - E', 'N', 1, 1, '2022-07-21 23:13:06'),
(62, 7, 1, 'II - A', 'M', 2, 1, '2022-07-21 23:13:40'),
(63, 7, 1, 'II - B', 'N', 2, 1, '2022-07-21 23:14:47'),
(64, 7, 1, 'II - C', 'N', 2, 1, '2022-07-21 23:15:07'),
(65, 7, 1, 'III - A', 'M', 3, 1, '2022-07-21 23:15:42'),
(66, 7, 1, 'III - B', 'N', 3, 1, '2022-07-21 23:16:21'),
(67, 7, 1, 'IV', 'N', 4, 1, '2022-07-21 23:16:43'),
(68, 7, 1, 'V', 'N', 5, 1, '2022-07-21 23:17:21'),
(69, 7, 1, 'VI', 'N', 6, 1, '2022-07-21 23:17:51'),
(70, 14, 1, 'I - A', 'M', 1, 1, '2022-07-22 16:06:20'),
(71, 14, 1, 'I - B', 'T', 1, 1, '2022-07-22 16:07:08'),
(73, 14, 1, 'II', 'N', 2, 1, '2022-07-22 16:07:41'),
(74, 14, 1, 'I - C', 'N', 1, 1, '2022-07-22 16:09:04'),
(75, 14, 1, 'III', 'N', 3, 1, '2022-07-22 16:13:52'),
(76, 14, 1, 'IV', 'N', 4, 1, '2022-07-22 16:14:13'),
(77, 14, 1, 'V', 'N', 5, 1, '2022-07-22 16:14:25'),
(78, 15, 1, 'I - A', 'M', 1, 1, '2022-07-22 16:14:47'),
(79, 15, 1, 'I - B', 'T', 1, 1, '2022-07-22 16:18:06'),
(80, 15, 1, 'I - C', 'N', 1, 1, '2022-07-22 16:18:19'),
(81, 15, 1, 'II', 'N', 2, 1, '2022-07-22 16:19:55'),
(82, 15, 1, 'III', 'N', 3, 1, '2022-07-22 16:20:06'),
(83, 15, 1, 'IV', 'N', 4, 1, '2022-07-22 16:20:20'),
(84, 15, 1, 'V', 'N', 5, 1, '2022-07-22 16:20:33'),
(85, 16, 1, 'I - A', 'M', 1, 1, '2022-07-22 16:22:24'),
(86, 16, 1, 'I - B', 'T', 1, 1, '2022-07-22 16:22:40'),
(87, 16, 1, 'I - C', 'N', 1, 1, '2022-07-22 16:22:51'),
(88, 16, 1, 'II', 'N', 2, 1, '2022-07-22 16:23:12'),
(89, 16, 1, 'III', 'N', 3, 1, '2022-07-22 16:23:50'),
(90, 16, 1, 'IV', 'N', 4, 1, '2022-07-22 16:24:03'),
(91, 16, 1, 'V', 'N', 5, 1, '2022-07-22 16:24:15'),
(92, 17, 1, 'I - A', 'M', 1, 1, '2022-07-22 16:24:46'),
(93, 17, 1, 'I - B', 'M', 1, 1, '2022-07-22 16:25:07'),
(94, 17, 1, 'I - C', 'M', 1, 1, '2022-07-22 16:25:19'),
(95, 17, 1, 'I - D', 'T', 1, 1, '2022-07-22 16:25:35'),
(96, 17, 1, 'I - E', 'T', 1, 1, '2022-07-22 16:25:54'),
(97, 17, 1, 'I - G', 'N', 1, 1, '2022-07-22 16:26:20'),
(98, 17, 1, 'I - F', 'N', 1, 1, '2022-07-22 16:26:54'),
(99, 17, 1, 'II - A', 'M', 2, 1, '2022-07-22 16:27:16'),
(100, 17, 1, 'II - B', 'N', 2, 1, '2022-07-22 16:27:39'),
(101, 17, 1, 'III - A', 'M', 3, 1, '2022-07-22 16:27:59'),
(102, 17, 1, 'III - B', 'N', 3, 1, '2022-07-22 16:28:25'),
(103, 17, 1, 'IV', 'N', 4, 1, '2022-07-22 16:29:33'),
(104, 17, 1, 'V', 'N', 5, 1, '2022-07-22 16:29:47'),
(105, 18, 1, 'I - A', 'M', 1, 1, '2022-07-22 16:30:18'),
(106, 18, 1, 'I - C', 'T', 1, 1, '2022-07-22 16:30:45'),
(107, 18, 1, 'I - B', 'M', 1, 1, '2022-07-22 16:30:58'),
(108, 18, 1, 'I - D', 'N', 1, 1, '2022-07-22 16:31:17'),
(109, 18, 1, 'II - A', 'M', 2, 1, '2022-07-22 16:32:08'),
(110, 18, 1, 'II - B', 'N', 2, 1, '2022-07-22 16:34:37'),
(111, 18, 1, 'III - A', 'M', 3, 1, '2022-07-22 16:34:52'),
(112, 18, 1, 'III - B', 'N', 3, 1, '2022-07-22 16:35:14'),
(113, 18, 1, 'IV', 'N', 4, 1, '2022-07-22 16:35:30'),
(114, 18, 1, 'V', 'N', 5, 1, '2022-07-22 16:35:45'),
(115, 8, 1, 'I - A', 'M', 1, 1, '2022-07-22 16:37:24'),
(116, 8, 1, 'I - B', 'T', 1, 1, '2022-07-22 16:37:38'),
(117, 8, 1, 'I - C', 'N', 1, 1, '2022-07-22 16:37:58'),
(118, 8, 1, 'II', 'N', 2, 1, '2022-07-22 16:38:11'),
(119, 8, 1, 'III', 'N', 3, 1, '2022-07-22 16:38:26'),
(120, 8, 1, 'V', 'N', 5, 1, '2022-07-22 16:38:52'),
(121, 9, 1, 'I - A', 'M', 1, 1, '2022-07-22 16:39:34'),
(122, 9, 1, 'I - B', 'T', 1, 1, '2022-07-22 16:39:48'),
(123, 9, 1, 'I - C', 'N', 1, 1, '2022-07-22 16:40:04'),
(124, 10, 1, 'II', 'N', 2, 1, '2022-07-22 16:40:33'),
(125, 9, 1, 'III', 'N', 3, 1, '2022-07-22 16:40:50'),
(126, 9, 1, 'II', 'N', 2, 1, '2022-07-22 16:41:23'),
(127, 9, 1, 'IV', 'N', 4, 1, '2022-07-22 16:41:38'),
(128, 9, 1, 'V', 'N', 5, 1, '2022-07-22 16:41:50'),
(129, 10, 1, 'I - A', 'M', 1, 1, '2022-07-22 16:42:11'),
(130, 10, 1, 'I - B', 'T', 1, 1, '2022-07-22 16:44:51'),
(131, 10, 1, 'I - C', 'N', 1, 1, '2022-07-22 16:45:03'),
(132, 10, 1, 'III', 'M', 3, 1, '2022-07-22 16:45:27'),
(133, 10, 1, 'VI', 'N', 6, 1, '2022-07-22 16:45:51'),
(134, 11, 1, 'I - A', 'M', 1, 1, '2022-07-22 16:46:21'),
(135, 11, 1, 'I - B', 'M', 1, 1, '2022-07-22 16:46:38'),
(136, 11, 1, 'I - C', 'M', 1, 1, '2022-07-22 16:46:50'),
(137, 11, 1, 'I - D', 'T', 1, 1, '2022-07-22 16:47:10'),
(138, 11, 1, 'I - E', 'T', 1, 1, '2022-07-22 16:47:29'),
(139, 11, 1, 'I - F', 'N', 1, 1, '2022-07-22 16:47:54'),
(140, 11, 1, 'II - A', 'M', 2, 1, '2022-07-22 16:48:28'),
(141, 11, 1, 'II - B', 'N', 2, 1, '2022-07-22 16:48:42'),
(142, 11, 1, 'III - A', 'M', 3, 1, '2022-07-22 16:49:03'),
(143, 11, 1, 'III - B', 'N', 3, 1, '2022-07-22 16:49:20'),
(144, 11, 1, 'IV', 'N', 4, 1, '2022-07-22 16:49:49'),
(145, 11, 1, 'V', 'N', 5, 1, '2022-07-22 16:50:01'),
(146, 11, 1, 'VI', 'N', 6, 1, '2022-07-22 16:50:13'),
(147, 19, 1, 'I - A', 'M', 1, 1, '2022-07-22 16:50:38'),
(148, 19, 1, 'I - B', 'T', 1, 1, '2022-07-22 16:50:48'),
(149, 19, 1, 'I - C', 'N', 1, 1, '2022-07-22 16:51:00'),
(150, 19, 1, 'II - A', 'M', 2, 1, '2022-07-22 16:51:34'),
(151, 19, 1, 'II - B', 'N', 2, 1, '2022-07-22 16:51:52'),
(152, 19, 1, 'III - A', 'M', 3, 1, '2022-07-22 16:52:07'),
(153, 19, 1, 'III - B', 'N', 3, 1, '2022-07-22 16:52:21'),
(154, 19, 1, 'IV', 'N', 4, 1, '2022-07-22 16:52:36'),
(155, 19, 1, 'V', 'N', 5, 1, '2022-07-22 16:52:52');

-- --------------------------------------------------------

--
-- Estructura de tabla para la tabla `sedes`
--

CREATE TABLE `sedes` (
  `idSede` int(11) NOT NULL,
  `nombreSede` varchar(100) NOT NULL
) ENGINE=InnoDB DEFAULT CHARSET=utf8;

--
-- Volcado de datos para la tabla `sedes`
--

INSERT INTO `sedes` (`idSede`, `nombreSede`) VALUES
(5, 'Huánuco'),
(6, 'Ucayali'),
(7, 'Tingo María');

-- --------------------------------------------------------

--
-- Estructura de tabla para la tabla `usuarios`
--

CREATE TABLE `usuarios` (
  `idUsuario` int(11) NOT NULL,
  `idPersonaUsuario` int(11) DEFAULT NULL,
  `idRol` int(11) DEFAULT NULL,
  `nombreUsuario` varchar(45) NOT NULL,
  `contraUsuario` text NOT NULL,
  `estadoDel` tinyint(4) NOT NULL,
  `estadoUsuario` tinyint(4) NOT NULL,
  `fechaUsuario` timestamp NOT NULL DEFAULT current_timestamp() ON UPDATE current_timestamp()
) ENGINE=InnoDB DEFAULT CHARSET=utf8;

--
-- Volcado de datos para la tabla `usuarios`
--

INSERT INTO `usuarios` (`idUsuario`, `idPersonaUsuario`, `idRol`, `nombreUsuario`, `contraUsuario`, `estadoDel`, `estadoUsuario`, `fechaUsuario`) VALUES
(2, 2, 2, 'admin', 'admin', 1, 1, '2022-07-05 17:21:08');

--
-- Índices para tablas volcadas
--

--
-- Indices de la tabla `asistencia`
--
ALTER TABLE `asistencia`
  ADD PRIMARY KEY (`idAsistencia`),
  ADD KEY `idPersonalAsistencia_idx` (`idPersonalAsistencia`),
  ADD KEY `idHorarioAsistencia_idx` (`idHorarioAsistencia`);

--
-- Indices de la tabla `asistencia_docente`
--
ALTER TABLE `asistencia_docente`
  ADD PRIMARY KEY (`idAsistenciaDocente`),
  ADD KEY `idUsuarioAsistencia_idx` (`idUsuarioAsistencia`),
  ADD KEY `idPersonaAsistencia_idx` (`idPersonaAsistencia`),
  ADD KEY `idAsistenciaHor_idx` (`idAsistenciaHor`);

--
-- Indices de la tabla `cargos`
--
ALTER TABLE `cargos`
  ADD PRIMARY KEY (`idCargo`);

--
-- Indices de la tabla `carreras`
--
ALTER TABLE `carreras`
  ADD PRIMARY KEY (`idCarrera`),
  ADD KEY `idPlanCarrera_idx` (`idPlanCarrera`);

--
-- Indices de la tabla `cursos`
--
ALTER TABLE `cursos`
  ADD PRIMARY KEY (`idCurso`),
  ADD KEY `idCarreraCurso_idx` (`idCarreraCurso`);

--
-- Indices de la tabla `detallehorario`
--
ALTER TABLE `detallehorario`
  ADD PRIMARY KEY (`idDetalle`),
  ADD KEY `idHorarioCurso_idx` (`idHorarioCurso`);

--
-- Indices de la tabla `horarios`
--
ALTER TABLE `horarios`
  ADD PRIMARY KEY (`idHorario`),
  ADD KEY `idPersonalHorario_idx` (`idPersonalHorario`);

--
-- Indices de la tabla `horario_curso`
--
ALTER TABLE `horario_curso`
  ADD PRIMARY KEY (`idHorarioCurso`),
  ADD KEY `idCursoHor_idx` (`idCursoHor`),
  ADD KEY `idSeccionHor_idx` (`idSeccionHor`),
  ADD KEY `idPersonalHor_idx` (`idPersonalHor`);

--
-- Indices de la tabla `locales`
--
ALTER TABLE `locales`
  ADD PRIMARY KEY (`idLocal`),
  ADD KEY `idSedeLocal_idx` (`idSedeLocal`);

--
-- Indices de la tabla `local_carrera`
--
ALTER TABLE `local_carrera`
  ADD PRIMARY KEY (`idLocalCarrera`),
  ADD KEY `idLocal_idx` (`idLocal`),
  ADD KEY `idCarrera_idx` (`idCarrera`);

--
-- Indices de la tabla `pagos`
--
ALTER TABLE `pagos`
  ADD PRIMARY KEY (`idPago`),
  ADD KEY `idPersonalPago_idx` (`idPersonalPago`);

--
-- Indices de la tabla `periodos`
--
ALTER TABLE `periodos`
  ADD PRIMARY KEY (`idPeriodo`);

--
-- Indices de la tabla `personal`
--
ALTER TABLE `personal`
  ADD PRIMARY KEY (`idPersonal`),
  ADD KEY `idPersonaPersonal_idx` (`idPersonaPersonal`),
  ADD KEY `idCargo_idx` (`idCargo`);

--
-- Indices de la tabla `personas`
--
ALTER TABLE `personas`
  ADD PRIMARY KEY (`idPersona`);

--
-- Indices de la tabla `plan_lectivo`
--
ALTER TABLE `plan_lectivo`
  ADD PRIMARY KEY (`idPlan`);

--
-- Indices de la tabla `reprogramacion`
--
ALTER TABLE `reprogramacion`
  ADD PRIMARY KEY (`idReprogramacion`),
  ADD KEY `idHorCurso_idx` (`idHorCurso`);

--
-- Indices de la tabla `roles`
--
ALTER TABLE `roles`
  ADD PRIMARY KEY (`idRol`);

--
-- Indices de la tabla `seccion`
--
ALTER TABLE `seccion`
  ADD PRIMARY KEY (`idSeccion`),
  ADD KEY `idSeccionLocal_idx` (`idSeccionLocal`),
  ADD KEY `idPeriodoSeccion_idx` (`idPeriodoSeccion`);

--
-- Indices de la tabla `sedes`
--
ALTER TABLE `sedes`
  ADD PRIMARY KEY (`idSede`);

--
-- Indices de la tabla `usuarios`
--
ALTER TABLE `usuarios`
  ADD PRIMARY KEY (`idUsuario`),
  ADD KEY `idPersonaUsuario_idx` (`idPersonaUsuario`),
  ADD KEY `idRol_idx` (`idRol`);

--
-- AUTO_INCREMENT de las tablas volcadas
--

--
-- AUTO_INCREMENT de la tabla `asistencia_docente`
--
ALTER TABLE `asistencia_docente`
  MODIFY `idAsistenciaDocente` int(11) NOT NULL AUTO_INCREMENT, AUTO_INCREMENT=20;

--
-- AUTO_INCREMENT de la tabla `cargos`
--
ALTER TABLE `cargos`
  MODIFY `idCargo` int(11) NOT NULL AUTO_INCREMENT, AUTO_INCREMENT=6;

--
-- AUTO_INCREMENT de la tabla `carreras`
--
ALTER TABLE `carreras`
  MODIFY `idCarrera` int(11) NOT NULL AUTO_INCREMENT, AUTO_INCREMENT=10;

--
-- AUTO_INCREMENT de la tabla `cursos`
--
ALTER TABLE `cursos`
  MODIFY `idCurso` int(11) NOT NULL AUTO_INCREMENT, AUTO_INCREMENT=199;

--
-- AUTO_INCREMENT de la tabla `detallehorario`
--
ALTER TABLE `detallehorario`
  MODIFY `idDetalle` int(11) NOT NULL AUTO_INCREMENT, AUTO_INCREMENT=140;

--
-- AUTO_INCREMENT de la tabla `horarios`
--
ALTER TABLE `horarios`
  MODIFY `idHorario` int(11) NOT NULL AUTO_INCREMENT;

--
-- AUTO_INCREMENT de la tabla `horario_curso`
--
ALTER TABLE `horario_curso`
  MODIFY `idHorarioCurso` int(11) NOT NULL AUTO_INCREMENT, AUTO_INCREMENT=999;

--
-- AUTO_INCREMENT de la tabla `locales`
--
ALTER TABLE `locales`
  MODIFY `idLocal` int(11) NOT NULL AUTO_INCREMENT, AUTO_INCREMENT=7;

--
-- AUTO_INCREMENT de la tabla `local_carrera`
--
ALTER TABLE `local_carrera`
  MODIFY `idLocalCarrera` int(11) NOT NULL AUTO_INCREMENT, AUTO_INCREMENT=20;

--
-- AUTO_INCREMENT de la tabla `periodos`
--
ALTER TABLE `periodos`
  MODIFY `idPeriodo` int(11) NOT NULL AUTO_INCREMENT, AUTO_INCREMENT=3;

--
-- AUTO_INCREMENT de la tabla `personal`
--
ALTER TABLE `personal`
  MODIFY `idPersonal` int(11) NOT NULL AUTO_INCREMENT, AUTO_INCREMENT=19;

--
-- AUTO_INCREMENT de la tabla `personas`
--
ALTER TABLE `personas`
  MODIFY `idPersona` int(11) NOT NULL AUTO_INCREMENT, AUTO_INCREMENT=16;

--
-- AUTO_INCREMENT de la tabla `plan_lectivo`
--
ALTER TABLE `plan_lectivo`
  MODIFY `idPlan` int(11) NOT NULL AUTO_INCREMENT, AUTO_INCREMENT=2;

--
-- AUTO_INCREMENT de la tabla `reprogramacion`
--
ALTER TABLE `reprogramacion`
  MODIFY `idReprogramacion` int(11) NOT NULL AUTO_INCREMENT, AUTO_INCREMENT=7;

--
-- AUTO_INCREMENT de la tabla `roles`
--
ALTER TABLE `roles`
  MODIFY `idRol` int(11) NOT NULL AUTO_INCREMENT, AUTO_INCREMENT=3;

--
-- AUTO_INCREMENT de la tabla `seccion`
--
ALTER TABLE `seccion`
  MODIFY `idSeccion` int(11) NOT NULL AUTO_INCREMENT, AUTO_INCREMENT=156;

--
-- AUTO_INCREMENT de la tabla `sedes`
--
ALTER TABLE `sedes`
  MODIFY `idSede` int(11) NOT NULL AUTO_INCREMENT, AUTO_INCREMENT=8;

--
-- AUTO_INCREMENT de la tabla `usuarios`
--
ALTER TABLE `usuarios`
  MODIFY `idUsuario` int(11) NOT NULL AUTO_INCREMENT, AUTO_INCREMENT=3;

--
-- Restricciones para tablas volcadas
--

--
-- Filtros para la tabla `asistencia`
--
ALTER TABLE `asistencia`
  ADD CONSTRAINT `idHorarioAsistencia` FOREIGN KEY (`idHorarioAsistencia`) REFERENCES `horarios` (`idHorario`) ON DELETE SET NULL ON UPDATE SET NULL,
  ADD CONSTRAINT `idPersonalAsistencia` FOREIGN KEY (`idPersonalAsistencia`) REFERENCES `personal` (`idPersonal`) ON DELETE SET NULL ON UPDATE SET NULL;

--
-- Filtros para la tabla `asistencia_docente`
--
ALTER TABLE `asistencia_docente`
  ADD CONSTRAINT `idAsistenciaHor` FOREIGN KEY (`idAsistenciaHor`) REFERENCES `horario_curso` (`idHorarioCurso`) ON DELETE SET NULL ON UPDATE SET NULL,
  ADD CONSTRAINT `idPersonaAsistencia` FOREIGN KEY (`idPersonaAsistencia`) REFERENCES `personal` (`idPersonal`) ON DELETE SET NULL ON UPDATE SET NULL,
  ADD CONSTRAINT `idUsuarioAsistencia` FOREIGN KEY (`idUsuarioAsistencia`) REFERENCES `usuarios` (`idUsuario`) ON DELETE SET NULL ON UPDATE SET NULL;

--
-- Filtros para la tabla `carreras`
--
ALTER TABLE `carreras`
  ADD CONSTRAINT `idPlanCarrera` FOREIGN KEY (`idPlanCarrera`) REFERENCES `plan_lectivo` (`idPlan`) ON DELETE SET NULL ON UPDATE SET NULL;

--
-- Filtros para la tabla `cursos`
--
ALTER TABLE `cursos`
  ADD CONSTRAINT `idCarreraCurso` FOREIGN KEY (`idCarreraCurso`) REFERENCES `carreras` (`idCarrera`) ON DELETE SET NULL ON UPDATE SET NULL;

--
-- Filtros para la tabla `detallehorario`
--
ALTER TABLE `detallehorario`
  ADD CONSTRAINT `idHorarioCurso` FOREIGN KEY (`idHorarioCurso`) REFERENCES `horario_curso` (`idHorarioCurso`) ON DELETE SET NULL ON UPDATE SET NULL;

--
-- Filtros para la tabla `horarios`
--
ALTER TABLE `horarios`
  ADD CONSTRAINT `idPersonalHorario` FOREIGN KEY (`idPersonalHorario`) REFERENCES `personal` (`idPersonal`) ON DELETE SET NULL ON UPDATE SET NULL;

--
-- Filtros para la tabla `horario_curso`
--
ALTER TABLE `horario_curso`
  ADD CONSTRAINT `idCursoHor` FOREIGN KEY (`idCursoHor`) REFERENCES `cursos` (`idCurso`) ON DELETE SET NULL ON UPDATE SET NULL,
  ADD CONSTRAINT `idPersonalHor` FOREIGN KEY (`idPersonalHor`) REFERENCES `personal` (`idPersonal`) ON DELETE SET NULL ON UPDATE SET NULL,
  ADD CONSTRAINT `idSeccionHor` FOREIGN KEY (`idSeccionHor`) REFERENCES `seccion` (`idSeccion`) ON DELETE SET NULL ON UPDATE SET NULL;

--
-- Filtros para la tabla `locales`
--
ALTER TABLE `locales`
  ADD CONSTRAINT `idSedeLocal` FOREIGN KEY (`idSedeLocal`) REFERENCES `sedes` (`idSede`) ON DELETE SET NULL ON UPDATE SET NULL;

--
-- Filtros para la tabla `local_carrera`
--
ALTER TABLE `local_carrera`
  ADD CONSTRAINT `idCarrera` FOREIGN KEY (`idCarrera`) REFERENCES `carreras` (`idCarrera`) ON DELETE SET NULL ON UPDATE SET NULL,
  ADD CONSTRAINT `idLocal` FOREIGN KEY (`idLocal`) REFERENCES `locales` (`idLocal`) ON DELETE SET NULL ON UPDATE SET NULL;

--
-- Filtros para la tabla `pagos`
--
ALTER TABLE `pagos`
  ADD CONSTRAINT `idPersonalPago` FOREIGN KEY (`idPersonalPago`) REFERENCES `personal` (`idPersonal`) ON DELETE SET NULL ON UPDATE SET NULL;

--
-- Filtros para la tabla `personal`
--
ALTER TABLE `personal`
  ADD CONSTRAINT `idCargo` FOREIGN KEY (`idCargo`) REFERENCES `cargos` (`idCargo`) ON DELETE SET NULL ON UPDATE SET NULL,
  ADD CONSTRAINT `idPersonaPersonal` FOREIGN KEY (`idPersonaPersonal`) REFERENCES `personas` (`idPersona`) ON DELETE SET NULL ON UPDATE SET NULL;

--
-- Filtros para la tabla `reprogramacion`
--
ALTER TABLE `reprogramacion`
  ADD CONSTRAINT `idHorCurso` FOREIGN KEY (`idHorCurso`) REFERENCES `horario_curso` (`idHorarioCurso`) ON DELETE SET NULL ON UPDATE SET NULL;

--
-- Filtros para la tabla `seccion`
--
ALTER TABLE `seccion`
  ADD CONSTRAINT `idPeriodoSeccion` FOREIGN KEY (`idPeriodoSeccion`) REFERENCES `periodos` (`idPeriodo`) ON DELETE SET NULL ON UPDATE SET NULL,
  ADD CONSTRAINT `idSeccionLocal` FOREIGN KEY (`idSeccionLocal`) REFERENCES `local_carrera` (`idLocalCarrera`) ON DELETE SET NULL ON UPDATE SET NULL;

--
-- Filtros para la tabla `usuarios`
--
ALTER TABLE `usuarios`
  ADD CONSTRAINT `idPersonaUsuario` FOREIGN KEY (`idPersonaUsuario`) REFERENCES `personas` (`idPersona`) ON DELETE SET NULL ON UPDATE SET NULL,
  ADD CONSTRAINT `idRol` FOREIGN KEY (`idRol`) REFERENCES `roles` (`idRol`) ON DELETE SET NULL ON UPDATE SET NULL;
COMMIT;

/*!40101 SET CHARACTER_SET_CLIENT=@OLD_CHARACTER_SET_CLIENT */;
/*!40101 SET CHARACTER_SET_RESULTS=@OLD_CHARACTER_SET_RESULTS */;
/*!40101 SET COLLATION_CONNECTION=@OLD_COLLATION_CONNECTION */;
