-- phpMyAdmin SQL Dump
-- version 5.1.3
-- https://www.phpmyadmin.net/
--
-- Servidor: 127.0.0.1
-- Tiempo de generación: 27-09-2022 a las 01:10:08
-- Versión del servidor: 10.4.24-MariaDB
-- Versión de PHP: 7.4.29

SET SQL_MODE = "NO_AUTO_VALUE_ON_ZERO";
START TRANSACTION;
SET time_zone = "+00:00";


/*!40101 SET @OLD_CHARACTER_SET_CLIENT=@@CHARACTER_SET_CLIENT */;
/*!40101 SET @OLD_CHARACTER_SET_RESULTS=@@CHARACTER_SET_RESULTS */;
/*!40101 SET @OLD_COLLATION_CONNECTION=@@COLLATION_CONNECTION */;
/*!40101 SET NAMES utf8mb4 */;

--
-- Base de datos: `bdcontrol202202`
--

-- --------------------------------------------------------

--
-- Estructura de tabla para la tabla `alumnos`
--

CREATE TABLE `alumnos` (
  `idAlumno` int(11) NOT NULL,
  `idPersonaAlumno` int(11) DEFAULT NULL,
  `codigo` varchar(20) CHARACTER SET utf8mb4 DEFAULT NULL,
  `fechaAlumno` timestamp NOT NULL DEFAULT current_timestamp()
) ENGINE=InnoDB DEFAULT CHARSET=latin1;

--
-- Volcado de datos para la tabla `alumnos`
--

INSERT INTO `alumnos` (`idAlumno`, `idPersonaAlumno`, `codigo`, `fechaAlumno`) VALUES
(1, 167, 'T05411611', '2022-08-11 04:32:20'),
(2, 174, 'H74484848', '2022-08-23 17:04:16'),
(3, 177, 'H73878067', '2022-08-26 15:58:04'),
(4, 182, 'U73069184', '2022-08-26 21:39:58'),
(5, 183, 'T47289216', '2022-08-26 21:44:44'),
(6, 188, 'H75485652', '2022-09-02 13:17:58'),
(7, 189, 'H74551641', '2022-09-02 13:34:31'),
(8, 191, 'H73453616', '2022-09-02 13:38:36'),
(9, 192, 'H76862850', '2022-09-02 13:44:11'),
(10, 193, 'T61089467', '2022-09-02 13:49:44'),
(11, 196, 'H74135526', '2022-09-02 13:53:32'),
(12, 197, 'H74946034', '2022-09-02 13:54:57'),
(13, 198, 'T71306456', '2022-09-02 13:57:34'),
(14, 199, 'T77539178', '2022-09-02 13:59:56'),
(15, 200, 'H75156995', '2022-09-02 14:01:06'),
(16, 201, 'H42662752', '2022-09-02 14:02:31'),
(17, 202, 'H70749745', '2022-09-02 14:04:37'),
(18, 203, 'U76228527', '2022-09-02 14:05:43'),
(19, 204, 'H22487332', '2022-09-02 14:06:08'),
(20, 205, 'U74634333', '2022-09-02 14:07:56'),
(21, 206, 'T74945495', '2022-09-02 14:10:16'),
(22, 207, 'H74553295', '2022-09-02 14:10:39'),
(23, 208, 'H75452404', '2022-09-02 14:10:57'),
(24, 209, 'U48804500', '2022-09-02 14:13:15'),
(25, 210, 'U41088302', '2022-09-02 14:15:19'),
(26, 211, 'H73529672', '2022-09-02 14:19:57'),
(27, 212, 'U75916607', '2022-09-02 14:21:17'),
(28, 213, 'U71965150', '2022-09-02 14:22:22'),
(29, 214, 'H71913397', '2022-09-02 14:23:57'),
(30, 215, 'H46868583', '2022-09-02 14:24:34'),
(31, 216, 'U77008569', '2022-09-02 14:27:19'),
(32, 217, 'U76773181', '2022-09-02 14:28:56'),
(33, 218, 'U61808306', '2022-09-02 14:31:23'),
(34, 219, 'U75603748', '2022-09-02 14:32:52'),
(35, 220, 'U43452142', '2022-09-02 14:39:15'),
(36, 221, 'U76337302', '2022-09-02 14:44:30'),
(37, 222, 'U63311907', '2022-09-02 14:46:30'),
(38, 223, 'U62061229', '2022-09-02 14:51:19'),
(39, 224, 'H40701215', '2022-09-02 14:51:32'),
(40, 225, 'H72274182', '2022-09-02 14:51:48'),
(41, 226, 'H75339322', '2022-09-02 14:53:49'),
(42, 227, 'U44190435', '2022-09-02 14:53:54'),
(43, 228, 'U76229005', '2022-09-02 14:57:33'),
(44, 229, 'H71634316', '2022-09-02 14:57:43'),
(45, 230, 'U62708080', '2022-09-02 14:58:07'),
(46, 231, 'H74418232', '2022-09-02 15:06:57'),
(47, 232, 'T75422885', '2022-09-02 15:09:45'),
(48, 233, 'T45264700', '2022-09-02 15:12:40'),
(49, 234, 'U73781507', '2022-09-02 15:14:46'),
(50, 235, 'T77811328', '2022-09-02 15:15:45'),
(51, 236, 'T71714016', '2022-09-02 15:17:54'),
(52, 237, 'H41253474', '2022-09-02 15:19:43'),
(53, 238, 'H75147959', '2022-09-02 15:22:09'),
(54, 239, 'U44744070', '2022-09-02 15:22:16'),
(55, 240, 'H45079853', '2022-09-02 15:24:00'),
(56, 241, 'H47621964', '2022-09-02 15:24:52'),
(57, 242, 'H74726465', '2022-09-02 15:29:01'),
(58, 243, 'H73855749', '2022-09-02 15:36:57'),
(59, 244, 'U70868573', '2022-09-02 15:40:58'),
(60, 245, 'T72852691', '2022-09-02 15:43:12'),
(61, 246, 'U75882569', '2022-09-02 15:44:50'),
(62, 247, 'U60114121', '2022-09-02 15:45:49'),
(63, 248, 'U42771505', '2022-09-02 15:52:48'),
(64, 249, 'H75946036', '2022-09-02 15:55:23'),
(65, 250, 'U74222353', '2022-09-02 15:59:54'),
(66, 251, 'U77796753', '2022-09-02 16:01:29'),
(67, 252, 'T75766279', '2022-09-02 16:02:45'),
(68, 253, 'U48638617', '2022-09-02 16:05:24'),
(69, 254, 'H74989015', '2022-09-02 16:05:57'),
(70, 255, 'U73391969', '2022-09-02 16:06:27'),
(71, 256, 'T76648595', '2022-09-02 16:06:35'),
(72, 257, 'H73179062', '2022-09-02 16:10:04'),
(73, 258, 'T75692725', '2022-09-02 16:10:30'),
(74, 259, 'U63686870', '2022-09-02 16:11:29'),
(75, 260, 'U60737978', '2022-09-02 16:17:13'),
(76, 261, 'H74223569', '2022-09-02 16:17:53'),
(77, 262, 'H74767618', '2022-09-02 16:21:15'),
(78, 263, 'T75209029', '2022-09-02 16:22:05'),
(79, 264, 'H60094137', '2022-09-02 16:25:31'),
(80, 265, 'U62780162', '2022-09-02 16:27:01'),
(81, 266, 'H76076086', '2022-09-02 16:28:11'),
(82, 267, 'H75017927', '2022-09-02 16:32:10'),
(83, 268, 'T74934094', '2022-09-02 16:32:31'),
(84, 269, 'H60274368', '2022-09-02 16:33:24'),
(85, 270, 'T76308746', '2022-09-02 16:36:58'),
(86, 271, 'H47364702', '2022-09-02 16:41:32'),
(87, 272, 'H72680547', '2022-09-02 16:42:36'),
(88, 273, 'T75828777', '2022-09-02 16:43:41'),
(89, 274, 'H76422997', '2022-09-02 16:46:37'),
(90, 275, 'H74881533', '2022-09-02 16:49:04'),
(91, 276, 'H74083421', '2022-09-02 16:49:19'),
(92, 277, 'H74083346', '2022-09-02 16:50:33'),
(93, 278, 'H74937118', '2022-09-02 16:51:23'),
(94, 279, 'H46348592', '2022-09-02 16:53:02'),
(95, 280, 'U73788699', '2022-09-02 16:57:02'),
(96, 281, 'U48354047', '2022-09-02 16:57:08'),
(97, 282, 'H73437679', '2022-09-02 16:59:38'),
(98, 283, 'U73095501', '2022-09-02 17:00:04'),
(99, 284, 'U73981099', '2022-09-02 17:02:47'),
(100, 285, 'T23019422', '2022-09-02 17:04:40'),
(101, 286, 'U63499421', '2022-09-02 17:04:50'),
(102, 287, 'H71631219', '2022-09-02 17:05:08'),
(103, 288, 'T74065989', '2022-09-02 17:08:37'),
(104, 289, 'U76301342', '2022-09-02 17:19:20'),
(105, 290, 'U48715526', '2022-09-02 17:21:31'),
(106, 291, 'H74301344', '2022-09-02 17:21:35'),
(107, 292, 'U61682285', '2022-09-02 17:23:45'),
(108, 293, 'T71320911', '2022-09-02 17:28:02'),
(109, 294, 'H75996793', '2022-09-02 17:31:33'),
(110, 295, 'H76863433', '2022-09-02 17:35:28'),
(111, 296, 'T71304151', '2022-09-02 17:40:13'),
(112, 297, 'T77155506', '2022-09-02 17:43:50'),
(113, 298, 'H74167791', '2022-09-02 17:44:04'),
(114, 299, 'U60299555', '2022-09-02 17:45:23'),
(115, 300, 'T75889471', '2022-09-02 17:53:48'),
(116, 301, 'H75842852', '2022-09-02 17:54:09'),
(117, 302, 'T75180000', '2022-09-02 17:55:44'),
(118, 303, 'T45570108', '2022-09-02 18:07:02'),
(119, 304, 'H75990706', '2022-09-02 18:07:59'),
(120, 305, 'H74730344', '2022-09-02 18:10:36'),
(121, 306, 'H76034573', '2022-09-02 18:26:31'),
(122, 307, 'H75542447', '2022-09-02 18:32:28'),
(123, 308, 'U60219313', '2022-09-02 18:50:08'),
(124, 309, 'H60094440', '2022-09-02 19:13:11'),
(125, 310, 'U71335732', '2022-09-02 19:13:18'),
(126, 311, 'H62119887', '2022-09-02 19:19:27'),
(127, 312, 'H77285792', '2022-09-02 19:23:51'),
(128, 313, 'H60094144', '2022-09-02 19:33:54'),
(129, 314, 'H77425672', '2022-09-02 19:35:14'),
(130, 315, 'H60948983', '2022-09-02 19:47:48'),
(131, 316, 'H75157415', '2022-09-02 19:53:18'),
(132, 317, 'U77522773', '2022-09-02 20:04:54'),
(133, 318, 'H75015201', '2022-09-02 20:07:27'),
(134, 319, 'U76952827', '2022-09-02 20:08:15'),
(135, 320, 'H74041126', '2022-09-02 20:08:35'),
(136, 321, 'U47530904', '2022-09-02 20:10:06'),
(137, 322, 'H76023595', '2022-09-02 20:11:51'),
(138, 323, 'H75233716', '2022-09-02 20:15:58'),
(139, 324, 'H72153867', '2022-09-02 20:16:53'),
(140, 325, 'H74068738', '2022-09-02 20:21:39'),
(141, 326, 'H71957302', '2022-09-02 20:21:41'),
(142, 327, 'H76317747', '2022-09-02 20:25:02'),
(143, 328, 'H48355961', '2022-09-02 20:30:32'),
(144, 329, 'H71700192', '2022-09-02 20:35:00'),
(145, 330, 'H75705840', '2022-09-02 20:38:53'),
(146, 331, 'U70832379', '2022-09-02 20:41:06'),
(147, 332, 'H72550606', '2022-09-02 20:46:06'),
(148, 333, 'H75458691', '2022-09-02 20:48:56'),
(149, 334, 'U76743423', '2022-09-02 20:51:51'),
(150, 335, 'H63287003', '2022-09-02 20:55:51'),
(151, 336, 'U76307239', '2022-09-02 20:58:50'),
(152, 337, 'U75737133', '2022-09-02 21:01:32'),
(153, 338, 'U76413808', '2022-09-02 21:02:59'),
(154, 339, 'H42967347', '2022-09-02 21:03:47'),
(155, 340, 'U74598681', '2022-09-02 21:04:18'),
(156, 341, 'U72288551', '2022-09-02 21:07:56'),
(157, 342, 'H73112158', '2022-09-02 21:09:07'),
(158, 343, 'H71303509', '2022-09-02 21:09:10'),
(159, 344, 'H75331262', '2022-09-02 21:10:58'),
(160, 345, 'H48336496', '2022-09-02 21:12:24'),
(161, 346, 'H60081775', '2022-09-02 21:13:33'),
(162, 347, 'U72618984', '2022-09-02 21:15:25'),
(163, 348, 'H75058555', '2022-09-02 21:17:07'),
(164, 349, 'H74919105', '2022-09-02 21:18:33'),
(165, 350, 'U75146152', '2022-09-02 21:18:44'),
(166, 351, 'H74727619', '2022-09-02 21:19:35'),
(167, 352, 'H74660135', '2022-09-02 21:20:39'),
(168, 353, 'H74993228', '2022-09-02 21:21:13'),
(169, 354, 'H73598467', '2022-09-02 21:21:38'),
(170, 355, 'H46181972', '2022-09-02 21:21:47'),
(171, 356, 'H76165520', '2022-09-02 21:22:00'),
(172, 357, 'H72031297', '2022-09-02 21:23:20'),
(173, 358, 'U75829386', '2022-09-02 21:23:52'),
(174, 359, 'H73580000', '2022-09-02 21:24:18'),
(175, 360, 'U75578428', '2022-09-02 21:24:32'),
(176, 361, 'H73589229', '2022-09-02 21:26:47'),
(177, 362, 'H77437968', '2022-09-02 21:29:02'),
(178, 363, 'H61479647', '2022-09-02 21:29:14'),
(179, 364, 'H71331650', '2022-09-02 21:29:47'),
(180, 365, 'H74051778', '2022-09-02 21:30:14'),
(181, 366, 'H73121853', '2022-09-02 21:34:36'),
(182, 367, 'H46905359', '2022-09-02 21:34:53'),
(183, 368, 'H60551941', '2022-09-02 21:36:48'),
(184, 369, 'H74128901', '2022-09-02 21:38:06'),
(185, 370, 'H74028124', '2022-09-02 21:39:31'),
(186, 371, 'H61254230', '2022-09-02 21:40:34'),
(187, 372, 'H71539359', '2022-09-02 21:40:51'),
(188, 373, 'H78631920', '2022-09-02 21:42:27'),
(189, 374, 'H76355170', '2022-09-02 21:42:34'),
(190, 375, 'H76633454', '2022-09-02 21:43:32'),
(191, 376, 'H76928257', '2022-09-02 21:44:27'),
(192, 377, 'H42240389', '2022-09-02 21:46:04'),
(193, 378, 'U74930545', '2022-09-02 21:47:25'),
(194, 379, 'U62495993', '2022-09-02 21:48:02'),
(195, 380, 'H76126486', '2022-09-02 21:48:16'),
(196, 381, 'U75865431', '2022-09-02 21:49:21'),
(197, 382, 'H76439333', '2022-09-02 21:49:37'),
(198, 383, 'H73589439', '2022-09-02 21:50:08'),
(199, 384, 'U78180926', '2022-09-02 21:51:38'),
(200, 385, 'H76318641', '2022-09-02 21:51:44'),
(201, 386, 'U76215266', '2022-09-02 21:52:03'),
(202, 387, 'U60664007', '2022-09-02 21:54:16'),
(203, 388, 'U60841849', '2022-09-02 21:55:11'),
(204, 389, 'U76932966', '2022-09-02 21:55:38'),
(205, 390, 'H74596810', '2022-09-02 21:57:04'),
(206, 391, 'H74122920', '2022-09-02 21:58:26'),
(207, 392, 'U79478105', '2022-09-02 22:02:01'),
(208, 393, 'H73589411', '2022-09-02 22:03:08'),
(209, 394, 'H72609070', '2022-09-02 22:04:36'),
(210, 395, 'H45164557', '2022-09-02 22:07:22'),
(211, 396, 'H75560863', '2022-09-02 22:08:21'),
(212, 397, 'H48956503', '2022-09-02 22:08:48'),
(213, 398, 'U72437743', '2022-09-02 22:09:00'),
(214, 399, 'H75242206', '2022-09-02 22:11:29'),
(215, 400, 'U48278519', '2022-09-02 22:11:58'),
(216, 401, 'U75322352', '2022-09-02 22:13:23'),
(217, 402, 'T71303961', '2022-09-02 22:16:31'),
(218, 403, 'H74251441', '2022-09-02 22:16:37'),
(219, 404, 'U76878187', '2022-09-02 22:19:42'),
(220, 405, 'T61312576', '2022-09-02 22:20:45'),
(221, 406, 'H60009442', '2022-09-02 22:22:46'),
(222, 407, 'T62159381', '2022-09-02 22:24:20'),
(223, 408, 'H47841880', '2022-09-02 22:25:43'),
(224, 409, 'H73798254', '2022-09-02 22:26:20'),
(225, 410, 'H71692373', '2022-09-02 22:26:28'),
(226, 411, 'T77171757', '2022-09-02 22:27:14'),
(227, 412, 'H48284954', '2022-09-02 22:27:55'),
(228, 413, 'H75136955', '2022-09-02 22:28:36'),
(229, 414, 'H63371260', '2022-09-02 22:29:49'),
(230, 415, 'U75537766', '2022-09-02 22:30:12'),
(231, 416, 'H71200558', '2022-09-02 22:30:25'),
(232, 417, 'H73591570', '2022-09-02 22:30:51'),
(233, 418, 'U76257179', '2022-09-02 22:30:53'),
(234, 419, 'U76939765', '2022-09-02 22:33:02'),
(235, 420, 'U62711687', '2022-09-02 22:34:27'),
(236, 421, 'H75896260', '2022-09-02 22:36:15'),
(237, 422, 'T62365921', '2022-09-02 22:36:15'),
(238, 423, 'H76038668', '2022-09-02 22:36:17'),
(239, 424, 'H75233774', '2022-09-02 22:37:29'),
(240, 425, 'U76976853', '2022-09-02 22:37:35'),
(241, 426, 'H78011228', '2022-09-02 22:37:43'),
(242, 427, 'U75760019', '2022-09-02 22:38:38'),
(243, 428, 'H76165702', '2022-09-02 22:39:35'),
(244, 429, 'U60197854', '2022-09-02 22:39:47'),
(245, 430, 'U62138343', '2022-09-02 22:40:05'),
(246, 431, 'H75666184', '2022-09-02 22:41:43'),
(247, 432, 'H74393900', '2022-09-02 22:41:51'),
(248, 433, 'H73348203', '2022-09-02 22:43:40'),
(249, 434, 'U46328648', '2022-09-02 22:43:40'),
(250, 435, 'U75742095', '2022-09-02 22:44:10'),
(251, 436, 'U75727995', '2022-09-02 22:45:03'),
(252, 437, 'H75135275', '2022-09-02 22:45:15'),
(253, 438, 'T73389885', '2022-09-02 22:45:37'),
(254, 439, 'U74856148', '2022-09-02 22:46:09'),
(255, 440, 'H74088309', '2022-09-02 22:46:09'),
(256, 441, 'H71313552', '2022-09-02 22:47:54'),
(257, 442, 'H76128338', '2022-09-02 22:47:59'),
(258, 443, 'U77570977', '2022-09-02 22:49:30'),
(259, 444, 'U73600390', '2022-09-02 22:50:17'),
(260, 445, 'H76056288', '2022-09-02 22:51:33'),
(261, 446, 'U76841747', '2022-09-02 22:52:21'),
(262, 447, 'U43536421', '2022-09-02 22:53:06'),
(263, 448, 'H70615518', '2022-09-02 22:53:35'),
(264, 449, 'U75246232', '2022-09-02 22:53:35'),
(265, 450, 'T60232486', '2022-09-02 22:54:50'),
(266, 451, 'U72873085', '2022-09-02 22:55:08'),
(267, 452, 'U75976826', '2022-09-02 22:55:40'),
(268, 453, 'T71300750', '2022-09-02 22:58:27'),
(269, 454, 'U46938387', '2022-09-02 22:58:49'),
(270, 455, 'H76147603', '2022-09-02 22:58:54'),
(271, 456, 'U73446469', '2022-09-02 22:59:56'),
(272, 457, 'H76686912', '2022-09-02 23:02:30'),
(273, 458, 'H75587495', '2022-09-02 23:02:51'),
(274, 459, 'U61343594', '2022-09-02 23:03:24'),
(275, 460, 'H75474034', '2022-09-02 23:04:21'),
(276, 461, 'H62370460', '2022-09-02 23:04:57'),
(277, 462, 'U76364810', '2022-09-02 23:05:14'),
(278, 463, 'U77674297', '2022-09-02 23:06:20'),
(279, 464, 'H74719553', '2022-09-02 23:07:16'),
(280, 465, 'T47157778', '2022-09-02 23:10:12'),
(281, 466, 'H81114906', '2022-09-02 23:11:35'),
(282, 467, 'T76925463', '2022-09-02 23:12:08'),
(283, 468, 'U71008390', '2022-09-02 23:12:51'),
(284, 469, 'H70159686', '2022-09-02 23:13:18'),
(285, 470, 'U75885273', '2022-09-02 23:15:30'),
(286, 471, 'U72708554', '2022-09-02 23:15:44'),
(287, 472, 'H71692222', '2022-09-02 23:16:16'),
(288, 473, 'U74620620', '2022-09-02 23:17:50'),
(289, 474, 'U75570573', '2022-09-02 23:19:22'),
(290, 475, 'U62793392', '2022-09-02 23:19:44'),
(291, 476, 'T77488352', '2022-09-02 23:20:14'),
(292, 477, 'H74088504', '2022-09-02 23:20:29'),
(293, 478, 'H77158612', '2022-09-02 23:21:39'),
(294, 479, 'T47656636', '2022-09-02 23:23:52'),
(295, 480, 'U61708813', '2022-09-02 23:23:53'),
(296, 481, 'T75940592', '2022-09-02 23:25:25'),
(297, 482, 'H72704869', '2022-09-02 23:25:27'),
(298, 483, 'U71245326', '2022-09-02 23:26:46'),
(299, 484, 'T75251460', '2022-09-02 23:26:54'),
(300, 485, 'H77063206', '2022-09-02 23:28:14'),
(301, 486, 'H74139143', '2022-09-02 23:29:00'),
(302, 487, 'H74809329', '2022-09-02 23:31:26'),
(303, 488, 'H77050876', '2022-09-02 23:31:42'),
(304, 489, 'T75838815', '2022-09-02 23:37:01'),
(305, 490, 'U60264626', '2022-09-02 23:37:51'),
(306, 491, 'H74254655', '2022-09-02 23:37:56'),
(307, 492, 'U40969793', '2022-09-02 23:38:02'),
(308, 493, 'T23019283', '2022-09-02 23:38:34'),
(309, 494, 'T45435084', '2022-09-02 23:40:15'),
(310, 495, 'T75339321', '2022-09-02 23:41:35'),
(311, 496, 'T77911608', '2022-09-02 23:43:44'),
(312, 497, 'T73389845', '2022-09-02 23:45:53'),
(313, 498, 'H73573725', '2022-09-02 23:47:19'),
(314, 499, 'T75862222', '2022-09-02 23:48:25'),
(315, 500, 'U76285411', '2022-09-02 23:48:57'),
(316, 501, 'H45012904', '2022-09-02 23:49:12'),
(317, 502, 'U71339181', '2022-09-02 23:49:24'),
(318, 503, 'T76739678', '2022-09-02 23:49:53'),
(319, 504, 'T71652677', '2022-09-02 23:51:32'),
(320, 505, 'T75626215', '2022-09-02 23:53:52'),
(321, 506, 'T76359525', '2022-09-02 23:55:50'),
(322, 507, 'U75956590', '2022-09-02 23:56:23'),
(323, 508, 'T74616131', '2022-09-02 23:57:08'),
(324, 509, 'T71568114', '2022-09-02 23:59:09'),
(325, 510, 'U60831818', '2022-09-02 23:59:55'),
(326, 511, 'H73898400', '2022-09-03 00:00:10'),
(327, 512, 'U77698489', '2022-09-03 00:00:55'),
(328, 513, 'T71602536', '2022-09-03 00:02:00'),
(329, 514, 'U75997949', '2022-09-03 00:03:04'),
(330, 515, 'U76964050', '2022-09-03 00:03:20'),
(331, 516, 'T47984798', '2022-09-03 00:03:21'),
(332, 517, 'T77046975', '2022-09-03 00:04:37'),
(333, 518, 'T75126156', '2022-09-03 00:06:23'),
(334, 519, 'H74778883', '2022-09-03 00:06:49'),
(335, 520, 'T73392490', '2022-09-03 00:07:47'),
(336, 521, 'T47483471', '2022-09-03 00:09:24'),
(337, 522, 'H73255585', '2022-09-03 00:10:11'),
(338, 523, 'U48244033', '2022-09-03 00:10:21'),
(339, 524, 'H48966097', '2022-09-03 00:10:44'),
(340, 525, 'T75162116', '2022-09-03 00:10:57'),
(341, 526, 'T46640654', '2022-09-03 00:12:18'),
(342, 527, 'H71695219', '2022-09-03 00:13:14'),
(343, 528, 'T45145345', '2022-09-03 00:14:54'),
(344, 529, 'U74170975', '2022-09-03 00:17:09'),
(345, 530, 'T71568234', '2022-09-03 12:56:52'),
(346, 531, 'T61974169', '2022-09-03 12:58:13'),
(347, 532, 'T73678568', '2022-09-03 13:00:01'),
(348, 533, 'T61523054', '2022-09-03 13:01:18'),
(349, 534, 'T48028871', '2022-09-03 13:03:44'),
(350, 535, 'T42613483', '2022-09-03 13:05:36'),
(351, 536, 'T75382646', '2022-09-03 13:06:39'),
(352, 537, 'T61467945', '2022-09-03 13:08:11'),
(353, 538, 'T72110922', '2022-09-03 13:09:45'),
(354, 539, 'T74161233', '2022-09-03 13:11:49'),
(355, 540, 'T10381738', '2022-09-03 13:13:16'),
(356, 541, 'T71304220', '2022-09-03 13:14:40'),
(357, 542, 'T40794770', '2022-09-03 13:17:07'),
(358, 543, 'T76764255', '2022-09-03 13:18:43'),
(359, 544, 'T46970483', '2022-09-03 13:19:48'),
(360, 545, 'T76007574', '2022-09-03 13:21:45'),
(361, 546, 'T47257100', '2022-09-03 13:23:07'),
(362, 547, 'T73307889', '2022-09-03 13:25:27'),
(363, 548, 'T76041589', '2022-09-03 13:29:38'),
(364, 549, 'T60897538', '2022-09-03 13:34:33'),
(365, 550, 'U60566500', '2022-09-03 13:35:51'),
(366, 551, 'T76382143', '2022-09-03 13:37:29'),
(367, 552, 'H72378444', '2022-09-03 13:38:19'),
(368, 553, 'H71575352', '2022-09-03 13:38:53'),
(369, 554, 'T75735982', '2022-09-03 13:39:11'),
(370, 555, 'H71607789', '2022-09-03 13:40:27'),
(371, 556, 'U76163753', '2022-09-03 13:40:36'),
(372, 557, 'H73326125', '2022-09-03 13:41:45'),
(373, 558, 'U74713265', '2022-09-03 13:43:10'),
(374, 559, 'H74593547', '2022-09-03 13:43:12'),
(375, 560, 'T73392576', '2022-09-03 13:43:45'),
(376, 561, 'H74084156', '2022-09-03 13:44:59'),
(377, 562, 'U75219799', '2022-09-03 13:48:00'),
(378, 563, 'U62447545', '2022-09-03 13:51:40'),
(379, 564, 'H74315429', '2022-09-03 13:53:49'),
(380, 565, 'H77705524', '2022-09-03 13:54:42'),
(381, 566, 'H77343743', '2022-09-03 14:01:36'),
(382, 567, 'T45693564', '2022-09-03 14:02:26'),
(383, 568, 'H72692252', '2022-09-03 14:03:21'),
(384, 569, 'T44563208', '2022-09-03 14:03:50'),
(385, 570, 'T46375311', '2022-09-03 14:06:57'),
(386, 571, 'U42962037', '2022-09-03 14:07:09'),
(387, 572, 'U76727791', '2022-09-03 14:08:19'),
(388, 573, 'U00095036', '2022-09-03 14:08:30'),
(389, 574, 'T75579743', '2022-09-03 14:12:15'),
(390, 575, 'T71320953', '2022-09-03 14:13:32'),
(391, 576, 'H74603352', '2022-09-03 14:14:14'),
(392, 577, 'T71306080', '2022-09-03 14:15:23'),
(393, 578, 'H77496041', '2022-09-03 14:17:22'),
(394, 579, 'H74210067', '2022-09-03 14:17:58'),
(395, 580, 'T76025379', '2022-09-03 14:18:12'),
(396, 581, 'H75270318', '2022-09-03 14:18:30'),
(397, 582, 'U78376943', '2022-09-03 14:19:42'),
(398, 583, 'H47554251', '2022-09-03 14:20:19'),
(399, 584, 'H71912893', '2022-09-03 14:21:00'),
(400, 585, 'H75465639', '2022-09-03 14:23:34'),
(401, 586, 'H75682020', '2022-09-03 14:24:48'),
(402, 587, 'H60094877', '2022-09-03 14:26:27'),
(403, 588, 'T46547072', '2022-09-03 14:26:49'),
(404, 589, 'H62175894', '2022-09-03 14:28:38'),
(405, 590, 'T70609951', '2022-09-03 14:28:42'),
(406, 591, 'H60109056', '2022-09-03 14:30:23'),
(407, 592, 'T71539419', '2022-09-03 14:31:43'),
(408, 593, 'H76605626', '2022-09-03 14:33:00'),
(409, 594, 'T76663799', '2022-09-03 14:33:21'),
(410, 595, 'U75736291', '2022-09-03 14:35:13'),
(411, 596, 'H75048366', '2022-09-03 14:35:21'),
(412, 597, 'T60539385', '2022-09-03 14:35:36'),
(413, 598, 'H71631673', '2022-09-03 14:36:59'),
(414, 599, 'T72701743', '2022-09-03 14:38:02'),
(415, 600, 'T74470093', '2022-09-03 14:39:15'),
(416, 601, 'T73501113', '2022-09-03 14:41:08'),
(417, 602, 'H60274377', '2022-09-03 14:42:39'),
(418, 603, 'T45166575', '2022-09-03 14:43:31'),
(419, 604, 'H76514020', '2022-09-03 14:45:57'),
(420, 605, 'T48653077', '2022-09-03 14:46:56'),
(421, 606, 'H75148199', '2022-09-03 14:48:27'),
(422, 607, 'T71306386', '2022-09-03 14:49:06'),
(423, 608, 'U71347363', '2022-09-03 14:50:21'),
(424, 609, 'U46095549', '2022-09-03 14:50:57'),
(425, 610, 'T74936836', '2022-09-03 14:51:41'),
(426, 611, 'T48091285', '2022-09-03 14:53:26'),
(427, 612, 'T62773440', '2022-09-03 14:54:26'),
(428, 613, 'T74936796', '2022-09-03 14:55:32'),
(429, 614, 'T76197778', '2022-09-03 14:57:36'),
(430, 615, 'T76942835', '2022-09-03 15:00:58'),
(431, 616, 'H48973875', '2022-09-03 15:01:57'),
(432, 617, 'T75148269', '2022-09-03 15:02:57'),
(433, 618, 'T43580738', '2022-09-03 15:11:21'),
(434, 619, 'U76390861', '2022-09-03 15:14:08'),
(435, 620, 'H42607321', '2022-09-03 15:17:15'),
(436, 621, 'T62189185', '2022-09-03 15:17:50'),
(437, 622, 'T46696275', '2022-09-03 15:20:06'),
(438, 623, 'H76859233', '2022-09-03 15:21:27'),
(439, 624, 'H76744041', '2022-09-03 15:25:09'),
(440, 625, 'T77035515', '2022-09-03 15:25:09'),
(441, 626, 'T71910214', '2022-09-03 15:26:17'),
(442, 627, 'T47500789', '2022-09-03 15:27:33'),
(443, 628, 'H76236800', '2022-09-03 15:30:26'),
(444, 629, 'T63044433', '2022-09-03 15:32:08'),
(445, 630, 'H71309953', '2022-09-03 15:32:44'),
(446, 631, 'U43826526', '2022-09-03 15:33:38'),
(447, 632, 'T73197767', '2022-09-03 15:37:07'),
(448, 633, 'T46143703', '2022-09-03 15:38:06'),
(449, 634, 'T72876553', '2022-09-03 15:39:27'),
(450, 635, 'U76460198', '2022-09-03 15:40:21'),
(451, 636, 'T60932412', '2022-09-03 15:41:50'),
(452, 637, 'H60080943', '2022-09-03 15:42:53'),
(453, 638, 'U81361669', '2022-09-03 15:43:02'),
(454, 639, 'T77135146', '2022-09-03 15:44:10'),
(455, 640, 'T71303519', '2022-09-03 15:45:37'),
(456, 641, 'T74617126', '2022-09-03 15:47:52'),
(457, 642, 'H74803552', '2022-09-03 15:48:13'),
(458, 643, 'T74960827', '2022-09-03 15:49:17'),
(459, 644, 'H74401326', '2022-09-03 15:49:40'),
(460, 645, 'U77097905', '2022-09-03 15:50:54'),
(461, 646, 'T74430833', '2022-09-03 15:53:00'),
(462, 647, 'H75798291', '2022-09-03 15:53:17'),
(463, 648, 'H76678426', '2022-09-03 15:53:43'),
(464, 649, 'T74082036', '2022-09-03 15:54:40'),
(465, 650, 'T71327961', '2022-09-03 15:56:07'),
(466, 651, 'H73986483', '2022-09-03 15:57:03'),
(467, 652, 'U46876471', '2022-09-03 15:57:20'),
(468, 653, 'T72745018', '2022-09-03 15:59:05'),
(469, 654, 'H77168306', '2022-09-03 15:59:32'),
(470, 655, 'U76283710', '2022-09-03 15:59:33'),
(471, 656, 'U60109649', '2022-09-03 15:59:43'),
(472, 657, 'H75105895', '2022-09-03 15:59:49'),
(473, 658, 'T76870512', '2022-09-03 16:00:03'),
(474, 659, 'H75105892', '2022-09-03 16:01:26'),
(475, 660, 'T76991304', '2022-09-03 16:01:38'),
(476, 661, 'H70182190', '2022-09-03 16:02:43'),
(477, 662, 'H71400624', '2022-09-03 16:03:02'),
(478, 663, 'T71565162', '2022-09-03 16:03:31'),
(479, 664, 'U77136928', '2022-09-03 16:03:57'),
(480, 665, 'H71303257', '2022-09-03 16:04:40'),
(481, 666, 'H76837387', '2022-09-03 16:05:20'),
(482, 667, 'T40936741', '2022-09-03 16:05:22'),
(483, 668, 'H71390920', '2022-09-03 16:05:25'),
(484, 669, 'H76828983', '2022-09-03 16:06:15'),
(485, 670, 'H75489751', '2022-09-03 16:06:49'),
(486, 671, 'H46677060', '2022-09-03 16:07:29'),
(487, 672, 'U25842838', '2022-09-03 16:08:49'),
(488, 673, 'H76879255', '2022-09-03 16:09:04'),
(489, 674, 'T60213690', '2022-09-03 16:09:39'),
(490, 675, 'H75567196', '2022-09-03 16:10:38'),
(491, 676, 'T76442068', '2022-09-03 16:11:07'),
(492, 677, 'U75865193', '2022-09-03 16:11:35'),
(493, 678, 'T63035149', '2022-09-03 16:13:33'),
(494, 679, 'T71013339', '2022-09-03 16:15:02'),
(495, 680, 'U72255534', '2022-09-03 16:15:18'),
(496, 681, 'H75383463', '2022-09-03 16:16:05'),
(497, 682, 'T72415654', '2022-09-03 16:16:07'),
(498, 683, 'H70755423', '2022-09-03 16:16:17'),
(499, 684, 'H76378000', '2022-09-03 16:17:00'),
(500, 685, 'H75675982', '2022-09-03 16:17:24'),
(501, 686, 'T71319649', '2022-09-03 16:17:40'),
(502, 687, 'T76867368', '2022-09-03 16:18:47'),
(503, 688, 'H60600952', '2022-09-03 16:19:02'),
(504, 689, 'H75369812', '2022-09-03 16:19:14'),
(505, 690, 'T76775722', '2022-09-03 16:20:09'),
(506, 691, 'H75621551', '2022-09-03 16:20:58'),
(507, 692, 'H60453438', '2022-09-03 16:21:07'),
(508, 693, 'H72232619', '2022-09-03 16:21:13'),
(509, 694, 'T61522908', '2022-09-03 16:22:32'),
(510, 695, 'T75891126', '2022-09-03 16:23:55'),
(511, 696, 'H72162441', '2022-09-03 16:24:25'),
(512, 697, 'U75685765', '2022-09-03 16:24:30'),
(513, 698, 'H75148279', '2022-09-03 16:25:17'),
(514, 699, 'H43428471', '2022-09-03 16:26:53'),
(515, 700, 'H74994103', '2022-09-03 16:26:57'),
(516, 701, 'H72887396', '2022-09-03 16:28:26'),
(517, 702, 'U76343371', '2022-09-03 16:28:30'),
(518, 703, 'U60671757', '2022-09-03 16:32:14'),
(519, 704, 'H74756503', '2022-09-03 16:32:46'),
(520, 705, 'H77818787', '2022-09-03 16:32:57'),
(521, 706, 'H71540988', '2022-09-03 16:33:49'),
(522, 707, 'H71850688', '2022-09-03 16:34:08'),
(523, 708, 'H47454679', '2022-09-03 16:34:15'),
(524, 709, 'H74363975', '2022-09-03 16:36:15'),
(525, 710, 'H74164013', '2022-09-03 16:38:56'),
(526, 711, 'T72847399', '2022-09-03 16:39:20'),
(527, 712, 'U75273141', '2022-09-03 16:40:34'),
(528, 713, 'T75135963', '2022-09-03 16:40:43'),
(529, 714, 'U73590033', '2022-09-03 16:41:33'),
(530, 715, 'T75925757', '2022-09-03 16:41:55'),
(531, 716, 'H47150981', '2022-09-03 16:41:57'),
(532, 717, 'H75094767', '2022-09-03 16:42:06'),
(533, 718, 'H74202314', '2022-09-03 16:42:15'),
(534, 719, 'T76667562', '2022-09-03 16:43:00'),
(535, 720, 'H74433317', '2022-09-03 16:43:08'),
(536, 721, 'H76928530', '2022-09-03 16:43:56'),
(537, 722, 'T75856476', '2022-09-03 16:44:07'),
(538, 723, 'U76922983', '2022-09-03 16:44:47'),
(539, 724, 'T60724142', '2022-09-03 16:45:03'),
(540, 725, 'H75422417', '2022-09-03 16:45:33'),
(541, 726, 'H44432699', '2022-09-03 16:45:49'),
(542, 727, 'T76402045', '2022-09-03 16:46:06'),
(543, 728, 'H75687005', '2022-09-03 16:46:29'),
(544, 729, 'U60014173', '2022-09-03 16:48:23'),
(545, 730, 'H76838484', '2022-09-03 16:50:18'),
(546, 731, 'T76662827', '2022-09-03 16:51:04'),
(547, 732, 'T76758837', '2022-09-03 16:53:00'),
(548, 733, 'H71709041', '2022-09-03 16:53:22'),
(549, 734, 'T74936570', '2022-09-03 16:54:24'),
(550, 735, 'T76006705', '2022-09-03 16:55:39'),
(551, 736, 'T71304208', '2022-09-03 16:57:41'),
(552, 737, 'T76743407', '2022-09-03 16:58:40'),
(553, 738, 'U00091577', '2022-09-03 16:59:04'),
(554, 739, 'H44633793', '2022-09-03 16:59:51'),
(555, 740, 'H75578655', '2022-09-03 17:00:50'),
(556, 741, 'H77085270', '2022-09-03 17:01:07'),
(557, 742, 'T75884380', '2022-09-03 17:02:06'),
(558, 743, 'U73133954', '2022-09-03 17:02:17'),
(559, 744, 'H77336174', '2022-09-03 17:02:27'),
(560, 745, 'U75200198', '2022-09-03 17:02:39'),
(561, 746, 'H75407158', '2022-09-03 17:03:01'),
(562, 747, 'H75005339', '2022-09-03 17:03:40'),
(563, 748, 'T81173980', '2022-09-03 17:04:20'),
(564, 749, 'H76077396', '2022-09-03 17:04:55'),
(565, 750, 'U76619006', '2022-09-03 17:05:12'),
(566, 751, 'H60575310', '2022-09-03 17:05:34'),
(567, 752, 'H62626961', '2022-09-03 17:07:56'),
(568, 753, 'T47696380', '2022-09-03 17:08:03'),
(569, 754, 'H48038243', '2022-09-03 17:09:23'),
(570, 755, 'T75323488', '2022-09-03 17:10:59'),
(571, 756, 'H76562691', '2022-09-03 17:11:20'),
(572, 757, 'H71630800', '2022-09-03 17:11:37'),
(573, 758, 'T71568230', '2022-09-03 17:12:32'),
(574, 759, 'H71913396', '2022-09-03 17:12:56'),
(575, 760, 'H75128319', '2022-09-03 17:13:53'),
(576, 761, 'T71652757', '2022-09-03 17:14:00'),
(577, 762, 'U75743361', '2022-09-03 17:14:22'),
(578, 763, 'T74697400', '2022-09-03 17:15:05'),
(579, 764, 'U46278522', '2022-09-03 17:15:10'),
(580, 765, 'T71303583', '2022-09-03 17:16:17'),
(581, 766, 'U75761226', '2022-09-03 17:16:58'),
(582, 767, 'T75431008', '2022-09-03 17:17:48'),
(583, 768, 'H78019536', '2022-09-03 17:18:04'),
(584, 769, 'T71306535', '2022-09-03 17:18:52'),
(585, 770, 'T71568116', '2022-09-03 17:21:39'),
(586, 771, 'H74407133', '2022-09-03 17:22:03'),
(587, 772, 'T74771328', '2022-09-03 17:23:03'),
(588, 773, 'H42284704', '2022-09-03 17:23:11'),
(589, 774, 'U72745543', '2022-09-03 17:23:55'),
(590, 775, 'T46570227', '2022-09-03 17:24:13'),
(591, 776, 'T73137437', '2022-09-03 17:25:34'),
(592, 777, 'U90565426', '2022-09-03 17:25:46'),
(593, 778, 'T73100134', '2022-09-03 17:27:00'),
(594, 779, 'H74778842', '2022-09-03 17:27:43'),
(595, 780, 'U76086207', '2022-09-03 17:27:48'),
(596, 781, 'T74936830', '2022-09-03 17:28:40'),
(597, 782, 'U48057173', '2022-09-03 17:30:00'),
(598, 783, 'T71704326', '2022-09-03 17:30:31'),
(599, 784, 'T76297994', '2022-09-03 17:31:36'),
(600, 785, 'H79787884', '2022-09-03 17:32:40'),
(601, 786, 'U73707408', '2022-09-03 17:34:24'),
(602, 787, 'U71051174', '2022-09-03 17:37:15'),
(603, 788, 'H74557847', '2022-09-03 17:37:48'),
(604, 789, 'H74619560', '2022-09-03 17:37:51'),
(605, 790, 'H62847122', '2022-09-03 17:38:11'),
(606, 791, 'H75066572', '2022-09-03 17:38:25'),
(607, 792, 'T77832817', '2022-09-03 17:39:07'),
(608, 793, 'U45037937', '2022-09-03 17:39:48'),
(609, 794, 'H47593509', '2022-09-03 17:40:45'),
(610, 795, 'T77171762', '2022-09-03 17:41:21'),
(611, 796, 'U45999838', '2022-09-03 17:41:48'),
(612, 797, 'H73326216', '2022-09-03 17:42:22'),
(613, 798, 'H75945832', '2022-09-03 17:43:45'),
(614, 799, 'H73884723', '2022-09-03 17:44:44'),
(615, 800, 'T71299479', '2022-09-03 17:47:14'),
(616, 801, 'T76269056', '2022-09-03 17:49:25'),
(617, 802, 'H75859475', '2022-09-03 17:49:50'),
(618, 803, 'H70776159', '2022-09-03 17:51:19'),
(619, 804, 'H72120433', '2022-09-03 17:52:16'),
(620, 805, 'T76910218', '2022-09-03 17:53:35'),
(621, 806, 'T76910217', '2022-09-03 17:54:46'),
(622, 807, 'U75628180', '2022-09-03 17:56:36'),
(623, 808, 'H63371533', '2022-09-03 17:58:35'),
(624, 809, 'H48289296', '2022-09-03 18:00:31'),
(625, 810, 'U76399850', '2022-09-03 18:02:52'),
(626, 811, 'U73642412', '2022-09-03 18:06:30'),
(627, 812, 'H74427309', '2022-09-03 18:07:00'),
(628, 813, 'U61006212', '2022-09-03 18:08:31'),
(629, 814, 'H74962702', '2022-09-03 18:09:41'),
(630, 815, 'T76927447', '2022-09-03 18:10:58'),
(631, 816, 'U76069055', '2022-09-03 18:12:27'),
(632, 817, 'H75823212', '2022-09-03 18:12:44'),
(633, 818, 'U73006760', '2022-09-03 18:13:26'),
(634, 819, 'H71578834', '2022-09-03 18:14:17'),
(635, 820, 'U47912390', '2022-09-03 18:15:21'),
(636, 821, 'H62283816', '2022-09-03 18:16:13'),
(637, 822, 'T76930857', '2022-09-03 18:16:27'),
(638, 823, 'U62423979', '2022-09-03 18:17:07'),
(639, 824, 'T74655836', '2022-09-03 18:17:31'),
(640, 825, 'U75753128', '2022-09-03 18:18:28'),
(641, 826, 'U71965151', '2022-09-03 18:19:34'),
(642, 827, 'H61064769', '2022-09-03 18:20:05'),
(643, 828, 'T73573544', '2022-09-03 18:20:11'),
(644, 829, 'U73789133', '2022-09-03 18:20:22'),
(645, 830, 'U79135411', '2022-09-03 18:20:23'),
(646, 831, 'U48680411', '2022-09-03 18:21:08'),
(647, 832, 'T61431520', '2022-09-03 18:21:49'),
(648, 833, 'U47953924', '2022-09-03 18:22:57'),
(649, 834, 'T71583485', '2022-09-03 18:23:01'),
(650, 835, 'H60708377', '2022-09-03 18:23:45'),
(651, 836, 'U61380253', '2022-09-03 18:24:54'),
(652, 837, 'H75895430', '2022-09-03 18:24:56'),
(653, 838, 'T73579597', '2022-09-03 18:25:19'),
(654, 839, 'T77087954', '2022-09-03 18:26:43'),
(655, 840, 'H75008096', '2022-09-03 18:27:06'),
(656, 841, 'U45653187', '2022-09-03 18:27:29'),
(657, 842, 'U71217687', '2022-09-03 18:28:33'),
(658, 843, 'U74143802', '2022-09-03 18:30:08'),
(659, 844, 'T62382461', '2022-09-03 18:30:32'),
(660, 845, 'U76336467', '2022-09-03 18:31:41'),
(661, 846, 'U44053740', '2022-09-03 18:32:41'),
(662, 847, 'U75825428', '2022-09-03 18:33:34'),
(663, 848, 'H75996796', '2022-09-03 18:34:05'),
(664, 849, 'T80631748', '2022-09-03 18:34:10'),
(665, 850, 'H71202043', '2022-09-03 18:35:48'),
(666, 851, 'U48555193', '2022-09-03 18:36:09'),
(667, 852, 'T41905509', '2022-09-03 18:37:09'),
(668, 853, 'U72961709', '2022-09-03 18:37:19'),
(669, 854, 'H75110823', '2022-09-03 18:38:23'),
(670, 855, 'U61787073', '2022-09-03 18:40:55'),
(671, 856, 'T81041396', '2022-09-03 18:41:35'),
(672, 857, 'U77090444', '2022-09-03 18:43:35'),
(673, 858, 'T73300195', '2022-09-03 18:43:47'),
(674, 859, 'H71304896', '2022-09-03 18:44:01'),
(675, 860, 'H71703693', '2022-09-03 18:44:15'),
(676, 861, 'H77576489', '2022-09-03 18:45:16'),
(677, 862, 'U77393267', '2022-09-03 18:46:27'),
(678, 863, 'H76990652', '2022-09-03 18:46:43'),
(679, 864, 'U77278945', '2022-09-03 18:47:42'),
(680, 865, 'H74077500', '2022-09-03 18:47:48'),
(681, 866, 'U74562740', '2022-09-03 18:48:09'),
(682, 867, 'U76238506', '2022-09-03 18:48:58'),
(683, 868, 'H74557837', '2022-09-03 18:49:08'),
(684, 869, 'T74950470', '2022-09-03 18:49:33'),
(685, 870, 'U74562739', '2022-09-03 18:50:38'),
(686, 871, 'H40945372', '2022-09-03 18:51:39'),
(687, 872, 'H46023913', '2022-09-03 18:51:56'),
(688, 873, 'T73389910', '2022-09-03 18:51:58'),
(689, 874, 'H60202091', '2022-09-03 18:52:57'),
(690, 875, 'H75126147', '2022-09-03 18:54:09'),
(691, 876, 'T71868044', '2022-09-03 18:54:46'),
(692, 877, 'H76600243', '2022-09-03 18:55:21'),
(693, 878, 'T48939582', '2022-09-03 18:58:03'),
(694, 879, 'U76546394', '2022-09-03 18:58:34'),
(695, 880, 'H71688911', '2022-09-03 18:59:20'),
(696, 881, 'T76033924', '2022-09-03 19:00:11'),
(697, 882, 'T72461632', '2022-09-03 19:04:50'),
(698, 883, 'H60444921', '2022-09-03 19:07:20'),
(699, 884, 'U76375990', '2022-09-03 19:07:25'),
(700, 885, 'T77210207', '2022-09-03 19:07:28'),
(701, 886, 'U77923897', '2022-09-03 19:08:18'),
(702, 887, 'T45491449', '2022-09-03 19:08:51'),
(703, 888, 'H76396419', '2022-09-03 19:09:40'),
(704, 889, 'U72619018', '2022-09-03 19:14:06'),
(705, 890, 'U75819816', '2022-09-03 19:15:22'),
(706, 891, 'U72404938', '2022-09-03 19:17:50'),
(707, 892, 'T71877574', '2022-09-03 19:18:57'),
(708, 893, 'U71799489', '2022-09-03 19:19:46'),
(709, 894, 'T23014670', '2022-09-03 19:20:16'),
(710, 895, 'U80450568', '2022-09-03 19:20:51'),
(711, 896, 'U72513487', '2022-09-03 19:22:00'),
(712, 897, 'T42795143', '2022-09-03 19:22:07'),
(713, 898, 'U73765100', '2022-09-03 19:22:35'),
(714, 899, 'U76754493', '2022-09-03 19:23:13'),
(715, 900, 'U76316458', '2022-09-03 19:24:34'),
(716, 901, 'U72453604', '2022-09-03 19:25:24'),
(717, 902, 'H72633193', '2022-09-03 19:25:26'),
(718, 903, 'U61505319', '2022-09-03 19:26:37'),
(719, 904, 'U76182322', '2022-09-03 19:27:56'),
(720, 905, 'U77532258', '2022-09-03 19:28:33'),
(721, 906, 'U47702069', '2022-09-03 19:28:57'),
(722, 907, 'H77694304', '2022-09-03 19:30:47'),
(723, 908, 'U73788936', '2022-09-03 19:32:05'),
(724, 909, 'T76236407', '2022-09-03 19:35:18'),
(725, 910, 'H75958775', '2022-09-03 19:35:23'),
(726, 911, 'T74994628', '2022-09-03 19:36:54'),
(727, 912, 'U61193689', '2022-09-03 19:37:05'),
(728, 913, 'U77170041', '2022-09-03 19:38:13'),
(729, 914, 'H74603349', '2022-09-03 19:38:36'),
(730, 915, 'T71299489', '2022-09-03 19:40:13'),
(731, 916, 'H73134104', '2022-09-03 19:49:07'),
(732, 917, 'H73674827', '2022-09-03 19:50:37'),
(733, 918, 'H74047653', '2022-09-03 19:52:02'),
(734, 919, 'H75242646', '2022-09-03 19:52:39'),
(735, 920, 'H72396120', '2022-09-03 19:54:44'),
(736, 921, 'U75561546', '2022-09-03 19:57:37'),
(737, 922, 'H74084555', '2022-09-03 19:59:01'),
(738, 923, 'H73776350', '2022-09-03 19:59:26'),
(739, 924, 'H74077172', '2022-09-03 20:00:09'),
(740, 925, 'H60233532', '2022-09-03 20:00:53'),
(741, 926, 'H47551679', '2022-09-03 20:01:05'),
(742, 927, 'H76823829', '2022-09-03 20:03:23'),
(743, 928, 'H75548038', '2022-09-03 20:03:30'),
(744, 929, 'U77437516', '2022-09-03 20:03:36'),
(745, 930, 'H47511054', '2022-09-03 20:03:53'),
(746, 931, 'H76097353', '2022-09-03 20:04:27'),
(747, 932, 'H73870829', '2022-09-03 20:04:30'),
(748, 933, 'H77025340', '2022-09-03 20:05:09'),
(749, 934, 'H74085038', '2022-09-03 20:06:35'),
(750, 935, 'U71420269', '2022-09-03 20:09:28'),
(751, 936, 'H63393664', '2022-09-03 20:09:59'),
(752, 937, 'H75252328', '2022-09-03 20:10:45'),
(753, 938, 'H75706960', '2022-09-03 20:11:19'),
(754, 939, 'H73786895', '2022-09-03 20:13:50'),
(755, 940, 'H72913030', '2022-09-03 20:15:21'),
(756, 941, 'H73529568', '2022-09-03 20:15:27'),
(757, 942, 'H76903518', '2022-09-03 20:19:48'),
(758, 943, 'T73269837', '2022-09-03 20:19:54'),
(759, 944, 'H74428913', '2022-09-03 20:21:25'),
(760, 945, 'T47210794', '2022-09-03 20:23:33'),
(761, 946, 'U71572305', '2022-09-03 20:24:40'),
(762, 947, 'T42619257', '2022-09-03 20:25:07'),
(763, 948, 'U62779350', '2022-09-03 20:27:12'),
(764, 949, 'T76048409', '2022-09-03 20:28:13'),
(765, 950, 'H44614346', '2022-09-03 20:28:24'),
(766, 951, 'T60098198', '2022-09-03 20:29:39'),
(767, 952, 'H75017184', '2022-09-03 20:29:46'),
(768, 953, 'H74697416', '2022-09-03 20:31:29'),
(769, 954, 'H75126163', '2022-09-03 20:31:32'),
(770, 955, 'T60009539', '2022-09-03 20:32:29'),
(771, 956, 'H76049880', '2022-09-03 20:33:45'),
(772, 957, 'U78062529', '2022-09-03 20:36:56'),
(773, 958, 'T76751088', '2022-09-03 20:38:21'),
(774, 959, 'U71837663', '2022-09-03 20:38:31'),
(775, 960, 'H76338879', '2022-09-03 20:41:10'),
(776, 961, 'U63360019', '2022-09-03 20:44:00'),
(777, 962, 'H76423725', '2022-09-03 20:47:09'),
(778, 963, 'H76981065', '2022-09-03 20:48:29'),
(779, 964, 'H72888037', '2022-09-03 20:50:01'),
(780, 965, 'T71303934', '2022-09-03 20:50:52'),
(781, 966, 'U43285301', '2022-09-03 20:55:40'),
(782, 967, 'T75619296', '2022-09-03 20:58:30'),
(783, 968, 'H71908819', '2022-09-03 21:00:29'),
(784, 969, 'H71910207', '2022-09-03 21:03:29'),
(785, 970, 'T75176621', '2022-09-03 21:04:01'),
(786, 971, 'H75008101', '2022-09-03 21:07:12'),
(787, 972, 'T75061750', '2022-09-03 21:08:18'),
(788, 973, 'H76523567', '2022-09-03 21:08:31'),
(789, 974, 'H76948384', '2022-09-03 21:08:56'),
(790, 975, 'H72155341', '2022-09-03 21:10:40'),
(791, 976, 'H77497454', '2022-09-03 21:11:38'),
(792, 977, 'T71310178', '2022-09-03 21:12:34'),
(793, 978, 'H74073369', '2022-09-03 21:12:41'),
(794, 979, 'H45317935', '2022-09-03 21:14:30'),
(795, 980, 'H71221138', '2022-09-03 21:16:23'),
(796, 981, 'H75413202', '2022-09-03 21:16:40'),
(797, 982, 'U47828298', '2022-09-03 21:17:44'),
(798, 983, 'H74071263', '2022-09-03 21:21:45'),
(799, 984, 'H74994584', '2022-09-03 21:22:34'),
(800, 985, 'H74434747', '2022-09-03 21:22:39'),
(801, 986, 'H74552594', '2022-09-03 21:23:59'),
(802, 987, 'H48423258', '2022-09-03 21:24:43'),
(803, 988, 'H75063011', '2022-09-03 21:27:38'),
(804, 989, 'U44009523', '2022-09-03 21:29:02'),
(805, 990, 'H74457523', '2022-09-03 21:31:18'),
(806, 991, 'H63370613', '2022-09-03 21:31:23'),
(807, 992, 'T75386224', '2022-09-03 21:33:05'),
(808, 993, 'H75219643', '2022-09-03 21:34:14'),
(809, 994, 'H71542519', '2022-09-03 21:38:35'),
(810, 995, 'H78020674', '2022-09-03 21:39:28'),
(811, 996, 'H75401154', '2022-09-03 21:40:50'),
(812, 997, 'H72553493', '2022-09-03 21:42:01'),
(813, 998, 'H61546612', '2022-09-03 21:42:17'),
(814, 999, 'U76828509', '2022-09-03 21:42:34'),
(815, 1000, 'H76864166', '2022-09-03 21:42:51'),
(816, 1001, 'H73475612', '2022-09-03 21:43:35'),
(817, 1002, 'H73124752', '2022-09-03 21:43:52'),
(818, 1003, 'U76960849', '2022-09-03 21:44:06'),
(819, 1004, 'H72137479', '2022-09-03 21:45:22'),
(820, 1005, 'T75790398', '2022-09-03 21:47:48'),
(821, 1006, 'H78378501', '2022-09-03 21:48:23'),
(822, 1007, 'H46768767', '2022-09-03 21:48:31'),
(823, 1008, 'U62493794', '2022-09-03 21:48:58'),
(824, 1009, 'T45009648', '2022-09-03 21:49:06'),
(825, 1010, 'H73119994', '2022-09-03 21:51:20'),
(826, 1011, 'H74566231', '2022-09-03 21:52:28'),
(827, 1012, 'T60244281', '2022-09-03 21:52:41'),
(828, 1013, 'U63112404', '2022-09-03 21:53:51'),
(829, 1014, 'T75001634', '2022-09-03 21:53:52'),
(830, 1015, 'H44264512', '2022-09-03 21:53:56'),
(831, 1016, 'H75222391', '2022-09-03 21:54:14'),
(832, 1017, 'H73648151', '2022-09-03 21:55:06'),
(833, 1018, 'H74535140', '2022-09-03 21:56:04'),
(834, 1019, 'T62134499', '2022-09-03 21:56:20'),
(835, 1020, 'U71432575', '2022-09-03 21:56:22'),
(836, 1021, 'H60733386', '2022-09-03 21:56:58'),
(837, 1022, 'H75895765', '2022-09-03 21:57:22'),
(838, 1023, 'H73686009', '2022-09-03 21:58:22'),
(839, 1024, 'T77529590', '2022-09-03 21:58:28'),
(840, 1025, 'H61586052', '2022-09-03 21:58:31'),
(841, 1026, 'U73208504', '2022-09-03 21:59:35'),
(842, 1027, 'H74426872', '2022-09-03 22:00:50'),
(843, 1028, 'H78547670', '2022-09-03 22:01:05'),
(844, 1029, 'U75088307', '2022-09-03 22:02:40'),
(845, 1030, 'U71281516', '2022-09-03 22:02:41'),
(846, 1031, 'H74604740', '2022-09-03 22:03:43'),
(847, 1032, 'H76865372', '2022-09-03 22:04:13'),
(848, 1033, 'H74604741', '2022-09-03 22:04:31'),
(849, 1034, 'U63311924', '2022-09-03 22:07:03'),
(850, 1035, 'U73781310', '2022-09-03 22:08:02'),
(851, 1036, 'H44724925', '2022-09-03 22:08:58'),
(852, 1037, 'H71101599', '2022-09-03 22:10:23'),
(853, 1038, 'H46677059', '2022-09-03 22:10:45'),
(854, 1039, 'H74172635', '2022-09-03 22:11:48'),
(855, 1040, 'U71562859', '2022-09-03 22:13:02'),
(856, 1041, 'H73611131', '2022-09-03 22:13:03'),
(857, 1042, 'T71910608', '2022-09-03 22:13:21'),
(858, 1043, 'H73041447', '2022-09-03 22:13:56'),
(859, 1044, 'U71024151', '2022-09-03 22:13:57'),
(860, 1045, 'H77025486', '2022-09-03 22:14:37'),
(861, 1046, 'U60701671', '2022-09-03 22:15:49'),
(862, 1047, 'U62400886', '2022-09-03 22:17:04'),
(863, 1048, 'H75886458', '2022-09-03 22:17:14'),
(864, 1049, 'H71048232', '2022-09-03 22:17:52'),
(865, 1050, 'U76964395', '2022-09-03 22:18:05'),
(866, 1051, 'H71889082', '2022-09-03 22:18:32'),
(867, 1052, 'U60893170', '2022-09-03 22:19:20'),
(868, 1053, 'U72370818', '2022-09-03 22:20:42'),
(869, 1054, 'H76916946', '2022-09-03 22:20:53'),
(870, 1055, 'H45701441', '2022-09-03 22:21:10'),
(871, 1056, 'H42406582', '2022-09-03 22:22:15'),
(872, 1057, 'H75021792', '2022-09-03 22:22:17'),
(873, 1058, 'H75149528', '2022-09-03 22:23:38'),
(874, 1059, 'H75684934', '2022-09-03 22:24:48'),
(875, 1060, 'T76403045', '2022-09-03 22:26:55'),
(876, 1061, 'U62718500', '2022-09-03 22:27:14'),
(877, 1062, 'H75876954', '2022-09-03 22:28:38'),
(878, 1063, 'H74223253', '2022-09-03 22:29:16'),
(879, 1064, 'H47457070', '2022-09-03 22:30:06'),
(880, 1065, 'T74082038', '2022-09-03 22:30:15'),
(881, 1066, 'H74603711', '2022-09-03 22:30:38'),
(882, 1067, 'H74224132', '2022-09-03 22:31:08'),
(883, 1068, 'T73101709', '2022-09-03 22:31:59'),
(884, 1069, 'H62941888', '2022-09-03 22:32:23'),
(885, 1070, 'U74128723', '2022-09-03 22:33:07'),
(886, 1071, 'H71957337', '2022-09-03 22:34:30'),
(887, 1072, 'T23008057', '2022-09-03 22:35:11'),
(888, 1073, 'H74993334', '2022-09-03 22:35:16'),
(889, 1074, 'U75780920', '2022-09-03 22:35:23'),
(890, 1075, 'T73579599', '2022-09-03 22:38:04'),
(891, 1076, 'U63123430', '2022-09-03 22:38:16'),
(892, 1077, 'U63101372', '2022-09-03 22:41:17'),
(893, 1078, 'T60537328', '2022-09-03 22:41:41'),
(894, 1079, 'H60263635', '2022-09-03 22:42:28'),
(895, 1080, 'T75956200', '2022-09-03 22:44:33'),
(896, 1081, 'U75211630', '2022-09-03 22:45:39'),
(897, 1082, 'H76381467', '2022-09-03 22:46:55'),
(898, 1083, 'T71303314', '2022-09-03 22:47:09'),
(899, 1084, 'U62169825', '2022-09-03 22:50:07'),
(900, 1085, 'T72309442', '2022-09-03 22:50:12'),
(901, 1086, 'H75956018', '2022-09-03 22:51:25'),
(902, 1087, 'T61308105', '2022-09-03 22:51:57'),
(903, 1088, 'H73274166', '2022-09-03 22:53:40'),
(904, 1089, 'T72711040', '2022-09-03 22:56:25'),
(905, 1090, 'H73354268', '2022-09-03 22:58:01'),
(906, 1091, 'U74866003', '2022-09-03 22:58:56'),
(907, 1092, 'H74588179', '2022-09-03 22:59:35'),
(908, 1093, 'H46853067', '2022-09-03 23:01:00'),
(909, 1094, 'H75608244', '2022-09-03 23:03:07'),
(910, 1095, 'U61997255', '2022-09-03 23:04:16'),
(911, 1096, 'H71327358', '2022-09-03 23:04:27'),
(912, 1097, 'H73746032', '2022-09-03 23:05:03'),
(913, 1098, 'H72581470', '2022-09-03 23:06:38'),
(914, 1099, 'H74602993', '2022-09-03 23:06:47'),
(915, 1100, 'H71614798', '2022-09-03 23:09:12'),
(916, 1101, 'U76816976', '2022-09-03 23:09:41'),
(917, 1102, 'H74392875', '2022-09-03 23:09:49'),
(918, 1103, 'H75611623', '2022-09-03 23:12:29'),
(919, 1104, 'H72576386', '2022-09-03 23:13:35'),
(920, 1105, 'H60490970', '2022-09-03 23:14:48'),
(921, 1106, 'H62730138', '2022-09-03 23:19:03'),
(922, 1107, 'H48252873', '2022-09-03 23:23:11'),
(923, 1108, 'U74071154', '2022-09-03 23:23:49'),
(924, 1109, 'H76838470', '2022-09-03 23:33:05'),
(925, 1110, 'H76409283', '2022-09-05 13:21:11'),
(926, 1111, 'U45204990', '2022-09-05 13:24:09'),
(927, 1112, 'H60094285', '2022-09-05 13:32:58'),
(928, 1113, 'H72938474', '2022-09-05 13:33:58'),
(929, 1114, 'T75444792', '2022-09-05 13:37:22'),
(930, 1115, 'H40973806', '2022-09-05 13:48:53'),
(931, 1116, 'T75669025', '2022-09-05 13:50:18'),
(932, 1117, 'U72172310', '2022-09-05 13:53:22'),
(933, 1118, 'U75328051', '2022-09-05 13:55:23'),
(934, 1119, 'H75834371', '2022-09-05 13:55:35'),
(935, 1120, 'H74078909', '2022-09-05 13:55:50'),
(936, 1121, 'U48307074', '2022-09-05 14:00:32'),
(937, 1122, 'T60080679', '2022-09-05 14:00:53'),
(938, 1123, 'U73510107', '2022-09-05 14:05:03'),
(939, 1124, 'T76278136', '2022-09-05 14:07:08'),
(940, 1125, 'U60204644', '2022-09-05 14:11:21'),
(941, 1126, 'U72689605', '2022-09-05 14:13:29'),
(942, 1127, 'H71876839', '2022-09-05 14:16:31'),
(943, 1128, 'H76297470', '2022-09-05 14:17:45'),
(944, 1129, 'H76750426', '2022-09-05 14:21:24'),
(945, 1130, 'U62294746', '2022-09-05 14:21:44'),
(946, 1131, 'H76033825', '2022-09-05 14:25:45'),
(947, 1132, 'H71868046', '2022-09-05 14:27:07'),
(948, 1133, 'U76282634', '2022-09-05 14:28:36'),
(949, 1134, 'H47789522', '2022-09-05 14:36:37'),
(950, 1135, 'H45466024', '2022-09-05 14:41:50'),
(951, 1136, 'H74285393', '2022-09-05 14:42:04'),
(952, 1137, 'H75943657', '2022-09-05 14:44:34'),
(953, 1138, 'T77480729', '2022-09-05 14:44:50'),
(954, 1139, 'H61157507', '2022-09-05 14:46:40'),
(955, 1140, 'H62358394', '2022-09-05 14:48:50'),
(956, 1141, 'T74173624', '2022-09-05 14:49:28'),
(957, 1142, 'H60108482', '2022-09-05 14:50:32'),
(958, 1143, 'T74602607', '2022-09-05 14:51:24'),
(959, 1144, 'H73341436', '2022-09-05 14:51:33'),
(960, 1145, 'T71128261', '2022-09-05 14:53:14'),
(961, 1146, 'T73364265', '2022-09-05 14:54:33'),
(962, 1147, 'T77024882', '2022-09-05 14:56:13'),
(963, 1148, 'U76325464', '2022-09-05 14:59:19'),
(964, 1149, 'H60520738', '2022-09-05 15:02:50'),
(965, 1150, 'H74980036', '2022-09-05 15:06:01'),
(966, 1151, 'T60099093', '2022-09-05 15:10:41'),
(967, 1152, 'H75187940', '2022-09-05 15:12:10'),
(968, 1153, 'H75114986', '2022-09-05 15:13:21'),
(969, 1154, 'H71599486', '2022-09-05 15:16:34'),
(970, 1155, 'H76684147', '2022-09-05 15:16:39'),
(971, 1156, 'T62232361', '2022-09-05 15:17:37'),
(972, 1157, 'H74618227', '2022-09-05 15:19:06'),
(973, 1158, 'T60468238', '2022-09-05 15:22:34'),
(974, 1159, 'H70791023', '2022-09-05 15:22:39'),
(975, 1160, 'U81235737', '2022-09-05 15:22:46'),
(976, 1161, 'U75915547', '2022-09-05 15:24:04'),
(977, 1162, 'H45320540', '2022-09-05 15:24:29'),
(978, 1163, 'T76150118', '2022-09-05 15:24:39'),
(979, 1164, 'H71390899', '2022-09-05 15:28:17'),
(980, 1165, 'T77805098', '2022-09-05 15:28:51'),
(981, 1166, 'H78460321', '2022-09-05 15:30:58'),
(982, 1167, 'U63356930', '2022-09-05 15:31:00'),
(983, 1168, 'U74391082', '2022-09-05 15:33:58'),
(984, 1169, 'T77486703', '2022-09-05 15:33:59'),
(985, 1170, 'H42041940', '2022-09-05 15:35:08'),
(986, 1171, 'T60098177', '2022-09-05 15:36:05'),
(987, 1172, 'H74529011', '2022-09-05 15:40:14'),
(988, 1173, 'H72034821', '2022-09-05 15:41:23'),
(989, 1174, 'T73392542', '2022-09-05 15:41:31'),
(990, 1175, 'H71582247', '2022-09-05 15:43:35'),
(991, 1176, 'U75640714', '2022-09-05 15:46:40'),
(992, 1177, 'H73381991', '2022-09-05 15:47:47'),
(993, 1178, 'T60630546', '2022-09-05 15:48:11'),
(994, 1179, 'H41576123', '2022-09-05 15:50:05'),
(995, 1180, 'H71692234', '2022-09-05 15:53:13'),
(996, 1181, 'H74933247', '2022-09-05 15:54:16'),
(997, 1182, 'H22498720', '2022-09-05 15:55:19'),
(998, 1183, 'T73464097', '2022-09-05 15:55:45'),
(999, 1184, 'U60996998', '2022-09-05 15:55:50'),
(1000, 1185, 'T45994288', '2022-09-05 15:57:24'),
(1001, 1186, 'H74815482', '2022-09-05 16:03:01'),
(1002, 1187, 'H73318080', '2022-09-05 16:05:04'),
(1003, 1188, 'H74141586', '2022-09-05 16:05:38'),
(1004, 1189, 'T46635081', '2022-09-05 16:06:34'),
(1005, 1190, 'H43087261', '2022-09-05 16:07:40'),
(1006, 1191, 'T77538137', '2022-09-05 16:07:57'),
(1007, 1192, 'U78011826', '2022-09-05 16:08:24'),
(1008, 1193, 'U48505971', '2022-09-05 16:09:57'),
(1009, 1194, 'H72485308', '2022-09-05 16:12:58'),
(1010, 1195, 'H71888058', '2022-09-05 16:13:48'),
(1011, 1196, 'T60528049', '2022-09-05 16:18:21'),
(1012, 1197, 'U60515330', '2022-09-05 16:18:53'),
(1013, 1198, 'T48424888', '2022-09-05 16:20:36'),
(1014, 1199, 'T63281181', '2022-09-05 16:22:58'),
(1015, 1200, 'H70718885', '2022-09-05 16:24:28'),
(1016, 1201, 'U63692827', '2022-09-05 16:25:06'),
(1017, 1202, 'H48015973', '2022-09-05 16:27:52'),
(1018, 1203, 'H74884955', '2022-09-05 16:29:36'),
(1019, 1204, 'U60996812', '2022-09-05 16:29:46'),
(1020, 1205, 'H48348260', '2022-09-05 16:30:27'),
(1021, 1206, 'U71961467', '2022-09-05 16:32:26'),
(1022, 1207, 'T60235755', '2022-09-05 16:32:44'),
(1023, 1208, 'H74069950', '2022-09-05 16:34:45'),
(1024, 1209, 'H75005052', '2022-09-05 16:34:57'),
(1025, 1210, 'T61839054', '2022-09-05 16:36:04'),
(1026, 1211, 'H75965555', '2022-09-05 16:36:57'),
(1027, 1212, 'U76149562', '2022-09-05 16:37:48'),
(1028, 1213, 'U70495230', '2022-09-05 16:37:56'),
(1029, 1214, 'T74951412', '2022-09-05 16:38:57'),
(1030, 1215, 'U75425903', '2022-09-05 16:41:32'),
(1031, 1216, 'T72309422', '2022-09-05 16:42:13'),
(1032, 1217, 'H60009694', '2022-09-05 16:43:56'),
(1033, 1218, 'H44521778', '2022-09-05 16:44:01'),
(1034, 1219, 'H75979018', '2022-09-05 16:44:25'),
(1035, 1220, 'H71637003', '2022-09-05 16:44:37'),
(1036, 1221, 'T61544306', '2022-09-05 16:47:34'),
(1037, 1222, 'H73584356', '2022-09-05 16:48:57'),
(1038, 1223, 'T62575007', '2022-09-05 16:49:25'),
(1039, 1224, 'H74077193', '2022-09-05 16:49:29'),
(1040, 1225, 'U77478674', '2022-09-05 16:49:51'),
(1041, 1226, 'H73437462', '2022-09-05 16:51:03'),
(1042, 1227, 'U76245822', '2022-09-05 16:51:32'),
(1043, 1228, 'U71008393', '2022-09-05 16:52:00'),
(1044, 1229, 'T76794399', '2022-09-05 16:52:09'),
(1045, 1230, 'U60087874', '2022-09-05 16:53:01'),
(1046, 1231, 'U72556724', '2022-09-05 16:53:12'),
(1047, 1232, 'U60534425', '2022-09-05 16:53:55'),
(1048, 1233, 'T73388841', '2022-09-05 16:54:19'),
(1049, 1234, 'H74164164', '2022-09-05 16:55:22'),
(1050, 1235, 'H72318422', '2022-09-05 16:55:50'),
(1051, 1236, 'T76364782', '2022-09-05 16:57:25'),
(1052, 1237, 'U76442587', '2022-09-05 16:57:55'),
(1053, 1238, 'U48850227', '2022-09-05 16:58:57'),
(1054, 1239, 'T46809482', '2022-09-05 16:59:07'),
(1055, 1240, 'T71303767', '2022-09-05 17:00:55'),
(1056, 1241, 'H75925649', '2022-09-05 17:02:05'),
(1057, 1242, 'H60490993', '2022-09-05 17:03:07'),
(1058, 1243, 'T78375342', '2022-09-05 17:03:09'),
(1059, 1244, 'T46878715', '2022-09-05 17:04:33'),
(1060, 1245, 'U61651176', '2022-09-05 17:05:05'),
(1061, 1246, 'T75892499', '2022-09-05 17:06:22'),
(1062, 1247, 'U43103533', '2022-09-05 17:07:07'),
(1063, 1248, 'T75555233', '2022-09-05 17:08:41'),
(1064, 1249, 'H76012085', '2022-09-05 17:09:17'),
(1065, 1250, 'H77798918', '2022-09-05 17:10:38'),
(1066, 1251, 'H74543534', '2022-09-05 17:11:41'),
(1067, 1252, 'T73194139', '2022-09-05 17:13:02'),
(1068, 1253, 'H75878355', '2022-09-05 17:13:22'),
(1069, 1254, 'H75952066', '2022-09-05 17:14:33'),
(1070, 1255, 'H77685147', '2022-09-05 17:14:38'),
(1071, 1256, 'T70428112', '2022-09-05 17:15:14'),
(1072, 1257, 'H72093394', '2022-09-05 17:17:28'),
(1073, 1258, 'H71503064', '2022-09-05 17:19:05'),
(1074, 1259, 'H78460769', '2022-09-05 17:23:17'),
(1075, 1260, 'H74878154', '2022-09-05 17:24:07'),
(1076, 1261, 'T72039804', '2022-09-05 17:24:59'),
(1077, 1262, 'H74880293', '2022-09-05 17:25:02'),
(1078, 1263, 'T77052836', '2022-09-05 17:26:36'),
(1079, 1264, 'U75616104', '2022-09-05 17:27:18');
INSERT INTO `alumnos` (`idAlumno`, `idPersonaAlumno`, `codigo`, `fechaAlumno`) VALUES
(1080, 1265, 'H48078995', '2022-09-05 17:28:02'),
(1081, 1266, 'H72262804', '2022-09-05 17:30:42'),
(1082, 1267, 'H73183175', '2022-09-05 17:36:00'),
(1083, 1268, 'H73569649', '2022-09-05 17:36:52'),
(1084, 1269, 'U72370799', '2022-09-05 17:38:09'),
(1085, 1270, 'T75337622', '2022-09-05 17:39:02'),
(1086, 1271, 'H60724110', '2022-09-05 17:41:15'),
(1087, 1272, 'U73598783', '2022-09-05 17:42:14'),
(1088, 1273, 'T62370512', '2022-09-05 17:42:32'),
(1089, 1274, 'U42446289', '2022-09-05 17:42:45'),
(1090, 1275, 'H76224273', '2022-09-05 17:43:24'),
(1091, 1276, 'H73246958', '2022-09-05 17:44:27'),
(1092, 1277, 'H74173075', '2022-09-05 17:46:55'),
(1093, 1278, 'T75522786', '2022-09-05 17:47:47'),
(1094, 1279, 'H47570105', '2022-09-05 17:47:53'),
(1095, 1280, 'T77212403', '2022-09-05 17:49:33'),
(1096, 1281, 'H72093395', '2022-09-05 17:51:42'),
(1097, 1282, 'T71308113', '2022-09-05 17:51:53'),
(1098, 1283, 'H75374030', '2022-09-05 17:58:15'),
(1099, 1284, 'U75234883', '2022-09-05 18:07:41'),
(1100, 1285, 'H71740975', '2022-09-05 18:10:20'),
(1101, 1286, 'T76173063', '2022-09-05 18:11:05'),
(1102, 1287, 'H60737670', '2022-09-05 18:13:38'),
(1103, 1288, 'T74392612', '2022-09-05 18:20:02'),
(1104, 1289, 'T77797945', '2022-09-05 18:26:23'),
(1105, 1290, 'T75867203', '2022-09-05 18:28:31'),
(1106, 1291, 'T74647315', '2022-09-05 18:29:30'),
(1107, 1292, 'H74388496', '2022-09-05 18:30:50'),
(1108, 1293, 'U75188395', '2022-09-05 18:31:32'),
(1109, 1294, 'H72926050', '2022-09-05 18:32:03'),
(1110, 1295, 'T62259871', '2022-09-05 18:32:12'),
(1111, 1296, 'U45963211', '2022-09-05 18:36:22'),
(1112, 1297, 'H76097213', '2022-09-05 18:37:42'),
(1113, 1298, 'T75827398', '2022-09-05 18:38:29'),
(1114, 1299, 'H74167587', '2022-09-05 18:40:36'),
(1115, 1300, 'H40743356', '2022-09-05 18:40:44'),
(1116, 1301, 'U76820193', '2022-09-05 18:45:09'),
(1117, 1302, 'T75855489', '2022-09-05 18:47:15'),
(1118, 1303, 'U76848801', '2022-09-05 18:47:36'),
(1119, 1304, 'H74596672', '2022-09-05 18:50:46'),
(1120, 1305, 'T78971063', '2022-09-05 18:51:44'),
(1121, 1306, 'U77322551', '2022-09-05 18:52:14'),
(1122, 1307, 'H74913407', '2022-09-05 18:53:09'),
(1123, 1308, 'T77503322', '2022-09-05 18:53:27'),
(1124, 1309, 'T46102557', '2022-09-05 18:55:36'),
(1125, 1310, 'H72919354', '2022-09-05 18:57:18'),
(1126, 1311, 'H75725780', '2022-09-05 18:58:22'),
(1127, 1312, 'H73635799', '2022-09-05 19:00:17'),
(1128, 1313, 'U60591059', '2022-09-05 19:02:07'),
(1129, 1314, 'U77665200', '2022-09-05 19:04:09'),
(1130, 1315, 'U76263200', '2022-09-05 19:05:30'),
(1131, 1316, 'H74361142', '2022-09-05 19:06:21'),
(1132, 1317, 'T76149715', '2022-09-05 19:10:13'),
(1133, 1318, 'U75579643', '2022-09-05 19:10:43'),
(1134, 1319, 'H72405280', '2022-09-05 19:11:04'),
(1135, 1320, 'T75692208', '2022-09-05 19:11:42'),
(1136, 1321, 'U75860982', '2022-09-05 19:14:27'),
(1137, 1322, 'H73036731', '2022-09-05 19:19:21'),
(1138, 1323, 'H46076188', '2022-09-05 19:23:16'),
(1139, 1324, 'H73660695', '2022-09-05 19:24:14'),
(1140, 1325, 'T71572286', '2022-09-05 19:25:15'),
(1141, 1326, 'U90080653', '2022-09-05 19:27:09'),
(1142, 1327, 'T77659349', '2022-09-05 19:29:53'),
(1143, 1328, 'T63060758', '2022-09-05 19:31:06'),
(1144, 1329, 'H60949028', '2022-09-05 19:32:48'),
(1145, 1330, 'H77066660', '2022-09-05 19:33:08'),
(1146, 1331, 'U63369448', '2022-09-05 19:33:45'),
(1147, 1332, 'T76870687', '2022-09-05 19:33:58'),
(1148, 1333, 'H72150925', '2022-09-05 19:37:00'),
(1149, 1334, 'U47845156', '2022-09-05 19:38:17'),
(1150, 1335, 'U77312180', '2022-09-05 19:40:00'),
(1151, 1336, 'H72025236', '2022-09-05 19:43:41'),
(1152, 1337, 'H47830908', '2022-09-05 19:44:42'),
(1153, 1338, 'T76922985', '2022-09-05 19:45:41'),
(1154, 1339, 'U70943950', '2022-09-05 19:46:01'),
(1155, 1340, 'U75238887', '2022-09-05 19:47:25'),
(1156, 1341, 'H60949004', '2022-09-05 19:47:34'),
(1157, 1342, 'H73593483', '2022-09-05 19:47:42'),
(1158, 1343, 'T73581948', '2022-09-05 19:47:55'),
(1159, 1344, 'T75824582', '2022-09-05 19:50:28'),
(1160, 1345, 'H74979787', '2022-09-05 19:51:41'),
(1161, 1346, 'H74915754', '2022-09-05 19:51:54'),
(1162, 1347, 'H48671620', '2022-09-05 19:54:32'),
(1163, 1348, 'U71660935', '2022-09-05 19:54:36'),
(1164, 1349, 'U71777788', '2022-09-05 19:56:10'),
(1165, 1350, 'T73957464', '2022-09-05 19:56:18'),
(1166, 1351, 'U72546880', '2022-09-05 20:00:09'),
(1167, 1352, 'U75397058', '2022-09-05 20:02:02'),
(1168, 1353, 'H74221316', '2022-09-05 20:02:36'),
(1169, 1354, 'T71698163', '2022-09-05 20:03:22'),
(1170, 1355, 'T74765963', '2022-09-05 20:04:44'),
(1171, 1356, 'U63145178', '2022-09-05 20:05:12'),
(1172, 1357, 'T76802948', '2022-09-05 20:05:54'),
(1173, 1358, 'T75422916', '2022-09-05 20:07:34'),
(1174, 1359, 'H74937024', '2022-09-05 20:08:31'),
(1175, 1360, 'U76050939', '2022-09-05 20:09:30'),
(1176, 1361, 'T76811931', '2022-09-05 20:09:58'),
(1177, 1362, 'H78716528', '2022-09-05 20:12:05'),
(1178, 1363, 'U76935646', '2022-09-05 20:14:38'),
(1179, 1364, 'T74938158', '2022-09-05 20:14:40'),
(1180, 1365, 'U76477902', '2022-09-05 20:15:40'),
(1181, 1366, 'T71306373', '2022-09-05 20:17:49'),
(1182, 1367, 'U72793387', '2022-09-05 20:18:08'),
(1183, 1368, 'T60468018', '2022-09-05 20:18:48'),
(1184, 1369, 'T77047754', '2022-09-05 20:19:51'),
(1185, 1370, 'H77793920', '2022-09-05 20:20:30'),
(1186, 1371, 'T76318960', '2022-09-05 20:20:52'),
(1187, 1372, 'H62103367', '2022-09-05 20:20:59'),
(1188, 1373, 'U63692341', '2022-09-05 20:21:47'),
(1189, 1374, 'T71303930', '2022-09-05 20:22:09'),
(1190, 1375, 'T76289876', '2022-09-05 20:23:10'),
(1191, 1376, 'U75127047', '2022-09-05 20:30:26'),
(1192, 1377, 'H71740981', '2022-09-05 20:36:19'),
(1193, 1378, 'U62969315', '2022-09-05 20:38:00'),
(1194, 1379, 'H73937486', '2022-09-05 20:38:28'),
(1195, 1380, 'H74697442', '2022-09-05 20:39:24'),
(1196, 1381, 'U76238493', '2022-09-05 20:43:23'),
(1197, 1382, 'H74572443', '2022-09-05 20:44:33'),
(1198, 1383, 'U63363817', '2022-09-05 20:46:51'),
(1199, 1384, 'U73754715', '2022-09-05 20:47:00'),
(1200, 1385, 'U73790411', '2022-09-05 20:50:26'),
(1201, 1386, 'U62493799', '2022-09-05 20:50:40'),
(1202, 1387, 'H74577647', '2022-09-05 20:51:22'),
(1203, 1388, 'H76674679', '2022-09-05 20:51:30'),
(1204, 1389, 'U75554173', '2022-09-05 20:52:29'),
(1205, 1390, 'H44587714', '2022-09-05 20:54:50'),
(1206, 1391, 'T75777880', '2022-09-05 20:58:46'),
(1207, 1392, 'U60232516', '2022-09-05 21:00:31'),
(1208, 1393, 'T61699823', '2022-09-05 21:05:41'),
(1209, 1394, 'U62780101', '2022-09-05 21:07:17'),
(1210, 1395, 'H74946010', '2022-09-05 21:07:41'),
(1211, 1396, 'T71578757', '2022-09-05 21:09:40'),
(1212, 1397, 'U77342748', '2022-09-05 21:10:01'),
(1213, 1398, 'H76915231', '2022-09-05 21:10:52'),
(1214, 1399, 'H77054202', '2022-09-05 21:11:04'),
(1215, 1400, 'H60108105', '2022-09-05 21:13:49'),
(1216, 1401, 'T62354733', '2022-09-05 21:14:48'),
(1217, 1402, 'H77476574', '2022-09-05 21:15:02'),
(1218, 1403, 'U72907141', '2022-09-05 21:18:33'),
(1219, 1404, 'H71627065', '2022-09-05 21:20:31'),
(1220, 1405, 'T63221862', '2022-09-05 21:22:04'),
(1221, 1406, 'U76069044', '2022-09-05 21:24:23'),
(1222, 1407, 'T74936821', '2022-09-05 21:25:50'),
(1223, 1408, 'H73594065', '2022-09-05 21:30:45'),
(1224, 1409, 'H71630921', '2022-09-05 21:34:25'),
(1225, 1410, 'U61627142', '2022-09-05 21:38:48'),
(1226, 1411, 'U73789136', '2022-09-05 21:38:53'),
(1227, 1412, 'H74593800', '2022-09-05 21:40:58'),
(1228, 1413, 'H72120406', '2022-09-05 21:41:52'),
(1229, 1414, 'H74364877', '2022-09-05 21:44:57'),
(1230, 1415, 'H70223892', '2022-09-05 21:45:25'),
(1231, 1416, 'H79052574', '2022-09-05 21:45:58'),
(1232, 1417, 'U71304010', '2022-09-05 21:47:49'),
(1233, 1418, 'H75900272', '2022-09-05 21:54:26'),
(1234, 1419, 'U61343757', '2022-09-05 21:58:07'),
(1235, 1420, 'U75485388', '2022-09-05 21:59:50'),
(1236, 1421, 'U60755887', '2022-09-05 22:01:13'),
(1237, 1422, 'H75277960', '2022-09-05 22:03:42'),
(1238, 1423, 'H74426860', '2022-09-05 22:06:23'),
(1239, 1424, 'U61307569', '2022-09-05 22:06:46'),
(1240, 1425, 'H76054401', '2022-09-05 22:07:31'),
(1241, 1426, 'H75984549', '2022-09-05 22:14:57'),
(1242, 1427, 'H75465356', '2022-09-05 22:17:45'),
(1243, 1428, 'U60845230', '2022-09-05 22:27:04'),
(1244, 1429, 'H60218757', '2022-09-05 22:27:21'),
(1245, 1430, 'H70625096', '2022-09-05 22:29:34'),
(1246, 1431, 'H74691860', '2022-09-05 22:31:40'),
(1247, 1432, 'T71306366', '2022-09-05 22:32:58'),
(1248, 1433, 'H74765957', '2022-09-05 22:33:03'),
(1249, 1434, 'H72287872', '2022-09-05 22:38:38'),
(1250, 1435, 'U76008799', '2022-09-05 22:42:37'),
(1251, 1436, 'H74617763', '2022-09-05 22:43:13'),
(1252, 1437, 'H74983742', '2022-09-05 22:47:19'),
(1253, 1438, 'H47966790', '2022-09-05 22:52:33'),
(1254, 1439, 'H74040538', '2022-09-05 23:00:46'),
(1255, 1440, 'U40553046', '2022-09-05 23:03:06'),
(1256, 1441, 'H61928124', '2022-09-05 23:04:15'),
(1257, 1442, 'H72213010', '2022-09-05 23:04:51'),
(1258, 1443, 'H46961147', '2022-09-05 23:06:30'),
(1259, 1444, 'U77169812', '2022-09-05 23:06:59'),
(1260, 1445, 'H71919431', '2022-09-05 23:09:00'),
(1261, 1446, 'H75178015', '2022-09-05 23:12:11'),
(1262, 1447, 'H47351871', '2022-09-05 23:12:54'),
(1263, 1448, 'U70773894', '2022-09-05 23:17:23'),
(1264, 1449, 'U61122879', '2022-09-05 23:17:24'),
(1265, 1450, 'T71572346', '2022-09-05 23:18:06'),
(1266, 1451, 'T48691393', '2022-09-05 23:20:01'),
(1267, 1452, 'H75226564', '2022-09-05 23:22:32'),
(1268, 1453, 'H73992762', '2022-09-05 23:26:21'),
(1269, 1454, 'U47400601', '2022-09-05 23:28:14'),
(1270, 1455, 'H75015369', '2022-09-05 23:31:15'),
(1271, 1456, 'U79318521', '2022-09-05 23:33:02'),
(1272, 1457, 'U61808185', '2022-09-05 23:37:39'),
(1273, 1458, 'T74950593', '2022-09-05 23:39:37'),
(1274, 1459, 'T77407717', '2022-09-05 23:41:25'),
(1275, 1460, 'H74501138', '2022-09-05 23:59:17'),
(1276, 1461, 'H74135569', '2022-09-06 00:01:38'),
(1277, 1462, 'T73815919', '2022-09-06 00:05:57'),
(1278, 1463, 'H71305880', '2022-09-06 00:07:11'),
(1279, 1464, 'H20064237', '2022-09-06 00:12:50'),
(1280, 1465, 'H77177685', '2022-09-06 00:21:42'),
(1281, 1466, 'H77539108', '2022-09-06 00:24:01'),
(1282, 1467, 'T60510664', '2022-09-06 00:24:05'),
(1283, 1468, 'T60316193', '2022-09-06 00:25:05'),
(1284, 1469, 'T75308064', '2022-09-06 15:29:22'),
(1285, 1470, 'H74367406', '2022-09-06 19:56:14'),
(1286, 1471, 'H73906810', '2022-09-06 22:53:19'),
(1287, 1472, 'H77392270', '2022-09-07 14:14:00'),
(1288, 1473, 'H75878352', '2022-09-07 16:26:42'),
(1289, 1474, 'H72115403', '2022-09-07 17:05:43'),
(1290, 1475, 'H48121136', '2022-09-07 20:28:59'),
(1291, 1476, 'H45252095', '2022-09-07 20:32:05'),
(1292, 1477, 'H76879365', '2022-09-07 21:56:03'),
(1293, 1478, 'H75675933', '2022-09-07 21:56:20'),
(1294, 1479, 'H71892452', '2022-09-07 22:46:08'),
(1295, 1480, 'H75347386', '2022-09-08 13:44:12'),
(1296, 1481, 'H75169475', '2022-09-08 13:46:26'),
(1297, 1482, 'H71926029', '2022-09-08 13:47:59'),
(1298, 1483, 'H74990485', '2022-09-08 13:50:05'),
(1299, 1484, 'H74931595', '2022-09-08 13:51:13'),
(1300, 1485, 'H48337044', '2022-09-08 13:59:00'),
(1301, 1486, 'H70333597', '2022-09-08 14:01:50'),
(1302, 1487, 'H76031244', '2022-09-08 14:03:17'),
(1303, 1488, 'H46126036', '2022-09-08 14:05:34'),
(1304, 1489, 'H76594431', '2022-09-08 14:14:34'),
(1305, 1490, 'H76938432', '2022-09-09 16:11:33'),
(1306, 1491, 'H40269050', '2022-09-09 20:56:08'),
(1307, 1492, 'H71306407', '2022-09-09 21:04:48'),
(1308, 1493, 'H74562322', '2022-09-09 21:05:48'),
(1309, 1494, 'T46833316', '2022-09-09 21:30:50'),
(1310, 1495, 'H71892415', '2022-09-09 22:52:51'),
(1311, 1496, 'U72165262', '2022-09-12 17:21:09'),
(1312, 1497, 'H72755199', '2022-09-12 18:02:32'),
(1313, 1498, 'U72631523', '2022-09-12 22:00:15'),
(1314, 1499, 'T76350569', '2022-09-12 23:35:33');

-- --------------------------------------------------------

--
-- Estructura de tabla para la tabla `asistencia`
--

CREATE TABLE `asistencia` (
  `idAsistencia` int(11) NOT NULL,
  `idPersonalAsistencia` int(11) DEFAULT NULL,
  `idHorarioAsistencia` int(11) DEFAULT NULL,
  `horaEntrada` datetime DEFAULT NULL,
  `horaSalida` datetime DEFAULT NULL,
  `estadoAsistencia` tinyint(4) NOT NULL
) ENGINE=InnoDB DEFAULT CHARSET=utf8;

-- --------------------------------------------------------

--
-- Estructura de tabla para la tabla `asistencia_docente`
--

CREATE TABLE `asistencia_docente` (
  `idAsistenciaDocente` int(11) NOT NULL,
  `idPersonaAsistencia` int(11) DEFAULT NULL,
  `idAsistenciaHor` int(11) DEFAULT NULL,
  `idUsuarioAsistencia` int(11) DEFAULT NULL,
  `fechaAsis` date DEFAULT NULL,
  `horaEntrada` time DEFAULT NULL,
  `horaSalida` time DEFAULT NULL,
  `tipo` tinyint(4) DEFAULT NULL,
  `observacion` text DEFAULT NULL,
  `estado` tinyint(1) DEFAULT NULL,
  `fechaAsistencia` timestamp NULL DEFAULT current_timestamp()
) ENGINE=InnoDB DEFAULT CHARSET=utf8;

-- --------------------------------------------------------

--
-- Estructura de tabla para la tabla `cargos`
--

CREATE TABLE `cargos` (
  `idCargo` int(11) NOT NULL,
  `nombreCargo` varchar(80) NOT NULL
) ENGINE=InnoDB DEFAULT CHARSET=utf8;

--
-- Volcado de datos para la tabla `cargos`
--

INSERT INTO `cargos` (`idCargo`, `nombreCargo`) VALUES
(1, 'DOCENTE'),
(2, 'ASISTENTE'),
(3, 'GERENTE'),
(4, 'DIRECTOR'),
(5, 'SECRETARIA');

-- --------------------------------------------------------

--
-- Estructura de tabla para la tabla `carreras`
--

CREATE TABLE `carreras` (
  `idCarrera` int(11) NOT NULL,
  `idPlanCarrera` int(11) DEFAULT NULL,
  `nombreCarrera` varchar(200) NOT NULL,
  `estadoCarrera` tinyint(1) NOT NULL DEFAULT 1,
  `estadoDel` tinyint(4) NOT NULL,
  `fechaCarrera` timestamp NOT NULL DEFAULT current_timestamp() ON UPDATE current_timestamp()
) ENGINE=InnoDB DEFAULT CHARSET=utf8;

--
-- Volcado de datos para la tabla `carreras`
--

INSERT INTO `carreras` (`idCarrera`, `idPlanCarrera`, `nombreCarrera`, `estadoCarrera`, `estadoDel`, `fechaCarrera`) VALUES
(5, 1, 'CONTABILIDAD', 1, 0, '2022-07-05 21:30:23'),
(6, 1, 'ADMINISTRACIÓN DE EMPRESAS', 1, 0, '2022-07-05 21:30:52'),
(7, 1, 'ADMINISTRACIÓN DE NEGOCIOS BANCARIOS Y FINANCIEROS', 1, 0, '2022-07-05 21:30:23'),
(8, 1, 'FARMACIA TÉCNICA', 1, 0, '2022-07-05 21:30:32'),
(9, 1, 'ENFERMERÍA TÉCNICA', 1, 0, '2022-07-05 21:31:10');

-- --------------------------------------------------------

--
-- Estructura de tabla para la tabla `cursos`
--

CREATE TABLE `cursos` (
  `idCurso` int(11) NOT NULL,
  `idCarreraCurso` int(11) DEFAULT NULL,
  `nombreCurso` varchar(254) NOT NULL,
  `periodo` varchar(5) NOT NULL,
  `codigo` varchar(10) NOT NULL,
  `correlativo` varchar(10) NOT NULL,
  `creditosCurso` int(11) DEFAULT NULL,
  `tipo` char(1) DEFAULT NULL,
  `estado` tinyint(1) NOT NULL DEFAULT 1,
  `fechaRegistro` timestamp NOT NULL DEFAULT current_timestamp() ON UPDATE current_timestamp()
) ENGINE=InnoDB DEFAULT CHARSET=utf8;

--
-- Volcado de datos para la tabla `cursos`
--

INSERT INTO `cursos` (`idCurso`, `idCarreraCurso`, `nombreCurso`, `periodo`, `codigo`, `correlativo`, `creditosCurso`, `tipo`, `estado`, `fechaRegistro`) VALUES
(2, 6, 'COMUNICACIÓN EFECTIVA', '1', 'AE009', '', 2, 'T', 1, '2022-07-06 13:50:09'),
(3, 6, 'FUNDAMENTOS DE ADMINISTRACIÓN Y GESTIÓN DE DOCUMENTOS', '1', 'AE001', '', 4, 'C', 1, '2022-07-06 16:24:36'),
(4, 6, 'REGISTRO DOCUMENTARIO', '1', 'AE002', '', 4, 'C', 1, '2022-07-06 16:26:06'),
(5, 6, 'TRÁMITE DOCUMENTARIO', '1', 'AE003', '', 4, 'C', 1, '2022-07-06 16:26:48'),
(6, 6, 'MATEMÁTICA PARA LOS NEGOCIOS', '1', 'AE004', '', 3, 'C', 1, '2022-07-06 16:29:00'),
(7, 6, 'TECNOLOGÍAS DE LA INFORMACIÓN', '1', 'AE010', '', 2, 'T', 1, '2022-07-06 16:29:30'),
(8, 6, 'ATENCIÓN Y SERVICIO AL CLIENTE', '2', 'AE005', 'AE001', 4, 'C', 1, '2022-07-15 22:46:58'),
(9, 6, 'ARCHIVO Y CONTROL DE LA DOCUMENTACIÓN EMPRESARIAL', '2', 'AE006', 'AE002', 4, 'C', 1, '2022-07-15 22:48:31'),
(10, 6, 'DOCUMENTACIÓN CONTABLE Y FINANCIERA', '2', 'AE007', '', 3, 'C', 1, '2022-07-15 22:49:08'),
(11, 6, 'ECONOMÍA PARA LOS NEGOCIOS', '2', 'AE008', 'AE004', 4, 'C', 1, '2022-07-15 22:49:43'),
(12, 6, 'RESPONSABILIDAD SOCIAL Y DESARROLLO SOSTENIBLE', '2', 'AE011', '', 2, 'T', 1, '2022-07-15 22:50:19'),
(13, 6, 'DIAGNOSTICO EMPRESARIAL', '3', 'AE012', 'AE001', 3, 'C', 1, '2022-07-15 22:51:36'),
(14, 6, 'GESTIÓN DE OPERACIONES EMPRESARIALES', '3', 'AE013', 'AE001', 3, 'C', 1, '2022-07-15 22:52:17'),
(15, 6, 'ESTUDIO DE METODOS DE TRABAJO', '3', 'AE014', 'AE001', 3, 'C', 1, '2022-07-15 22:53:15'),
(16, 6, 'CONTABILIDAD GENERAL', '3', 'AE015', 'AE007', 3, 'C', 1, '2022-07-15 22:53:46'),
(17, 6, 'ESTADISTICA EMPRESARIAL', '3', 'AE016', 'AE004', 3, 'C', 1, '2022-07-15 22:54:31'),
(18, 6, 'LIDERAZGO PERSONAL Y PROFESIONAL', '3', 'AE022', '', 2, 'T', 1, '2022-07-15 22:55:53'),
(19, 6, 'CULTURA AMBIENTAL', '3', 'AE023', 'AE011', 2, 'C', 1, '2022-07-15 22:56:15'),
(20, 6, 'GESTIÓN DE TALENTO HUMANO', '4', 'AE017', 'AE014', 3, 'C', 1, '2022-07-15 22:57:23'),
(21, 6, 'ORGANIZACIÓN DE LOS PROCESOS EMPRESARIALES', '4', 'AE018', 'AE013', 3, 'C', 1, '2022-07-15 22:58:26'),
(22, 6, 'PRODUCTIVIDAD EMPRESARIAL', '4', 'AE019', 'AE014', 3, 'C', 1, '2022-07-15 22:59:11'),
(23, 6, 'LOGISTICA', '4', 'AE020', 'AE013', 3, 'C', 1, '2022-07-15 22:59:48'),
(24, 6, 'COSTOS Y PRESUPUESTOS', '4', 'AE021', 'AE015', 3, 'C', 1, '2022-07-15 23:01:00'),
(25, 6, 'INGLES 1', '4', 'AE024', '', 2, 'T', 1, '2022-07-15 23:01:28'),
(26, 6, 'PLANEACIÓN ESTRATEGICA', '5', 'AE025', 'AE018', 3, 'C', 1, '2022-07-21 22:44:59'),
(27, 6, 'GESTIÓN FINANCIERA', '5', 'AE026', 'AE021', 3, 'C', 1, '2022-07-15 23:02:34'),
(28, 6, 'ADMINISTRACIÓN DE OPERACIONES', '5', 'AE027', 'AE013', 3, 'C', 1, '2022-07-15 23:03:45'),
(29, 6, 'DIRECCIÓN EMPRESARIAL', '5', 'AE028', 'AE018', 3, 'C', 1, '2022-07-15 23:04:17'),
(30, 6, 'FORMULACIÓN Y EVALUACIÓN DE PROYECTOS', '5', 'AE029', '', 3, 'C', 1, '2022-07-15 23:04:48'),
(31, 6, 'INGLES 2', '5', 'AE035', 'AE024', 2, 'T', 1, '2022-07-15 23:05:18'),
(32, 6, 'INNOVACIÓN 1', '5', 'AE036', '', 3, 'T', 1, '2022-07-15 23:05:50'),
(33, 6, 'INDICADORES DE GESTIÓN', '6', 'AE030', 'AE025', 2, 'C', 1, '2022-07-15 23:06:28'),
(34, 6, 'GESTIÓN DE PROYECTOS', '6', 'AE031', 'AE029', 3, 'C', 1, '2022-07-15 23:06:52'),
(35, 6, 'AUDITORÍA Y CONTROL EMPRESARIAL', '6', 'AE032', 'AE028', 3, 'C', 1, '2022-07-21 20:25:13'),
(36, 6, 'ADMINISTRACIÓN FINANCIERA Y PRESUPUESTO', '6', 'AE033', 'AE026', 3, 'C', 1, '2022-07-21 20:26:00'),
(37, 6, 'NEGOCIACIÓN EMPRESARIAL', '6', 'AE034', '', 3, 'C', 1, '2022-07-21 20:26:36'),
(38, 6, 'INNOVACIÓN 2', '6', 'AE037', 'AE036', 3, 'T', 1, '2022-07-21 20:27:12'),
(39, 6, 'EMPRENDIMIENTO', '6', 'AE038', '', 2, 'T', 1, '2022-07-21 20:27:39'),
(40, 7, 'COMUNICACIÓN PARA LOS NEGOCIOS', '1', 'AB001', '', 2, 'C', 1, '2022-07-21 20:28:30'),
(41, 7, 'GESTIÓN DE CAJA Y SERVICIOS FINANCIEROS I', '1', 'AB002', '', 3, 'C', 1, '2022-07-21 20:29:02'),
(42, 7, 'MATEMÁTICA PARA LOS NEGOCIOS', '1', 'AB003', '', 2, 'C', 1, '2022-07-21 20:30:13'),
(43, 7, 'GESTIÓN EMPRESARIAL', '1', 'AB004', '', 2, 'C', 1, '2022-07-21 20:30:45'),
(44, 7, 'INTRODUCCIÓN AL SISTEMA BANCARIO Y FINANCIERO', '1', 'AB005', '', 2, 'C', 1, '2022-07-21 20:31:09'),
(45, 7, 'ECONOMÍA APLICADA', '1', 'AB006', '', 3, 'C', 1, '2022-07-21 20:31:28'),
(46, 7, 'COMUNICACIÓN EFECTIVA', '1', 'AB012', '', 2, 'T', 1, '2022-07-21 20:31:47'),
(47, 7, 'TECNOLOGÍAS DE LA INFORMACIÓN', '1', 'AB013', '', 2, 'T', 1, '2022-07-21 20:32:04'),
(48, 7, 'INFORMÁTICA PARA LOS NEGOCIOS', '2', 'AB007', 'AB013', 3, 'C', 1, '2022-07-21 20:34:09'),
(49, 7, 'ASESORIA FINANCIERA Y SERVICIO ATENCIÓN AL CLIENTE', '2', 'AB008', '', 3, 'C', 1, '2022-07-21 20:32:52'),
(50, 7, 'GESTIÓN DE CAJA Y SERVICIOS FINANCIEROS II', '2', 'AB009', 'AB002', 3, 'C', 1, '2022-07-21 20:33:58'),
(51, 7, 'PRODUCTOS FINANCIERSOS', '2', 'AB011', 'AB002', 4, 'C', 1, '2022-07-21 20:34:42'),
(52, 7, 'MATEMÁTICA FINANCIERA', '2', 'AB010', 'AB002', 3, 'C', 1, '2022-07-21 20:35:38'),
(53, 7, 'RESPONSABILIDAD SOCIAL Y DESARROLLO SOSTENIBLE', '2', 'AB014', '', 2, 'T', 1, '2022-07-21 20:36:06'),
(54, 7, 'FINANZAS PARA LOS NEGOCIOS', '3', 'AB015', 'AB005', 3, 'C', 1, '2022-07-21 20:36:29'),
(55, 7, 'EVALUACIÓN DE ESTADOS FINANCIEROS', '3', 'AB016', '', 3, 'C', 1, '2022-07-21 20:36:47'),
(56, 7, 'ANALISIS DE RIESGO DE MERCADO DE LAS PYMES', '3', 'AB017', '', 3, 'C', 1, '2022-07-21 20:37:22'),
(57, 7, 'CONTABILIDAD PARA NEGOCIOS', '3', 'AB018', '', 3, 'C', 1, '2022-07-21 20:37:53'),
(58, 7, 'ANALISIS DE RIESGO FINANCIERO', '3', 'AB019', '', 3, 'C', 1, '2022-07-21 20:38:45'),
(59, 7, 'LIDERAZGO PERSONAL Y PROFESIONAL', '3', 'AB025', '', 2, 'T', 1, '2022-07-21 20:39:20'),
(60, 7, 'CULTURA AMBIENTAL', '3', 'AB026', 'AB011', 2, 'T', 1, '2022-07-21 20:39:40'),
(61, 7, 'GESTIÓN DE CAPITAL HUMANO', '5', 'AB028', '', 3, 'C', 1, '2022-07-21 20:46:16'),
(62, 7, 'GESTIÓN COMERCIAL DE AGENCIA', '5', 'AB029', 'AB024', 4, 'C', 1, '2022-07-21 20:46:24'),
(63, 7, 'MARKETING FINANCIERO', '5', 'AB030', '', 4, 'C', 1, '2022-07-21 20:46:30'),
(64, 7, 'BANCA INVERSIÓN', '5', 'AB031', 'AB023', 4, 'C', 1, '2022-07-21 20:46:39'),
(65, 7, 'GESTIÓN DE RECUPERACIONES Y COBRANZAS', '6', 'AB032', 'AB016', 3, 'C', 1, '2022-07-21 20:47:04'),
(66, 7, 'INGLES II', '5', 'AB037', 'AB027', 2, 'T', 1, '2022-07-21 20:46:43'),
(67, 7, 'INNOVACIÓN I', '5', 'AB038', '', 3, 'T', 1, '2022-07-21 20:46:47'),
(68, 7, 'ANALISIS DE RIESGO CREDITICIO', '4', 'AB020', 'AB019', 3, 'C', 1, '2022-07-21 20:47:59'),
(69, 7, 'DEFENSA DEL CLIENTE FINANCIERO', '4', 'AB021', 'AB008', 3, 'C', 1, '2022-07-21 20:48:22'),
(70, 7, 'MERCADO DE VALORES', '4', 'AB022', '', 2, 'C', 1, '2022-07-21 20:48:40'),
(71, 7, 'BANCA EMPRESA', '4', 'AB023', 'AB017', 3, 'C', 1, '2022-07-21 20:49:08'),
(72, 7, 'OPERACIONES BANCARIAS', '4', 'AB024', 'AB011', 4, 'C', 1, '2022-07-21 20:49:30'),
(73, 7, 'INGLES I', '4', 'AB027', '', 2, 'T', 1, '2022-07-21 20:49:56'),
(74, 7, 'COMERCIO EXTERIOR', '6', 'AB033', 'AB022', 3, 'C', 1, '2022-07-21 20:50:46'),
(75, 7, 'CONTROL INTERNO', '6', 'AB034', 'AB028', 3, 'C', 1, '2022-07-21 20:51:27'),
(76, 7, 'FORMULACIÓN Y EVALUACIÓN DE PROYECTOS', '6', 'AB035', '', 3, 'C', 1, '2022-07-21 20:51:50'),
(77, 7, 'LEGISLACIÓN BANCARIA Y FINANCIERA', '6', 'AB036', '', 2, 'C', 1, '2022-07-21 20:52:11'),
(78, 7, 'INNOVACIÓN II', '6', 'AB039', 'AB038', 3, 'T', 1, '2022-07-21 20:53:00'),
(79, 7, 'EMPRENDIMIENTO', '6', 'AB040', '', 2, 'T', 1, '2022-07-21 20:53:21'),
(80, 5, 'CONTABILIDAD GENERAL I', '1', 'CT001', '', 4, 'C', 1, '2022-07-21 21:08:19'),
(81, 5, 'DOCUMENTACIÓN COMERCIAL Y CONTABLE', '1', 'CT002', '', 3, 'C', 1, '2022-07-21 20:56:02'),
(82, 5, 'DINÁMICA DEL PLAN CONTABLE GENERAL', '1', 'CT003', '', 3, 'C', 1, '2022-07-27 22:47:36'),
(83, 5, 'MATEMÁTICA PARA NEGOCIOS', '1', 'CT004', '', 3, 'C', 1, '2022-07-21 20:56:49'),
(84, 5, 'ADMINISTRACIÓN EMPRESARIAL', '1', 'CT005', '', 3, 'C', 1, '2022-07-21 21:05:46'),
(85, 5, 'COMUNICACIÓN EFECTIVA', '1', 'CT011', '', 2, 'T', 1, '2022-07-21 21:06:09'),
(86, 5, 'TECNOLOGÍAS DE LA INFORMACIÓN', '1', 'CT012', '', 2, 'T', 1, '2022-07-21 21:06:26'),
(87, 5, 'RESPONSABILIDAD SOCIAL Y DESARROLLO SOSTENIBLE', '2', 'CT013', '', 2, 'T', 1, '2022-07-21 21:07:22'),
(88, 5, 'CONTABILIDAD GENERAL II', '2', 'CT006', 'CT001', 3, 'C', 1, '2022-07-21 21:08:01'),
(89, 5, 'LEGISLACIÓN COMERCIAL', '2', 'CT007', 'CT001', 3, 'C', 1, '2022-07-21 21:09:09'),
(90, 5, 'LEGISLACIÓN LABORAL', '2', 'CT008', 'CT001', 3, 'C', 1, '2022-07-21 21:09:40'),
(91, 5, 'EXCEL CONTABLE', '2', 'CT009', 'CT012', 2, 'C', 1, '2022-07-21 21:10:15'),
(92, 5, 'MATEMÁTICA FINANCIERA', '2', 'CT010', 'CT004', 3, 'C', 1, '2022-07-21 21:10:31'),
(93, 5, 'CONTABILIDAD DE SOCIEDADES', '3', 'CT014', 'CT006', 3, 'C', 1, '2022-07-21 21:11:30'),
(94, 5, 'FUNDAMENTOS DE COSTOS', '3', 'CT015', 'CT006', 2, 'C', 1, '2022-07-21 21:11:50'),
(95, 5, 'SISTEMAS CONTABLES INTERMEDIOS', '3', 'CT016', 'CT009', 2, 'C', 1, '2022-07-21 21:12:13'),
(96, 5, 'LEGISLACIÓN TRIBUTARIA I', '3', 'CT017', 'CT006', 3, 'C', 1, '2022-07-21 21:12:44'),
(97, 5, 'CALCULO FINANCIERO', '3', 'CT018', 'CT010', 2, 'C', 1, '2022-07-21 21:13:23'),
(98, 5, 'APLICACIÓN DE LAS NIIF BÁSICAS Y FUNDAMENTALES', '3', 'CT019', 'CT006', 2, 'C', 1, '2022-07-21 22:56:18'),
(99, 5, 'LIDERAZGO PERSONAL Y PROFESIONAL', '3', 'CT026', '', 2, 'T', 1, '2022-07-21 21:14:46'),
(100, 5, 'CULTURA AMBIENTAL', '3', 'CT027', '', 2, 'T', 1, '2022-07-21 21:15:04'),
(101, 5, 'CONTABILIDAD APLICADA', '4', 'CT020', 'CT017', 3, 'C', 1, '2022-07-21 21:15:46'),
(102, 5, 'ECONOMÍA PARA LOS NEGOCIOS', '4', 'CT021', '', 3, 'C', 1, '2022-07-21 21:16:08'),
(103, 5, 'SISTEMAS CONTABLES AVANZADOS', '4', 'CT022', 'CT016', 3, 'C', 1, '2022-07-21 21:16:50'),
(104, 5, 'GESTIÓN DE TESORERÍA', '4', 'CT023', '', 3, 'C', 1, '2022-07-21 21:17:27'),
(105, 5, 'LEGISLACIÓN TRIBUTARIA II', '4', 'CT024', 'CT017', 3, 'C', 1, '2022-07-21 21:17:51'),
(106, 5, 'FUNDAMENTOS EN FINANZAS', '4', 'CT025', '', 2, 'C', 1, '2022-07-21 21:18:20'),
(107, 5, 'INGLES I', '4', 'CT028', '', 2, 'T', 1, '2022-07-21 21:18:38'),
(108, 5, 'CONTABILIDAD GUBERNAMENTAL I', '5', 'CT029', 'CT024', 3, 'C', 1, '2022-07-21 21:19:07'),
(109, 5, 'ANALISIS E INTERPRETACIÓN DE ESTADOS FINANCIEROS', '5', 'CT030', 'CT025', 3, 'C', 1, '2022-07-21 22:58:46'),
(110, 5, 'PRINCIPIOS DE AUDITORIA FINANCIERA', '5', 'CT031', '', 3, 'C', 1, '2022-07-21 21:20:06'),
(111, 5, 'CONTABILIDAD FINANCIERA I', '5', 'CT032', 'CT024', 4, 'C', 1, '2022-07-21 21:20:41'),
(112, 5, 'PRESUPUESTO PARA LOS NEGOCIOS', '5', 'CT033', '', 2, 'C', 1, '2022-07-21 21:21:12'),
(113, 5, 'INGLES II', '5', 'CT038', 'CT028', 2, 'T', 1, '2022-07-21 21:22:06'),
(114, 5, 'INNOVACIÓN I', '5', 'CT039', '', 3, 'T', 1, '2022-07-21 21:23:03'),
(115, 5, 'CONTABILIDAD FINANCIERA II', '6', 'CT034', 'CT032', 4, 'C', 1, '2022-07-21 21:24:22'),
(116, 5, 'ASISTENCIA EN AUDITORIA TRIBUTARIA', '6', 'CT035', 'CT031', 3, 'C', 1, '2022-07-21 21:25:00'),
(117, 5, 'FORMULACIÓN Y EVALUACIÓN DE PROYECTOS', '6', 'CT036', '', 4, 'C', 1, '2022-07-21 21:25:59'),
(118, 5, 'CONTABILIDAD GUBERNAMENTAL II', '6', 'CT037', 'CT029', 3, 'C', 1, '2022-07-21 21:26:37'),
(119, 5, 'INNOVACIÓN II', '6', 'CT040', 'CT039', 3, 'T', 1, '2022-07-21 21:27:01'),
(120, 5, 'EMPRENDIMIENTO', '6', 'CT041', '', 2, 'T', 1, '2022-07-21 21:27:28'),
(121, 9, 'TERMINOLOGÍA EN SALUD', '1', 'ET001', '', 2, 'C', 1, '2022-07-21 21:27:59'),
(122, 9, 'ANATOMÍA Y FISIOLOGÍA HUMANA', '1', 'ET002', '', 4, 'C', 1, '2022-07-21 21:28:18'),
(123, 9, 'MICROBIOLOGÍA Y PARSITOLOGÍA', '1', 'ET003', '', 2, 'C', 1, '2022-07-21 21:28:33'),
(124, 9, 'BIOESTADISTICA', '1', 'ET004', '', 3, 'C', 1, '2022-07-21 21:30:13'),
(125, 9, 'EDUCACIÓN PARA LA SALUD', '1', 'ET005', '', 4, 'C', 1, '2022-07-21 21:31:10'),
(126, 9, 'COMUNICACIÓN EFECTIVA', '1', 'ET011', '', 2, 'T', 1, '2022-07-21 21:32:02'),
(127, 9, 'TECNOLOGÍAS DE LA INFORMACIÓN', '1', 'ET012', '', 2, 'T', 1, '2022-07-21 21:32:19'),
(128, 9, 'PRIMEROS AUXILIOS', '2', 'ET006', 'ET002', 3, 'C', 1, '2022-07-21 21:32:54'),
(129, 9, 'EPIDEMIOLOGÍA Y ENFERMEDADES TRANSMISIBLES', '2', 'ET007', 'ET004', 3, 'C', 1, '2022-07-21 21:33:15'),
(130, 9, 'CUIDADOS DE ENFERMERÍA EN SALUD PÚBLICA', '2', 'ET008', 'ET005', 3, 'C', 1, '2022-07-21 21:33:38'),
(131, 9, 'ENFERMERÍA EN SALUD FAMILIAR Y COMUNITARIA', '2', 'ET009', 'ET005', 3, 'C', 1, '2022-07-21 21:34:16'),
(132, 9, 'INMUNOLOGÍA EN INYECTOTERAPIA', '2', 'ET010', 'ET002', 3, 'C', 1, '2022-07-21 21:34:43'),
(133, 9, 'RESPONSABILIDAD SOCIAL Y DESARROLLO SOSTENIBLE', '2', 'ET013', '', 2, 'T', 1, '2022-07-21 21:35:04'),
(134, 9, 'ENFERMERÍA BÁSICA HOSPITALARIA I', '3', 'ET014', 'ET010', 4, 'C', 1, '2022-07-21 21:42:18'),
(135, 9, 'BIOSEGURIDAD Y PREVENCIÓN DE INFECCIONES INTRAHOSPITALARIAS', '3', 'ET015', 'ET006', 3, 'C', 1, '2022-07-21 21:48:45'),
(136, 9, 'TRÁMITE DOCUMENTARIO HOSPITALARIO', '3', 'ET016', '', 2, 'C', 1, '2022-07-21 21:49:08'),
(137, 9, 'NUTRICIÓN Y DIETOTERAPIA', '3', 'ET017', '', 3, 'C', 1, '2022-07-21 21:49:22'),
(138, 9, 'ESTUDIO DE ENFERMEDADES Y SU TERAPEÚTICA I', '3', 'ET018', 'ET002', 3, 'C', 1, '2022-07-21 21:50:26'),
(139, 9, 'LIDERAZGO PERSONAL Y PROFESIONAL', '3', 'ET023', '', 2, 'T', 1, '2022-07-21 21:50:50'),
(140, 9, 'CULTURA AMBIENTAL', '3', 'ET024', 'ET013', 2, 'T', 1, '2022-07-21 21:51:10'),
(141, 9, 'ENFERMERÍA BÁSICA HOSPITALARIA II', '4', 'ET019', 'ET014', 4, 'C', 1, '2022-07-21 21:51:51'),
(142, 9, 'FARMACOLOGÍA Y ADMINISTRACIÓN DE MEDICAMENTOS', '4', 'ET020', 'ET018', 4, 'C', 1, '2022-07-21 21:52:45'),
(143, 9, 'MANIPULACIÓN DE MUESTRAS BIOLOGICAS', '4', 'ET021', 'ET015', 3, 'C', 1, '2022-07-21 21:53:05'),
(144, 9, 'ESTUDIO DE ENFERMEDADES Y SU TERAPEÚTICA II', '4', 'ET022', 'ET018', 4, 'C', 1, '2022-07-21 21:53:36'),
(145, 9, 'INGLES I', '4', 'ET025', '', 2, 'T', 1, '2022-07-21 21:54:05'),
(146, 9, 'URGENCIAS Y EMERGENCIAS', '5', 'ET026', 'ET019', 3, 'C', 1, '2022-07-21 21:54:52'),
(147, 9, 'ASISTENCIA DE ENFERMERÍA QUIRURGICA', '5', 'ET027', 'ET019', 3, 'C', 1, '2022-07-21 21:55:30'),
(148, 9, 'PROCEDIMIENTOS DE APOYO AL DIAGNOSTICO', '5', 'ET028', 'ET022', 3, 'C', 1, '2022-07-21 21:55:48'),
(149, 9, 'ATENCIÓN DE SALUD DEL NIÑO Y EL ADOLECENTE', '5', 'ET029', 'ET022', 3, 'C', 1, '2022-07-21 23:08:52'),
(150, 9, 'ATENCIÓN Y CUIDADO EN EL ADULTO MAYOR', '5', 'ET030', 'ET022', 3, 'C', 1, '2022-07-21 21:57:53'),
(151, 9, 'INGLES II', '5', 'ET036', 'ET025', 2, 'T', 1, '2022-07-21 21:58:59'),
(152, 9, 'INNOVACIÓN 1', '5', 'ET037', '', 4, 'T', 1, '2022-07-21 21:59:39'),
(153, 9, 'MEDICINA ALTERNATIVA Y TRADICIONAL', '6', 'ET031', '', 2, 'C', 1, '2022-07-21 22:00:11'),
(154, 9, 'ATENCIÓN Y CUIDADOS AL RECIÉN NACIDO', '6', 'ET032', 'ET029', 3, 'C', 1, '2022-07-21 22:00:56'),
(155, 9, 'ATENCIÓN EN SALUD MATERNA CON ENFOQUE INTERCULTURAL', '6', 'ET033', '', 3, 'C', 1, '2022-07-21 22:01:34'),
(156, 9, 'TERAPÍA FÍSICA Y REHABILITACIÓN', '6', 'ET034', '', 3, 'C', 1, '2022-07-21 22:01:54'),
(157, 9, 'ASISTENCIA EN SALUD MENTAL', '6', 'ET035', '', 3, 'C', 1, '2022-07-21 22:02:15'),
(158, 9, 'INNOVACIÓN II', '6', 'ET038', 'ET037', 4, 'T', 1, '2022-07-21 22:02:40'),
(159, 9, 'EMPRENDIMIENTO', '6', 'ET039', '', 3, 'T', 1, '2022-07-21 22:02:59'),
(160, 8, 'ANATOMÍA FISIOLÓGICA', '1', 'FT001', '', 3, 'C', 1, '2022-07-21 22:04:47'),
(161, 8, 'BIOQUIMICA HUMANA', '1', 'FT002', '', 3, 'C', 1, '2022-07-21 22:05:52'),
(162, 8, 'PRIMEROS AUXILIOS E INYECTOTERAPÍA', '1', 'FT003', '', 3, 'C', 1, '2022-07-21 22:06:36'),
(163, 8, 'ACTIVIDADES DE SALUD EN LA FAMILIA Y COMUNIDAD', '1', 'FT004', '', 3, 'C', 1, '2022-07-21 22:06:53'),
(164, 8, 'EPIDEMIOLOGÍA Y ENFERMEDADES TRANSMISIBLES', '1', 'FT005', '', 2, 'C', 1, '2022-07-21 22:07:24'),
(165, 8, 'COMUNICACIÓN EFECTIVA', '1', 'FT006', '', 2, 'T', 1, '2022-07-21 22:07:47'),
(166, 8, 'TECNOLOGÍAS DE LA INFORMACIÓN', '1', 'FT007', '', 2, 'T', 1, '2022-07-21 22:08:05'),
(167, 8, 'MANEJO DE MEDICAMENTOS ENSENCIALES', '2', 'FT008', 'FT002', 4, 'C', 1, '2022-07-21 22:08:49'),
(168, 8, 'DISPENSACIÓN DE MEDICAMENTOS EN EL SISTEMA DE SALUD', '2', 'FT009', 'FT001', 4, 'C', 1, '2022-07-21 22:09:21'),
(169, 8, 'VENTA Y DISPENSACIÓN DE MEDICAMENTOS Y PRODUCTOS A FINES', '2', 'FT010', 'FT001', 4, 'C', 1, '2022-07-21 22:09:41'),
(170, 8, 'LINEAMIENTOS Y POLITICAS NACIONALES DE MEDICAMENTOS EN SALUD', '2', 'FT011', '', 2, 'C', 1, '2022-07-21 22:10:09'),
(171, 8, 'TÉCNICA DE VENTAS Y ATENCIÓN AL CLIENTE EN FARMACIA', '2', 'FT012', '', 2, 'C', 1, '2022-07-21 22:10:52'),
(172, 8, 'RESPONSABILIDAD SOCIAL Y DESARROLLO SOSTENIBLE', '2', 'FT013', '', 2, 'T', 1, '2022-07-21 22:11:23'),
(173, 8, 'PATOLOGÍA Y SU FARMACOTERAPIA I', '3', 'FT014', 'FT001', 3, 'C', 1, '2022-07-21 22:12:00'),
(174, 8, 'BASES FARMACOLÓGICAS DE LOS MEDICAMENTOS I', '3', 'FT015', 'FT002', 3, 'C', 1, '2022-07-21 22:12:40'),
(175, 8, 'CALIDAD EN LA ADMINISTRACIÓN FARMACEUTICA', '3', 'FT016', 'FT012', 2, 'C', 1, '2022-07-21 22:13:04'),
(176, 8, 'ASISTENCIA EN LA ADMINISTRACIÓN DE UNA FARMACIA HOSPITALARIA', '3', 'FT017', 'FT008', 3, 'C', 1, '2022-07-21 22:13:57'),
(177, 8, 'NORMAS Y REGULACIÓN FARMACEUTICA', '3', 'FT018', 'FT011', 2, 'C', 1, '2022-07-21 22:14:21'),
(178, 8, 'MARKETING FARMACEUTICO', '3', 'FT019', 'FT012', 2, 'C', 1, '2022-07-21 22:14:42'),
(179, 8, 'LIDERAZGO PERSONAL Y PROFESIONAL', '3', 'FT025', '', 2, 'T', 1, '2022-07-21 22:15:44'),
(180, 8, 'CULTURA AMBIENTAL', '3', 'FT026', 'FT013', 2, 'T', 1, '2022-07-21 22:15:34'),
(181, 8, 'CONTABILIDAD FARMACEÚTICA', '4', 'FT020', '', 2, 'C', 1, '2022-07-21 22:16:22'),
(182, 8, 'ADMINISTRACIÓN FARMACEÚTICA', '4', 'FT021', 'FT016', 4, 'C', 1, '2022-07-21 22:16:39'),
(183, 8, 'PATOLOGÍA Y SU FARMACOTERAPIA II', '4', 'FT022', 'FT016', 3, 'C', 1, '2022-07-21 22:17:12'),
(184, 8, 'TOXICOLOGÍA', '4', 'FT023', 'FT015', 3, 'C', 1, '2022-07-21 22:17:29'),
(185, 8, 'BASES FARMACOLÓGICAS DE LOS MEDICAMENTOS II', '4', 'FT024', 'FT015', 3, 'C', 1, '2022-07-21 22:17:52'),
(186, 8, 'INGLES I', '4', 'FT027', '', 2, 'T', 1, '2022-07-21 22:18:15'),
(187, 8, 'FARMACOVIGILANCIA', '5', 'FT028', 'FT004', 2, 'C', 1, '2022-07-21 22:18:50'),
(188, 8, 'FARMAINDUSTRIA Y COSMÉTICA', '5', 'FT029', 'FT024', 4, 'C', 1, '2022-07-21 22:19:25'),
(189, 8, 'FARMACOTÉCNICA', '5', 'FT030', 'FT024', 4, 'C', 1, '2022-07-21 22:25:22'),
(190, 8, 'TÉCNICAS DE CONTROL DE CALIDAD EN LA INDUSTRIA FARMACEÚTICA', '5', 'FT031', '', 4, 'C', 1, '2022-07-21 22:25:28'),
(191, 8, 'INGLES II', '5', 'FT036', 'FT027', 2, 'T', 1, '2022-07-21 22:20:47'),
(192, 8, 'INNOVACIÓN I', '5', 'FT037', '', 3, 'T', 1, '2022-07-21 22:25:55'),
(193, 8, 'FARMACOGNOSIA', '6', 'FT032', 'FT030', 3, 'C', 1, '2022-07-21 22:24:51'),
(194, 8, 'TÉCNICAS DE TRANSFORMACIÓN DE MATERIAS PRIMAS EN LA INDUSTRIA FARMACEÚTICA', '6', 'FT033', 'FT029', 4, 'C', 1, '2022-07-21 22:23:11'),
(195, 8, 'PROCESAMIENTO FARMACEÚTICO', '6', 'FT034', 'FT029', 4, 'C', 1, '2022-07-21 22:23:17'),
(196, 8, 'CLASIFICACIÓN DE ACCIÓN FARMACOLÓGICA DE RECURSOS NATURALES', '6', 'FT035', 'FT030', 4, 'C', 1, '2022-07-21 22:23:49'),
(197, 8, 'INNOVACIÓN II', '6', 'FT038', 'FT037', 3, 'T', 1, '2022-07-21 22:24:17'),
(198, 8, 'EMPRENDIMIENTO', '6', 'FT039', '', 2, 'T', 1, '2022-07-21 22:24:31');

-- --------------------------------------------------------

--
-- Estructura de tabla para la tabla `detallehorario`
--

CREATE TABLE `detallehorario` (
  `idDetalle` int(11) NOT NULL,
  `idHorarioCurso` int(11) DEFAULT NULL,
  `dia` tinyint(4) NOT NULL,
  `horaEntrada` time NOT NULL,
  `horaSalida` time NOT NULL,
  `horas` int(11) NOT NULL,
  `tipo` char(1) NOT NULL
) ENGINE=InnoDB DEFAULT CHARSET=utf8;

--
-- Volcado de datos para la tabla `detallehorario`
--

INSERT INTO `detallehorario` (`idDetalle`, `idHorarioCurso`, `dia`, `horaEntrada`, `horaSalida`, `horas`, `tipo`) VALUES
(1, 13, 1, '08:00:00', '09:40:00', 2, 'T'),
(3, 13, 5, '11:20:00', '13:00:00', 2, 'P');

-- --------------------------------------------------------

--
-- Estructura de tabla para la tabla `horarios`
--

CREATE TABLE `horarios` (
  `idHorario` int(11) NOT NULL,
  `idPersonalHorario` int(11) DEFAULT NULL,
  `diaHorario` tinyint(4) NOT NULL,
  `horaEntrada` time NOT NULL,
  `horaSalida` time NOT NULL,
  `estadoHorario` tinyint(1) NOT NULL DEFAULT 1,
  `fechaHorario` timestamp NOT NULL DEFAULT current_timestamp() ON UPDATE current_timestamp()
) ENGINE=InnoDB DEFAULT CHARSET=utf8;

-- --------------------------------------------------------

--
-- Estructura de tabla para la tabla `horario_curso`
--

CREATE TABLE `horario_curso` (
  `idHorarioCurso` int(11) NOT NULL,
  `idPersonalHor` int(11) DEFAULT NULL,
  `idSeccionHor` int(11) DEFAULT NULL,
  `idCursoHor` int(11) DEFAULT NULL,
  `linkCurso` text DEFAULT NULL,
  `estadoCursoSeccion` tinyint(1) NOT NULL DEFAULT 1,
  `fechaCursoSeccion` timestamp NOT NULL DEFAULT current_timestamp() ON UPDATE current_timestamp()
) ENGINE=InnoDB DEFAULT CHARSET=utf8;

--
-- Volcado de datos para la tabla `horario_curso`
--

INSERT INTO `horario_curso` (`idHorarioCurso`, `idPersonalHor`, `idSeccionHor`, `idCursoHor`, `linkCurso`, `estadoCursoSeccion`, `fechaCursoSeccion`) VALUES
(1, NULL, NULL, 2, NULL, 1, '2022-09-15 22:52:26'),
(2, NULL, NULL, 3, NULL, 1, '2022-09-15 22:52:26'),
(3, NULL, NULL, 4, NULL, 1, '2022-09-15 22:52:26'),
(4, NULL, NULL, 5, NULL, 1, '2022-09-15 22:52:26'),
(5, NULL, NULL, 6, NULL, 1, '2022-09-15 22:52:26'),
(6, NULL, NULL, 7, NULL, 1, '2022-09-15 22:52:26'),
(7, NULL, NULL, 128, NULL, 1, '2022-09-16 16:33:58'),
(8, NULL, NULL, 128, NULL, 1, '2022-09-16 16:33:58'),
(9, NULL, NULL, 129, NULL, 1, '2022-09-16 16:33:58'),
(10, NULL, NULL, 129, NULL, 1, '2022-09-16 16:33:58'),
(11, NULL, NULL, 130, NULL, 1, '2022-09-16 16:33:58'),
(12, NULL, NULL, 130, NULL, 1, '2022-09-16 16:33:58'),
(13, 24, NULL, 131, NULL, 1, '2022-09-16 16:35:11'),
(14, NULL, NULL, 131, NULL, 1, '2022-09-16 16:33:58'),
(15, NULL, NULL, 132, NULL, 1, '2022-09-16 16:33:58'),
(16, NULL, NULL, 132, NULL, 1, '2022-09-16 16:33:58'),
(17, NULL, NULL, 133, NULL, 1, '2022-09-16 16:33:58'),
(18, NULL, NULL, 133, NULL, 1, '2022-09-16 16:33:58');

-- --------------------------------------------------------

--
-- Estructura de tabla para la tabla `locales`
--

CREATE TABLE `locales` (
  `idLocal` int(11) NOT NULL,
  `idSedeLocal` int(11) DEFAULT NULL,
  `codigoModular` varchar(45) NOT NULL,
  `codigoLocal` varchar(45) NOT NULL,
  `departamento` varchar(100) NOT NULL,
  `provincia` varchar(100) NOT NULL,
  `distrito` varchar(100) NOT NULL,
  `direccion` text NOT NULL,
  `estadoLocal` tinyint(1) NOT NULL DEFAULT 1,
  `estadoDel` tinyint(4) NOT NULL,
  `fechaRegistro` timestamp NOT NULL DEFAULT current_timestamp() ON UPDATE current_timestamp()
) ENGINE=InnoDB DEFAULT CHARSET=utf8;

--
-- Volcado de datos para la tabla `locales`
--

INSERT INTO `locales` (`idLocal`, `idSedeLocal`, `codigoModular`, `codigoLocal`, `departamento`, `provincia`, `distrito`, `direccion`, `estadoLocal`, `estadoDel`, `fechaRegistro`) VALUES
(3, 5, '1536663', '1234561', '{\"ubigeo\":\"3518\",\"nombre\":\"Huanuco\"}', '{\"ubigeo\":\"3519\",\"nombre\":\"Huanuco\"}', '{\"ubigeo\":\"3520\",\"nombre\":\"Huanuco\"}', 'JR. BOLIVAR N° 449-451', 1, 0, '2022-07-06 14:07:20'),
(4, 6, '1536663', '123456', '{\"ubigeo\":\"4567\",\"nombre\":\"Ucayali\"}', '{\"ubigeo\":\"4568\",\"nombre\":\"Coronel Portillo\"}', '{\"ubigeo\":\"4569\",\"nombre\":\"Calleria\"}', 'JR. RAYMONDI N° 705', 1, 0, '2022-07-21 22:33:23'),
(5, 7, '1536663', '123456', '{\"ubigeo\":\"3518\",\"nombre\":\"Huanuco\"}', '{\"ubigeo\":\"3567\",\"nombre\":\"Leoncio Prado\"}', '{\"ubigeo\":\"3568\",\"nombre\":\"Rupa-Rupa\"}', 'AV. JOSE OLAYA N° 237', 1, 0, '2022-07-21 22:31:14');

-- --------------------------------------------------------

--
-- Estructura de tabla para la tabla `local_carrera`
--

CREATE TABLE `local_carrera` (
  `idLocalCarrera` int(11) NOT NULL,
  `idLocal` int(11) DEFAULT NULL,
  `idCarrera` int(11) DEFAULT NULL,
  `estado` tinyint(1) DEFAULT 1,
  `fechaRegistro` timestamp NULL DEFAULT current_timestamp()
) ENGINE=InnoDB DEFAULT CHARSET=utf8;

--
-- Volcado de datos para la tabla `local_carrera`
--

INSERT INTO `local_carrera` (`idLocalCarrera`, `idLocal`, `idCarrera`, `estado`, `fechaRegistro`) VALUES
(5, 3, 6, 1, '2022-07-06 13:45:56'),
(6, 3, 7, 1, '2022-07-06 13:46:01'),
(7, 3, 8, 1, '2022-07-06 14:01:13'),
(8, 4, 6, 1, '2022-07-08 17:11:51'),
(9, 4, 7, 1, '2022-07-08 17:11:56'),
(10, 4, 5, 1, '2022-07-08 17:12:01'),
(11, 4, 9, 1, '2022-07-08 17:12:06'),
(12, 3, 5, 1, '2022-07-21 22:34:30'),
(13, 3, 9, 1, '2022-07-21 22:34:46'),
(14, 5, 6, 1, '2022-07-21 22:34:54'),
(15, 5, 7, 1, '2022-07-21 22:34:58'),
(16, 5, 5, 1, '2022-07-21 22:35:03'),
(17, 5, 9, 1, '2022-07-21 22:35:07'),
(18, 5, 8, 1, '2022-07-21 22:35:13'),
(19, 4, 8, 1, '2022-07-21 22:35:36');

-- --------------------------------------------------------

--
-- Estructura de tabla para la tabla `pagos`
--

CREATE TABLE `pagos` (
  `idPago` int(11) NOT NULL,
  `idPersonalPago` int(11) DEFAULT NULL,
  `montoPago` decimal(10,2) NOT NULL,
  `horas` int(11) NOT NULL,
  `minutis` int(11) NOT NULL
) ENGINE=InnoDB DEFAULT CHARSET=utf8;

-- --------------------------------------------------------

--
-- Estructura de tabla para la tabla `periodos`
--

CREATE TABLE `periodos` (
  `idPeriodo` int(11) NOT NULL,
  `etapaPeriodo` int(11) NOT NULL,
  `yearPeriodo` int(11) NOT NULL,
  `nombrePeriodo` varchar(45) NOT NULL,
  `fechaInicio` date NOT NULL,
  `fechaFin` date NOT NULL,
  `estadoPeriodo` tinyint(4) NOT NULL,
  `fechaRegistro` timestamp NOT NULL DEFAULT current_timestamp() ON UPDATE current_timestamp()
) ENGINE=InnoDB DEFAULT CHARSET=utf8;

--
-- Volcado de datos para la tabla `periodos`
--

INSERT INTO `periodos` (`idPeriodo`, `etapaPeriodo`, `yearPeriodo`, `nombrePeriodo`, `fechaInicio`, `fechaFin`, `estadoPeriodo`, `fechaRegistro`) VALUES
(1, 1, 2022, 'PL - 2022 - 1', '2022-04-11', '2022-08-31', 0, '2022-09-15 22:51:27'),
(3, 2, 2022, 'PL - 2022 - 2', '2022-09-01', '2023-01-31', 1, '2022-09-15 22:51:46');

-- --------------------------------------------------------

--
-- Estructura de tabla para la tabla `personal`
--

CREATE TABLE `personal` (
  `idPersonal` int(11) NOT NULL,
  `idPersonaPersonal` int(11) DEFAULT NULL,
  `idCargo` int(11) DEFAULT NULL,
  `profesionPersonal` varchar(200) DEFAULT NULL,
  `correoPersonal` varchar(200) DEFAULT NULL,
  `celularPersonal` text DEFAULT NULL,
  `direccionPersonal` text DEFAULT NULL,
  `fechaNac` date DEFAULT NULL,
  `fechaIngresoPersonal` date DEFAULT NULL,
  `fechaSalidaPersonal` date DEFAULT NULL,
  `bancoPersonal` varchar(200) DEFAULT NULL,
  `numCuentaPersonal` varchar(20) DEFAULT NULL,
  `tipoPago` tinyint(4) DEFAULT NULL,
  `montoPago` decimal(10,2) DEFAULT NULL,
  `estadoPersonal` tinyint(1) NOT NULL DEFAULT 1,
  `fechaPersonal` timestamp NOT NULL DEFAULT current_timestamp() ON UPDATE current_timestamp()
) ENGINE=InnoDB DEFAULT CHARSET=utf8;

--
-- Volcado de datos para la tabla `personal`
--

INSERT INTO `personal` (`idPersonal`, `idPersonaPersonal`, `idCargo`, `profesionPersonal`, `correoPersonal`, `celularPersonal`, `direccionPersonal`, `fechaNac`, `fechaIngresoPersonal`, `fechaSalidaPersonal`, `bancoPersonal`, `numCuentaPersonal`, `tipoPago`, `montoPago`, `estadoPersonal`, `fechaPersonal`) VALUES
(11, 2, 2, 'ING SISTEMAS', 'cristian0073@hotmail.com', '[\"950853889\"]', 'jr. micaela bastidas psj jose rodrigues 134', '1996-12-31', '2022-04-01', NULL, 'SCOTIABANK', '358-0610529', 1, '2300.00', 1, '2022-07-27 21:27:54'),
(15, 12, 1, 'DOCENTE', 'prof.rrodriguez@institutofibonacci.com', '[\"943050945\"]', 'JR. F URB MUNICIPAL MZ. B-1 LT. 18', '1971-08-25', '2022-04-11', NULL, '', '', 2, '13.00', 1, '2022-08-04 16:08:33'),
(16, 13, 1, 'CONTADOR', 'prof.rbrito@institutofibonacci.com', '[\"961556370\"]', 'JR.DIEGO DE ALMAGRO 147', '1973-06-16', '2022-04-11', NULL, '', '', 2, '13.00', 1, '2022-08-04 15:08:24'),
(17, 14, 1, 'LIC.ADMINISTRACION', 'prof.etrinidad@institutofibonacci.com', '[\"989991462\"]', 'CALLE LOS FICUS 370 MZ. 27 LT. 14 URB. ', '1976-05-09', '2022-04-11', NULL, '', '', 2, '12.00', 1, '2022-08-04 02:35:48'),
(18, 15, 1, 'CONTADOR', 'profrangulo@institutofibonacci.com', '[\"952858034\"]', 'JR. SAN MARTIN DE PORRAS L-20', '1973-03-03', '2022-04-11', NULL, '', '', 2, '12.00', 1, '2022-08-03 17:28:33'),
(19, 16, 1, 'DOCENTE LENG. Y LITERATURA', 'prof.mdionicio@institutofibonacci.com', '[\"978674369\"]', 'SANTA ROSA BAJA COMITE 14 MZ.O LT.8', '1980-12-08', '2022-04-11', NULL, 'SCOT.', '8250247163', 2, '11.00', 1, '2022-08-04 04:14:56'),
(20, 17, 1, 'QUÍMICA FAR.', 'prof.rleon@institutofibonacci.com', '[\"941031023\"]', 'GIRASOLES SN YANAG', '1973-06-20', '2022-04-11', NULL, '', '', 2, '14.00', 1, '2022-08-03 21:27:47'),
(21, 18, 1, 'QUIMICA FARM.', 'profdbravo@institutofibonacci.com', '[\"997444693\"]', 'JR. RUBEN DARIO 112 ZONA CERO', '1978-08-15', '2022-04-11', NULL, '', '', 2, '15.00', 1, '2022-08-03 17:58:46'),
(22, 19, 1, 'LABORATORISTA', 'prof.jcornejo@institutofibonacci.com', '[\"935096716\"]', '', '1976-04-23', '2022-04-11', NULL, NULL, NULL, NULL, NULL, 1, '2022-08-01 03:41:08'),
(23, 5, 1, 'ADMINISTRADOR', 'profoagui@institutofibonacci.com', '[\"988000873\"]', 'AV. CIRCUNVALACION 116 PP.JJ LAS MORAS', '1978-08-31', '2022-04-11', NULL, '', '', 2, '13.00', 1, '2022-08-03 17:15:21'),
(24, 20, 1, 'ENFERMERO', 'profygomez@institutofibonacci.com', '[\"968696260\"]', 'JR. LOS LIBERTADORES 483 BARR. CENTENARIO OESTE', '1971-06-11', '2022-04-11', NULL, '', '', 2, '12.00', 1, '2022-09-16 16:34:37'),
(25, 21, 1, 'ADMINISTRADORA', 'profkdelcastillo@institutofibonacci.com', '[\"913957122\"]', 'JR.UCAYALI NRO.105 SECTOR 5', '1978-05-25', '2022-04-11', NULL, '', '', 2, '15.00', 1, '2022-08-03 20:51:08'),
(26, 22, 1, 'ODONTOLOGO', 'prof.jguere@institutofibonacci.com', '[\"952248655\"]', 'AV. CARLOS SALAVERRY 607 URB. SAN JUAN', '1980-05-31', '2022-04-11', NULL, '', '', 2, '12.00', 1, '2022-08-03 21:15:34'),
(27, 23, 1, 'DOCENTE COMP. INFORM.', 'prof.lcastro@institutofibonacci.com', '[\"981654335\"]', 'JR. PROVINCIAS 100', '1980-03-24', '2022-04-11', NULL, '', '', 2, '11.00', 1, '2022-08-03 18:06:17'),
(28, 24, 1, 'LIC. ADMINISTRADOR', 'prof.rdelgado@institutofibonacci.com', '[\"944619665\"]', 'AV. UNIVERSITARIA C.POBLADO MENOR VILCAR CAYHUAYNA MZ. C LT. 2', '1981-07-04', '2022-04-11', NULL, '', '', 2, '13.00', 1, '2022-08-03 20:51:24'),
(29, 25, 1, 'CONTADOR', 'prof.elopez@institutofibonacci.com', '[\"948336182\"]', 'URB. HUAYOPAMPA A-13', '1983-12-17', '2022-04-11', NULL, '', '', 2, '14.00', 1, '2022-08-03 21:28:19'),
(30, 26, 1, 'CONTADOR', 'prof.asipion@institutofibonacci.com', '[\"964597620\"]', 'JR. LA CANTUTA URB CAYHUAYNA BAJA LT. 04', '1985-02-04', '2022-04-11', NULL, '', '', 2, '12.00', 1, '2022-08-03 23:25:03'),
(31, 27, 1, 'QUIMICO FARM.', 'prof.mromero@institutofibonacci.com', '[\"979036799\"]', 'JR. JORGE CHAVEZ 202 INT. A', '1987-09-13', '2022-04-11', NULL, '', '', 2, '14.00', 1, '2022-08-03 23:17:33'),
(32, 28, 1, 'ING. AMBIENTAL', 'profgrobles@institutofibonacci.com', '[\"968716658\"]', 'JR 5 DE MAYO I-06 URB SAN PEDRO', '1987-09-27', '2022-04-11', NULL, '', '', 2, '12.00', 1, '2022-08-03 23:17:18'),
(33, 6, 1, 'ECONOMISTA', 'profjalbornoz@institutofibonacci.com', '[\"900526925\"]', 'JR 14 DE SETIEMBRE B-7 P. JOVEN SAN LUIS', '1987-01-17', '2022-04-11', NULL, '', '', 2, '14.00', 1, '2022-08-03 17:15:43'),
(34, 29, 1, 'DOCENTE COMP. Y INF', 'profgvaras@institutofibonacci.com', '[\"985404102\"]', 'JR. DAMASO BERAUN 429 INT. 207', '1984-12-22', '2022-04-11', NULL, '', '', 2, '12.00', 1, '2022-08-04 02:36:10'),
(35, 30, 1, 'LIC. ENFERMERIA', 'prof.mgrados@institutofibonacci.com', '[\"945840828\"]', 'JR. ADALBERTO VARALLANOS 121', '1987-09-13', '2022-04-11', NULL, '', '', 2, '13.00', 1, '2022-08-03 21:10:17'),
(36, 7, 1, 'LENGUA Y LIT.', 'prof.salbornoz@institutofibonacci.com', '[\"962070144\"]', 'PSJ. SANTA CLARA 136 PP.JJ POMARES', '2988-09-16', '2022-04-11', NULL, '', '', 2, '12.00', 1, '2022-08-03 17:16:02'),
(37, 31, 1, 'CONTADORA', 'profdborja@institutofibonacci.com', '[\"961595368\"]', 'PEREN A-22 PP.JJ SAN LUIS', '1988-11-01', '2022-04-11', NULL, '', '', 2, '13.00', 1, '2022-08-03 17:58:27'),
(38, 32, 1, 'TEC. EN COMPUT.', 'profpramirez@institutofibonacci.com', '[\"998276110\"]', 'ASENT. H. LAS TERRAZAS L-2', '1989-02-03', '2022-04-11', NULL, '', '', 2, '12.00', 1, '2022-08-03 22:53:13'),
(39, 33, 1, 'LIC. ENFERMERIA', 'prof.lcabanillas@institutofibonacci.com', '[\"977299738\"]', 'URB SANTA ELENA E-36', '1989-02-21', '2022-04-11', NULL, '', '', 2, '13.00', 1, '2022-08-03 17:59:46'),
(40, 34, 1, 'ADMINISTRADOR', 'prof.farones@institutofibonacci.com', '[\"999466704\"]', 'JR. MAYRO 724', '1989-12-15', '2022-04-11', NULL, '', '', 2, '12.00', 1, '2022-08-03 17:28:49'),
(41, 35, 1, 'ECONOMISTA', 'prof.yperez@institutofibonacci.com', '[\"959804491\"]', 'AV. ESTEBAN PABLETICH MZ.L LT.2', '2022-04-11', '2022-05-05', NULL, '', '', 2, '12.00', 1, '2022-08-03 22:28:05'),
(42, 36, 1, 'QCA. FARMACEUTICA', 'prof.ccamabillca@institutofibonacci.com', '[\"977777807\"]', 'JR. INDEPENDENCIA PUEBLO PUEBLO JOVEN LAS MORAS MZ. L LT. 15', '1989-12-31', '2022-04-11', NULL, '', '', 2, '14.00', 1, '2022-08-03 18:05:38'),
(43, 37, 1, 'ADMINISTRADORA', 'prof.lcastillo@institutofibonacci.com', '[\"962994755\"]', 'JR. LOS PALTOS G - 01 C.P.M ÑAUZA', '2022-07-17', '2022-04-11', NULL, '', '', 1, '2000.00', 1, '2022-08-03 18:05:58'),
(44, 38, 1, 'LIC. ENFERMERIA', 'prof.ccaballero@institutofibonacci.com', '[\"927607182\"]', 'BQ LAS BRISAS D - 504 RES. LAS BRISAS', '2022-01-04', '2022-04-11', NULL, '', '', 1, '2200.00', 1, '2022-08-03 17:59:16'),
(45, 39, 1, 'ADMINISTRADOR', 'prof.ecueva@institutofibonacci.com', '[\"921472048\"]', 'JR. LOPEZ ALBUJAR E-12 INT. B', '1990-12-21', '2022-04-11', NULL, '', '', 2, '12.00', 1, '2022-08-03 20:50:49'),
(46, 40, 1, 'OBSTETRA', 'prof.crosales@institutofibonacci.com', '[\"927590618\"]', 'ASENT.H. COMITE 8 A.P F-01', '1989-12-07', '2022-04-11', NULL, '', '', 2, '12.00', 1, '2022-08-03 23:17:50'),
(47, 41, 1, 'DOCENTE MATEMATICA', 'prof.sloarte@institutofibonacci.com', '[\"972521736\"]', 'JR. JORGE CHAVEZ 118 PAUCARBAMBA HUANUCO-HUANUCO-AMARILIS', '1993-03-12', '2022-04-11', NULL, '', '', 2, '14.00', 1, '2022-08-03 21:28:03'),
(48, 42, 1, 'LIC. ADMINISTRADOR', 'prof.fflorido@institutofibonacci.com', '[\"989930487\"]', 'COROPUNA 0012 INT. 0010', '1994-07-07', '2022-04-11', NULL, '', '', 2, '12.00', 1, '2022-08-03 21:09:48'),
(49, 43, 1, 'CONTADOR', 'prof.bmendoza@institutofibonacci.com', '[\"964157952\"]', 'AV. TITO JAIME F. 357 TINGO MARIA', '1990-08-26', '2022-04-11', NULL, '', '', 2, '12.00', 1, '2022-08-03 22:12:04'),
(50, 44, 1, 'LIC.ADMINISTRACION', 'prof.nmallqui@institutofibonacci.com', '[\"975321882\"]', 'MZ. ASUNCION SALDAÑA 198', '1994-03-02', '2022-04-11', NULL, 'BCP', '56033737518044', 2, '10.00', 1, '2022-08-04 05:35:00'),
(51, 45, 1, 'ECONOMISTA', 'prof.asanchez@institutofibonacci.com', '[\"955211188\"]', 'URB. LEONCIO PRADO MZ-K LT-12', '1991-11-07', '2022-04-11', NULL, '', '', 2, '12.00', 1, '2022-08-03 23:24:47'),
(52, 46, 1, 'ADMINISTRADORA', 'prof.restela@institutofibonacci.com', '[\"962588429\"]', 'PSJ. PRIMAVERA MZ. B LT. 04', '2022-01-21', '2022-04-11', NULL, '', '', 2, '11.00', 1, '2022-08-03 21:08:37'),
(53, 47, 1, 'ENFERMERO', 'prof.fcespedes@institutofibonacci.com', '[\"957228185\"]', 'JR. LA ZANJA G - 37', '1992-04-04', '2022-04-11', NULL, '', '', 2, '12.00', 1, '2022-08-03 20:10:55'),
(54, 48, 1, 'QUÍMICA FAR.', 'profrmartel@institutofibonacci.com', '[\"921219157\"]', 'JR. CIRO ALEGRIA K-16B SAN LUIS', '1979-10-27', '2022-04-11', NULL, '', '', 2, '16.00', 1, '2022-08-03 21:28:36'),
(55, 49, 1, 'LENGUA Y LIT.', 'profjfernandez@institutofibonacci.com', '[\"949966734\"]', 'PROLONG.JUNIN 104', '1979-01-20', '2022-04-11', NULL, '', '', 2, '12.00', 1, '2022-08-03 21:09:33'),
(56, 50, 1, 'LIC.ENFERMERIA', 'prof.mruiz@institutofibonacci.com', '[\"930385674\"]', 'JR. PILCOMARKA 135 CAYHUAYNA', '1987-03-04', '2022-04-11', NULL, 'BN', '04-483-169979', 2, '12.00', 1, '2022-08-04 14:00:38'),
(57, 51, 1, 'ADM. TURISTICA Y HOTELERIA', 'prof.bvillacorta@institutofibonacci.com', '[]', '', '1988-11-28', '2022-04-11', NULL, 'BN', '04-517-945426', 2, '14.00', 1, '2022-08-04 14:36:14'),
(58, 52, 1, 'DOCENTE', 'prof.amateo@institutofibonacci.com', '[\"968666094\"]', 'JR. IQUITOS 830', '1989-06-03', '2022-04-11', NULL, NULL, NULL, NULL, NULL, 1, '2022-08-01 22:39:15'),
(59, 53, 1, 'CIRUJANO DENTISTA', 'prof.ppalomares@institutofibonacci.com', '[\"927942513\"]', 'MZ.B LT.8 URB.ARTURO ROBLES MORALES', '1976-05-30', '2022-04-11', NULL, 'BANCO DE LA NACION', '04 490 544904', 2, '10.00', 1, '2022-08-04 05:57:31'),
(60, 54, 1, 'DOCENTE', 'prof.fmalpartida@institutofibonacci.com', '[\"959284401\"]', 'JR. CUZCO 865', '1974-02-15', '2022-04-11', NULL, NULL, NULL, NULL, NULL, 1, '2022-08-01 22:50:14'),
(61, 55, 1, 'DOCENTE', 'prof.nhuambachano@institutofibonacci.com', '[\"950683026\"]', 'AV. VIA DE EVITAMIENTO NORTE MZ. A LT. 9', '1996-12-05', '2022-04-11', NULL, 'BCP', '56006586082051', 2, '13.00', 1, '2022-08-04 04:44:37'),
(62, 56, 1, 'LIC.ENFERMERIA', 'prof.rleon@institutofibonacci.com', '[\"962599005\"]', 'PSJ.TUPAC AMARU C-1', '1968-02-19', '2022-04-11', NULL, 'BN', '04-490-580129', 2, '12.00', 1, '2022-08-04 05:27:54'),
(63, 57, 1, 'DOCENTE', 'prof.chidalgo@institutofibonacci.com', '[\"930236081\"]', 'JR.SUCRE 192', '1964-08-24', '2022-04-11', '0000-00-00', 'BCP', '56090011739092', 2, '13.00', 1, '2022-08-04 04:35:13'),
(64, 58, 1, 'OBSTETRA', 'prof.ylino@institutofibonacci.com', '[\"950465189\"]', 'AV.BUENOS AIRES', '1971-06-03', '2022-04-11', NULL, 'BN', '04014977444', 2, '12.00', 1, '2022-08-04 05:28:36'),
(65, 59, 1, 'DOCENTE', 'prof.mdiaz@institutofibonacci.com', '[\"964848167\"]', 'AV. 1ERO DE SETIEMBRE MZ. A LT. 10', '1979-10-21', '2022-04-11', '2022-07-01', NULL, NULL, NULL, NULL, 0, '2022-08-02 13:29:48'),
(66, 60, 1, 'DOCENTE', 'prof.cisla@institutofibonacci.com', '[\"920108375\"]', 'JR. 2 DE MAYO 205', '1979-12-27', '2022-04-11', NULL, 'BBVA', '0011-0318-0200462644', 2, '15.00', 1, '2022-08-04 05:21:32'),
(67, 61, 1, 'DOCENTE', 'prof.ichamoli@institutofibonacci.com', '[\"929900572\"]', 'MZ.H LOTE 2 CAS. LAS PALMAS', '1980-08-29', '2022-04-11', NULL, 'BN', '04490459095', 2, '15.00', 1, '2022-08-04 03:30:37'),
(68, 62, 1, 'DOCENTE', 'prof.wgarcia@institutofibonacci.com', '[\"984186093\"]', 'JR. RAYMONDI 927', '1981-01-03', '2022-04-11', NULL, 'BBVA', '001103180200586297', 2, '13.00', 1, '2022-08-04 04:23:15'),
(69, 63, 1, 'LIC ADMINISTRACION', 'prof.gsolorzano@institutofibonacci.com', '[]', 'JR.CAJAMARCA 1172', '1982-10-24', '2022-04-11', NULL, 'BBVA', '0011-0318-0200325698', 2, '12.00', 1, '2022-08-04 14:33:33'),
(70, 8, 1, 'DOCENTE', 'prof.calvarado@institutofibonacci.com', '[\"985937365\"]', 'P.JOVEN JESUS ALBERTO PAEZ MZ.H LT.2', '1983-11-21', '2022-04-11', NULL, 'BBVA', '0011-0814-0214932461', 2, '12.00', 1, '2022-08-04 03:03:52'),
(71, 64, 1, 'ING.INDUSTRIAS ALIMENTARIAS', 'prof.sushinahua@institutofibonacci.com', '[\"900898208\"]', 'MZ. K1 LOTE 07 AA.VV LOS ROSALES', '1984-08-27', '2022-04-11', NULL, 'BCP', '56070541613098', 2, '12.00', 1, '2022-08-04 14:34:50'),
(72, 65, 1, 'ING.ZOOTECNISTA', 'prof.cruiz@institutofibonacci.com', '[\"987837412\"]', 'AV.ENRIQUE PIMENTEL 269', '1984-08-16', '2022-04-11', NULL, 'BBVA', '0011-0814-020011472', 2, '12.00', 1, '2022-08-04 13:59:36'),
(73, 66, 1, 'LIC .ADMINISTRACION', 'prof.npenadillo@institutofibonacci.com', '[\"957434620\"]', 'PROL. ALAMEDA DE LA REPUBLICA 174', '1983-06-14', '2022-04-11', NULL, 'BN', '04517945590', 2, '13.00', 1, '2022-08-04 14:59:32'),
(74, 67, 1, 'DOCENTE', 'prof.gortiz@institutofibonacci.com', '[\"956113989\"]', 'MZ. PICURUYACU 0 C.P.M CASTILLO GRANDE', '1986-11-20', '2022-04-11', NULL, 'BN', '04-035-606578', 2, '10.00', 1, '2022-08-04 05:56:40'),
(75, 68, 1, 'TEC. EN FARMACIA', 'zevallosvigiliojuliana@hotmail.com', '[\"994941553\"]', 'PSJ. SANTA ANA C-05 CAYHUAYNA BAJA', '1989-08-15', '2022-04-11', NULL, 'BCP', '36594491162064', 2, '13.00', 1, '2022-08-04 14:40:25'),
(76, 69, 1, 'ECONOMISTA', 'prof.wrojas@institutofibonacci.com', '[\"960639996\"]', 'JR. PUCALLPA 11 CENT TINGO MARIA ', '1988-10-24', '2022-04-11', NULL, 'BCP', '56006399421005', 2, '11.00', 1, '2022-08-04 13:49:00'),
(77, 70, 1, 'DOCENTE', 'prof.szecevich@institutofibonacci.com', '[\"927750677\"]', 'AV. ANTONIO RAIMONDI 345', '1989-12-22', '2022-04-11', NULL, 'BCP', '56093068013037', 2, '12.00', 1, '2022-08-04 14:39:47'),
(78, 71, 1, 'DOCENTE', 'prof.jgaray@institutofibonacci.com', '[\"983883499\"]', 'JR. TUPAC AMARU 323 CENT AUCAYACU', '1990-10-16', '2022-04-11', NULL, 'BBVA', '0011-0318-0200598716', 2, '13.00', 1, '2022-08-04 04:22:36'),
(79, 72, 1, 'ECONOMISTA', 'prof.jmoralles@institutofibonacci.com', '[\"943039508\"]', 'JR. LAS VIOLETAS 00477 CENT TINGO MARIA', '1992-05-12', '2022-04-11', NULL, 'BANCO DE LA NACION', '04-582-001575', 2, '12.00', 1, '2022-08-04 05:55:49'),
(80, 73, 1, 'DOCENTE', 'prof.rtaboada@instituofibonacci.com', '[\"992982848\"]', 'MZ. A. FUJIMORI 5 PP JJ. ALBERTO FUJIMORI', '1993-06-14', '2022-04-11', NULL, 'BCP', '560-30238154-0-33', 2, '13.00', 1, '2022-08-04 14:34:21'),
(81, 74, 1, 'DOCENTE', 'prof.sarevalao@institutofibonacci.com', '[\"962973057\"]', 'AV. ALAMEDA PERU 1216', '1991-05-14', '2022-04-11', NULL, 'BN', '04-489-382372', 2, '12.00', 1, '2022-08-04 03:05:42'),
(82, 75, 1, 'CONTADOR', 'prof.rlopez@institutofibonacci.com', '[\"997126814\"]', 'AV.ALAMEDA PERU 1212', '1992-06-01', '2022-04-11', NULL, 'BBVA', '0011-0057-0241930093', 2, '12.00', 1, '2022-08-04 05:29:12'),
(83, 76, 1, 'CONTADOR', 'prof.jlemos@institutofibonacci.com', '[\"962991071\"]', 'PROL. ANTONIO RAIMONDI 01318 CENT TINGO MARIA', '1997-05-05', '2022-04-11', NULL, 'BBVA', '0011-0318-0200578294', 2, '12.00', 1, '2022-08-04 05:27:15'),
(84, 77, 1, 'CONTADORA', 'prof.jramirez@institutofibonacci.com', '[\"957299586\"]', '', '1974-10-01', '2022-04-11', NULL, '', '', 2, '14.00', 1, '2022-08-04 16:00:02'),
(85, 78, 1, 'CIRUJANO DENTISTA', 'prof.cchavez@institutofibonacci.com', '[\"942436185\"]', 'PDR EL TINGO S/N', '1975-11-14', '2022-04-11', NULL, '', '', 2, '12.00', 1, '2022-08-04 15:16:07'),
(86, 79, 1, 'CONTADOR', 'prof.dbazan@institutofibonacci.com', '[\"949028100\"]', 'AV. VIA DE EVITAMIENTO NORTE MZ. A LT. 9', '1974-03-09', '2022-04-11', NULL, '', '', 2, '12.00', 1, '2022-08-04 15:07:56'),
(87, 80, 1, 'DOCENTE', 'prof.gchampe@institutofibonacci.com', '[\"961703628\"]', 'PJ SANTA ROSA ASENT.H.EL ENCANTO MZ B LT 18', '1967-12-23', '2022-04-11', NULL, '', '', 2, '12.00', 1, '2022-08-04 15:15:51'),
(88, 81, 1, 'INGENIERO AGRONOMO', 'prof.lespinoza@institutofibonacci.com', '[\"982366463\"]', 'JR. HUAYNA CAPAC 418', '1980-10-08', '2022-04-11', NULL, '', '', 2, '14.00', 1, '2022-08-04 15:17:05'),
(89, 82, 1, 'ENFERMERIA', 'prof.loliveira@institutofibonacci.com', '[\"943062159\"]', 'CALLE LA PAZ ASENT.H. NVA. VICTORIA MZ. B LT. 10', '1978-01-04', '2022-04-11', '2022-08-07', '', '', 2, '15.00', 0, '2022-08-29 14:11:51'),
(90, 83, 1, 'QUIMICO FARMACEUTICO', 'prof.rvasquez@institutofibonacci.com', '[\"931575228\"]', 'JR. SALAVERRY 678', '1981-10-06', '2022-04-11', NULL, '', '', 2, '16.00', 1, '2022-08-04 16:15:57'),
(91, 84, 1, 'TECNOLOGO MEDICO', 'prof.jcalderon@institutofibonacci.com', '[\"964404080\"]', 'CALLE PADRE SALAS 177', '1983-01-31', '2022-04-11', NULL, '', '', 2, '13.00', 1, '2022-08-04 15:08:44'),
(92, 85, 1, 'QUIMICO FARMACEUTICO', 'prof.vchumbe@institutofibonacci.com', '[\"960196656\"]', 'JR. RICARDO PALMA 225', '1984-07-03', '2022-04-11', NULL, '', '', 2, '16.00', 1, '2022-08-04 15:16:19'),
(93, 86, 1, 'CONTADOR', 'prof.jsotelo@institutofibonacci.com', '[\"978617995\"]', 'PROLONG. TUPAC AMARU MZ.199 LT.6', '1984-09-22', '2022-04-11', NULL, '', '', 1, '2100.00', 1, '2022-08-04 16:15:00'),
(94, 87, 1, 'CONTADORA', 'prof.everastegui@institutofibonacci.com', '[\"962231797\"]', 'AV. SAN MARTIN 754', '1982-03-26', '2022-04-11', NULL, '', '', 2, '13.00', 1, '2022-08-04 16:16:27'),
(95, 88, 1, 'ECONOMISTA', 'prof.krios@institutofibonacci.com', '[\"961105387\"]', 'ASENT.H. BRISAS DE PUENTE PIEDRA MZ. G LT. 10', '1985-04-01', '2022-04-11', NULL, '', '', 2, '12.00', 1, '2022-08-04 16:08:19'),
(96, 89, 1, 'MATEMATICO', 'prof.yguevara@institutofibonacci.com', '[\"956333923\"]', 'JR SAN PEDRO 131 LIMA-BARRANCA', '1986-09-28', '2022-04-11', NULL, NULL, NULL, NULL, NULL, 1, '2022-08-02 22:53:00'),
(97, 90, 1, 'ENFERMERIA', 'prof.lvarela@institutofibonacci.com', '[\"946975122\"]', 'BARRIO APETTY PASCO', '1989-05-20', '2022-04-11', NULL, '', '', 1, '2000.00', 1, '2022-08-04 16:15:31'),
(98, 91, 1, 'ECONOMISTA', 'prof.ypereira@institutofibonacci.com', '[\"956879616\"]', 'JR. INDEPENDENCIA 387', '1989-08-05', '2022-04-11', NULL, '', '', 2, '12.00', 1, '2022-08-04 15:52:45'),
(99, 92, 1, 'OBSTETRA', 'prof.lschelamauss@institutofibonacci.com', '[\"941408120\"]', 'JR. PADRE AGUERRIZABAL MZ. 44 LT. 07', '1993-07-21', '2022-04-11', NULL, '', '', 2, '12.00', 1, '2022-08-04 16:14:44'),
(100, 93, 1, 'QUIMICO FARMACEUTICO', 'prof.fpanduro@institutofibonacci.com', '[\"963405257\"]', 'CL LOS VENCEDORES 58 LORETO', '1993-07-13', '2022-04-11', NULL, '', '', 2, '16.00', 1, '2022-08-04 15:52:24'),
(101, 94, 1, 'ENFERMERIA', 'prof.gperez@institutofibonacci.com', '[\"927047522\"]', 'JR SANTA ROSA KM 7 MZ K LT 3 ASENT.H. NVO. BOLOGNESI', '1998-05-20', '2022-04-11', NULL, '', '', 2, '13.00', 1, '2022-08-04 15:53:02'),
(102, 95, 1, 'ADMINISTRADOR', 'prof.earevalo@institutofibonacci.com', '[\"988446895\"]', 'JR. ALFONSO UGARTE 1081', '1990-12-28', '2022-04-11', NULL, '', '', 2, '12.00', 1, '2022-08-04 15:07:40'),
(103, 96, 1, 'ADMINISTRADOR', 'prof.ppizango@institutofibonacci.com', '[\"936792517\"]', '', '1993-01-30', '2022-04-10', NULL, '', '', 2, '12.00', 1, '2022-08-04 15:53:34'),
(104, 97, 1, 'ESTOMATOLOGIA', 'prof.nquispe@institutofibonacci.com', '[\"935338806\"]', 'CALLE YAGUAS 186 UCAYALI', '1998-09-16', '2022-04-11', NULL, '', '', 2, '15.00', 1, '2022-08-04 15:55:55'),
(105, 98, 1, 'CONTADOR', 'prof.ggomez@institutofibonacci.com', '[\"996087895\"]', '', '1992-08-25', '2022-04-11', NULL, '', '', 2, '12.00', 1, '2022-08-04 15:26:50'),
(106, 99, 1, 'ECONOMISTA', 'prof.avasquez@institutofibonacci.com', '[\"988236087\"]', 'AV. LLOQUE YUPANQUI 555 UCAYALI', '1996-05-22', '2022-04-20', NULL, '', '', 2, '13.00', 1, '2022-08-04 16:16:47'),
(107, 100, 1, 'ENFERMERIA', 'prof.sdavila@institutofibonacci.com', '[\"955510888\"]', 'CASERIO STA. ROSA UCAYALI', '1993-01-19', '2022-04-11', NULL, '', '', 1, '2100.00', 1, '2022-08-04 15:16:36'),
(108, 101, 1, 'OBSTETRA', 'prof.bruiz@institutofibonacci.com', '[\"957390042\"]', 'PSJ. ESPERANZA FERRARI 151 HUANUCO', '1996-11-04', '2022-04-11', '0000-00-00', 'BBVA', '0011-0814-0215063092', 2, '12.00', 1, '2022-08-04 13:54:32'),
(109, 102, 1, 'ENFERMERIA', 'prof.cmeneses@institutofibonacci.com', '[\"927820572\"]', 'JR. EL PESCADOR MZ. 131A LT. 13 UCAYALI', '1996-09-30', '2022-04-11', NULL, '', '', 2, '13.00', 1, '2022-08-04 15:47:55'),
(110, 103, 1, 'DOCENTE', 'prof.rneira@institutofibonacci.com', '[\"925613533\"]', 'JR. LIMA S/N SAN MARTIN', '1994-03-13', '2022-04-11', NULL, 'BBVA', '001103180200504037', 2, '15.00', 1, '2022-08-04 15:53:19'),
(111, 10, 1, 'LIC. ENFERMERIA', 'prof.jambrocio@institutofibonacci.com', '[\"949533281\"]', '', '0000-00-00', '2022-06-24', NULL, '', '', 2, '13.00', 1, '2022-08-03 17:19:55'),
(113, 105, 1, 'QCO. FARMACEUTICO', 'prof.nastorayme@institutofibonacci.com', '[\"964605494\"]', '', '1975-12-13', '2022-04-11', NULL, '', '', 2, '13.00', 1, '2022-08-03 17:33:55'),
(114, 106, 1, 'LIC. ENFERMEERIA', '', '[\"943861181\"]', '', '0000-00-00', '2022-06-13', NULL, '', '', 2, '13.00', 1, '2022-08-03 17:45:55'),
(115, 107, 1, 'ENFERMERA', '', '[\"940197086\"]', '', '1978-03-08', '2022-04-11', NULL, '', '', 2, '12.00', 1, '2022-08-03 17:53:28'),
(116, 108, 1, 'ADMINISTRADORA', 'prof.dcabello@institutofibonacci.com', '[\"984006376\"]', '', '1988-06-12', '2022-04-11', NULL, '', '', 2, '12.00', 1, '2022-08-03 18:05:15'),
(117, 109, 1, 'ENFERMERA', 'prof.mcecilio@institutofibonacci.com', '[\"936018153\"]', '', '0000-00-00', '2022-04-11', NULL, '', '', 2, '13.00', 1, '2022-08-03 20:10:38'),
(118, 110, 1, 'LIC. ADMINISTRACION', 'prof.achavez@institutofibonacci.com', '[\"941189423\"]', '', '1993-11-10', '2022-04-11', NULL, '', '', 2, '12.00', 1, '2022-08-03 20:30:44'),
(119, 111, 1, 'LIC. ENFERMERIA', 'prof.echavez@institutofibonacci.com', '[\"931139161\"]', '', '1983-10-06', '2022-04-11', NULL, '', '', 2, '12.00', 1, '2022-08-03 20:45:13'),
(120, 112, 1, 'QCO. FARMACEUTICO', 'prof.aenriquez@institutofibonacci.com', '[\"950523222\"]', '', '1982-07-03', '2022-04-11', NULL, '', '', 2, '15.00', 1, '2022-08-03 20:53:02'),
(121, 113, 1, 'ECONOMISTA', '', '[\"956920789\"]', '', '0000-00-00', '2022-06-23', NULL, '', '', 2, '12.00', 1, '2022-08-03 20:59:31'),
(122, 114, 1, 'DOCENTE MATEMATICA', '', '[\"962598698\"]', '', '0000-00-00', '1984-09-15', NULL, '', '', 2, '12.00', 1, '2022-08-03 21:15:39'),
(123, 115, 1, 'PSICOLOGA', '', '[\"959111405\"]', '', '0000-00-00', '2022-05-20', NULL, '', '', 2, '12.00', 1, '2022-08-03 21:19:22'),
(124, 116, 1, 'ODONTOLOGO', 'prof.jleon@institutofibonacci.com', '[\"938316831\"]', '', '0000-00-00', '2022-05-16', NULL, '', '', 2, '12.00', 1, '2022-08-03 21:27:12'),
(125, 117, 1, 'LIC. ENFERMERIA', '', '[\"917405107\",\"959282528\"]', '', '0000-00-00', '2022-05-24', NULL, '', '', 2, '12.00', 1, '2022-08-03 21:56:44'),
(126, 118, 1, 'DOCENTE MATEMATICA', '', '[\"952971771\"]', '', '0000-00-00', '2022-06-13', NULL, '', '', 2, '13.00', 1, '2022-08-03 22:06:48'),
(127, 119, 1, 'ADMINISTRADOR', 'prof.mmorales@institutofibonacci.com', '[\"964652209\"]', '', '1985-05-07', '2022-04-11', NULL, '', '', 2, '12.00', 1, '2022-08-03 22:13:28'),
(128, 120, 1, 'ADM. TURISTICA', 'prof.nocana@institutofibonacci.com', '[\"938563713\"]', '', '0000-00-00', '2022-05-25', NULL, '', '', 2, '12.00', 1, '2022-08-03 22:17:20'),
(129, 121, 1, 'ENFERMERA', 'prof.bquinonez@institutofibonacci.com', '[\"982228869\"]', '', '1993-09-17', '0000-00-00', NULL, '', '', 2, '12.00', 1, '2022-08-03 22:29:17'),
(130, 122, 1, '', 'prof.gquispe@institutofibonacci.com', '[\"935681635\"]', '', '2993-03-26', '2022-04-11', NULL, '', '', 2, '13.00', 1, '2022-08-03 22:33:57'),
(131, 123, 1, 'QCA. FARMACEUTICA', 'prof.lramos@institutofibonacci.com', '[\"962626356\"]', '', '1987-09-12', '2022-05-17', NULL, '', '', 2, '13.00', 1, '2022-08-03 22:55:44'),
(132, 124, 1, 'OBSTETRA', 'prof.mreyes@institutofibonacci.com', '[\"980332953\"]', '', '0000-00-00', '2022-05-16', NULL, '', '', 2, '12.00', 1, '2022-08-03 23:07:02'),
(133, 125, 1, 'CONTADOR', 'profjreynoso@institutofibonacci.com', '[\"990480134\"]', '', '1980-11-16', '2022-04-11', NULL, '', '', 2, '14.00', 1, '2022-08-03 23:11:21'),
(134, 126, 1, 'LIC. ENFERMERIA', '', '[\"961213474\"]', '', '0000-00-00', '2022-07-21', NULL, '', '', 2, '12.00', 1, '2022-08-03 23:18:43'),
(135, 127, 1, 'ABOGADA', 'prof.gsolano@institutofibonacci.com', '[\"990914119\"]', '', '1996-02-22', '2022-04-11', NULL, '', '', 2, '12.00', 1, '2022-08-04 01:58:57'),
(136, 128, 1, 'CONTADOR', 'profivega@institutofibonacci.com', '[\"976173277\"]', '', '1984-10-01', '2022-04-25', NULL, '', '', 2, '13.50', 1, '2022-08-04 02:41:15'),
(137, 4, 1, 'QCO. FARMACEUTICO', 'prof.waedo@institutofibonacci.com', '[\"938106423\"]', '', '1969-12-28', '2022-04-16', NULL, 'BCP', '56000110843007', 2, '20.00', 1, '2022-08-04 03:01:05'),
(138, 129, 1, '', 'prof.dcaldas@institutofibonacci.com', '[\"931027276\"]', '', '0000-00-00', '2022-05-16', NULL, 'BCP', '56094905721007', 2, '13.00', 1, '2022-08-04 03:13:15'),
(139, 130, 1, 'QCA. FARMACEUTICA', 'prof.bcapacyachi@institutofibonacci.com', '[\"958097235\"]', '', '0000-00-00', '2022-05-23', NULL, 'BN', '04388845762', 2, '13.00', 1, '2022-08-04 03:20:56'),
(140, 131, 1, '', '', '[\"943182384\"]', '', '0000-00-00', '2022-05-16', NULL, '', '', 2, '13.00', 1, '2022-08-04 03:22:08'),
(141, 132, 1, 'QUIMICO', 'prof.jconcepcion@institutofibonacci.com', '[\"985937365\"]', '', '1980-09-13', '2022-04-11', NULL, 'BBVA', '0011-031831020061761', 2, '15.00', 1, '2022-08-04 03:33:18'),
(142, 133, 1, 'PROFESORA DE COMUNICACION', 'prof.acuri@institutofibonacci.com', '[\"999207074\"]', '', '0000-00-00', '2022-04-11', NULL, 'SCOTIABANK', '4457272096', 2, '13.00', 1, '2022-08-04 03:38:11'),
(143, 134, 1, '', 'prof.gdionicio@institutofibonacci.com', '[\"938940590\"]', '', '1979-04-17', '2022-04-11', NULL, 'SCOTIABANK', '824-8492970', 2, '11.00', 1, '2022-08-04 04:07:05'),
(145, 135, 1, '', '', '[\"918505558\"]', '', '0000-00-00', '2022-06-20', NULL, 'BCP', '56095927350055', 2, '12.00', 1, '2022-08-04 04:24:35'),
(146, 136, 1, 'OBSTETRICIA', '', '[\"918257197\"]', '', '0000-00-00', '2022-05-18', NULL, '', '', 2, '13.00', 1, '2022-08-04 05:14:04'),
(147, 137, 1, '', 'prof.hjaimes@institutofibonacci.com', '[\"978934166\"]', '', '1986-03-05', '2022-04-11', NULL, 'BN', '04490518016', 2, '15.00', 1, '2022-08-04 05:23:18'),
(148, 138, 1, 'QUIMICO', 'prof.jlucich@institutofibonacci.com', '[\"971244031\"]', '', '1990-07-10', '2022-04-25', NULL, 'SCOTIBANK', '821-3363537', 2, '15.00', 1, '2022-08-04 05:30:31'),
(149, 139, 1, '', 'prof.jmarzano@institutofibonacci.com', '[\"916714071\"]', '', '0000-00-00', '2022-05-23', NULL, 'BBVA', '0011-0318-0200317997', 2, '13.00', 1, '2022-08-04 05:43:31'),
(150, 140, 1, 'CONTADOR', '', '[\"926504352\"]', '', '1995-01-04', '2022-04-13', NULL, 'BBVA', '0011-0318-0200613502', 2, '12.00', 1, '2022-08-04 13:29:26'),
(151, 141, 1, 'LIC ENFERMERIA', '', '[\"948502896\"]', '', '1989-05-25', '2022-04-16', NULL, 'BN', '04-093-843032', 2, '12.00', 1, '2022-08-04 13:37:42'),
(152, 142, 1, 'ECONOMISTA', '', '[\"932433468\"]', '', '0000-00-00', '2022-07-15', NULL, 'BCP', '56098723348096', 2, '130.00', 1, '2022-08-04 13:43:34'),
(153, 143, 1, '', 'prof.jlromero@institutofibonacci.com', '[\"986576581\"]', '', '0000-00-00', '2022-04-11', NULL, 'BN', '04490528593', 2, '11.00', 1, '2022-08-04 13:52:12'),
(154, 144, 1, '', '', '[\"973716500\"]', '', '0000-00-00', '2022-06-13', NULL, 'BN', '04-490-466032', 2, '13.00', 1, '2022-08-04 14:02:10'),
(155, 145, 1, '', 'prof.aysla@institutofibonacci.com', '[\"999915459\"]', '', '1991-02-15', '2022-04-11', NULL, 'BN', '04-055-972678', 2, '12.00', 1, '2022-08-04 14:37:31'),
(156, 146, 1, '', '', '[\"946640312\"]', '', '0000-00-00', '2022-06-14', NULL, 'BBVA', '0011-0050-0200130661', 2, '13.00', 1, '2022-08-04 14:42:35'),
(157, 9, 1, 'ENFERMERO', 'prof.galvarez@institutofibonacci.com', '[\"968954208\"]', '', '1987-05-09', '2022-04-11', NULL, '', '', 2, '13.00', 1, '2022-08-04 15:01:28'),
(158, 147, 1, 'QUIMICO FARMACEUTICO', 'prof.dcarlos@institutofibonacci.com', '[\"960117477\"]', '', '1992-07-29', '2022-04-11', NULL, '', '', 2, '15.00', 1, '2022-08-04 15:09:53'),
(159, 148, 1, 'ENFERMERIA', '', '[\"937733578\"]', '', '1992-11-29', '2022-04-11', NULL, NULL, NULL, NULL, NULL, 1, '2022-08-04 15:12:30'),
(160, 149, 1, 'OBSTETRA', '', '[\"941106470\"]', '', '1991-12-29', '2022-04-11', NULL, '', '', 2, '14.00', 1, '2022-08-04 15:18:29'),
(161, 150, 1, 'QUIMICO FARMACEUTICO', '', '[\"949514578\"]', '', '1987-05-13', '2022-04-11', NULL, '', '', 2, '15.00', 1, '2022-08-04 15:24:50'),
(162, 151, 1, 'ADMINISTRADORA', '', '[\"952699077\"]', '', '1992-01-05', '2022-04-11', NULL, '', '', 2, '13.00', 1, '2022-08-04 15:37:03'),
(163, 152, 1, 'PSICOLOGIA', '', '[\"960838089\"]', '', '1981-05-23', '2022-04-11', NULL, '', '', 2, '12.00', 1, '2022-08-04 15:36:50'),
(164, 153, 1, 'DOCENTE', '', '[\"955206716\"]', '', '1981-12-04', '2022-04-11', NULL, '', '', 2, '12.00', 1, '2022-08-04 15:41:53'),
(165, 154, 1, 'ADMINISTRADOR', '', '[\"920108257\"]', '', '1966-05-06', '2022-04-11', NULL, '', '', 2, '20.00', 1, '2022-08-04 15:46:13'),
(166, 155, 1, 'CONTADOR', '', '[\"977877426\"]', '', '1979-12-08', '2022-04-11', NULL, '', '', 2, '13.00', 1, '2022-08-04 15:49:33'),
(167, 156, 1, 'CONTADOR', '', '[\"961666512\"]', '', '1976-05-17', '2022-04-11', NULL, 'BCP', '48096028088030', 2, '12.00', 1, '2022-08-04 16:17:24'),
(168, 157, 1, 'QUIMICO FARMACEUTICO', '', '[\"971286934\"]', '', '1993-09-03', '2022-05-03', NULL, '', '', 2, '15.00', 1, '2022-08-04 15:56:51'),
(169, 158, 1, 'ENFERMERIA', '', '[\"966828100\"]', '', '0000-00-00', '2022-05-31', NULL, '', '', 2, '14.00', 1, '2022-08-04 16:01:16'),
(170, 159, 1, 'ECONOMISTA', '', '[\"988553041\"]', '', '1992-09-02', '2022-04-11', NULL, '', '', 2, '13.00', 1, '2022-08-04 16:05:13'),
(171, 160, 1, 'MATEMATICO', '', '[\"973258382\"]', '', '1983-10-08', '2022-05-04', NULL, '', '', 2, '15.00', 1, '2022-08-04 16:09:22'),
(172, 172, 1, 'DOCENTE', 'prof.kramos@institutofibonacci.com', '[]', '', '1993-07-07', '2022-08-01', NULL, NULL, NULL, NULL, NULL, 1, '2022-08-22 14:50:59'),
(173, 173, 1, 'QUIMICO FARMACEUTICO', 'prof.etineo@institutofibonacci.com', '[\"931563042\"]', '', '0000-00-00', '2022-05-22', NULL, '', '', 2, '13.00', 1, '2022-08-22 22:07:41'),
(174, 175, 1, 'DOCENTE', 'prof.fcastillo@institutofibonacci.com', '[]', '', '0000-00-00', '2022-07-01', NULL, '', '', 2, '13.00', 1, '2022-08-24 23:39:50'),
(175, 176, 1, 'INGENIERO SISTEMAS', 'prof.prodriguez@institutofibonacci.com', '[\"948573884\"]', '', '0000-00-00', '2022-07-31', NULL, NULL, NULL, NULL, NULL, 1, '2022-08-26 13:25:49');

-- --------------------------------------------------------

--
-- Estructura de tabla para la tabla `personas`
--

CREATE TABLE `personas` (
  `idPersona` int(11) NOT NULL,
  `dniPersona` varchar(15) NOT NULL,
  `nombresPersona` varchar(100) NOT NULL,
  `apellidoPaternoPersona` varchar(100) NOT NULL,
  `apellidoMaternoPersona` varchar(100) NOT NULL,
  `fechaRegistro` timestamp NOT NULL DEFAULT current_timestamp() ON UPDATE current_timestamp()
) ENGINE=InnoDB DEFAULT CHARSET=utf8;

--
-- Volcado de datos para la tabla `personas`
--

INSERT INTO `personas` (`idPersona`, `dniPersona`, `nombresPersona`, `apellidoPaternoPersona`, `apellidoMaternoPersona`, `fechaRegistro`) VALUES
(2, '72884584', 'CHRISTIAN IMER', 'VILCA', 'JUSTINIANO', '2022-07-05 17:19:56'),
(4, '21870344', 'WILLIAM JOSE', 'AEDO', 'VILLAGARAY', '2022-07-06 22:55:39'),
(5, '10701906', 'OVIDIO', 'AGUI', 'FABIAN', '2022-07-06 22:59:30'),
(6, '44907452', 'JONATHAN BELLAMY', 'ALBORNOZ', 'GONZALES', '2022-07-07 16:34:27'),
(7, '45423227', 'SINDY MARISOL', 'ALBORNOZ', 'LEON', '2022-07-07 16:38:54'),
(8, '42118643', 'CHRISTIAN', 'ALVARADO', 'PAJUELO', '2022-07-07 16:46:38'),
(9, '44240980', 'GERSSON RICARDO', 'ALVAREZ', 'RENGIFO', '2022-07-07 21:12:43'),
(10, '42574031', 'JULIO CESAR', 'AMBROCIO', 'HUACHO', '2022-07-07 23:13:09'),
(11, '45352662', 'SINDY CESSIA', 'ALBORNOZ', 'CORI', '2022-07-22 17:24:49'),
(12, '00094311', 'ROGER', 'RODRIGUEZ', 'DEL AGUILA', '2022-07-27 22:10:33'),
(13, '00101340', 'RAUL ANTONIO', 'BRITTO', 'SANCHEZ', '2022-07-27 22:14:17'),
(14, '04031390', 'ELEAZAR ANIBAL', 'TRINIDAD', 'MARCELO', '2022-07-27 22:15:49'),
(15, '04073664', 'RUBIN JESUS', 'ANGULO', 'RIVERA', '2022-07-27 22:26:45'),
(16, '40703814', 'MARIA NELLY', 'DIONICIO', 'ACOSTA', '2022-08-01 03:19:25'),
(17, '09970704', 'ROSA ESTHER', 'LEON', 'OTAROLA', '2022-08-01 03:24:02'),
(18, '09972336', 'DELMA', 'BRAVO', 'HOYOS', '2022-08-01 03:34:03'),
(19, '10055916', 'JHENNY CELESTINA', 'CORNEJO', 'ALCARRAZ', '2022-08-01 03:41:08'),
(20, '22503301', 'YONEL TULIO', 'GOMEZ', 'PENADILLO', '2022-08-01 04:22:32'),
(21, '22530153', 'KARINA', 'DEL CASTILLO', 'CASTIGLIONE', '2022-08-01 04:33:33'),
(22, '40633641', 'JIMMY HUGO', 'GÜERE', 'CHUQUILLANQUI', '2022-08-01 04:46:03'),
(23, '40813097', 'LUZ ANGELICA', 'CASTRO', 'ORDOÑEZ', '2022-08-01 04:49:21'),
(24, '41340840', 'RUSBEL', 'DELGADO', 'LINO', '2022-08-01 13:21:16'),
(25, '42662754', 'EDUARDO ROY', 'LOPEZ', 'ZEVALLOS', '2022-08-01 13:26:47'),
(26, '42840250', 'ALAN ROBERT', 'SIPION', 'RENGIFO', '2022-08-01 13:30:22'),
(27, '44493879', 'MARCOS ELADIO', 'ROMERO', 'RUIZ', '2022-08-01 13:42:46'),
(28, '44519104', 'GREGORIO ALEJANDRO', 'ROBLES', 'ROCANO', '2022-08-01 13:49:59'),
(29, '44949442', 'GERARDO FELIPE', 'VARAS', 'QUISPE', '2022-08-01 14:11:35'),
(30, '45151505', 'MELISSA ROSALIA', 'GRADOS', 'NIÑO', '2022-08-01 14:26:32'),
(31, '45442599', 'DENISSE VERENISSE', 'BORJA', 'BRUNO', '2022-08-01 14:52:57'),
(32, '45556598', 'PIERRE ALBERT', 'RAMIREZ', 'DURAND', '2022-08-01 15:04:51'),
(33, '45564519', 'LAURA VANESSA', 'CABANILLAS', 'SERRANO', '2022-08-01 15:11:12'),
(34, '46082563', 'FRANS ANTONY', 'ARONES', 'CHUQUILLANQUI', '2022-08-01 17:17:23'),
(35, '46273381', 'YLDA CONSUELA', 'PEREZ', 'PALACIOS', '2022-08-01 17:24:11'),
(36, '46317404', 'CATALINA', 'CAMABILLCA', 'ARGUESO', '2022-08-01 17:38:35'),
(37, '46526713', 'LISBETH', 'CASTILLO', 'DIAZ', '2022-08-01 17:42:24'),
(38, '46684331', 'CARMEN LISBETH', 'CABALLERO', 'SABRERA', '2022-08-01 17:54:41'),
(39, '46718738', 'EDIN ALVINO', 'CUEVA', 'CAMPOS', '2022-08-01 18:07:55'),
(40, '47645439', 'CINDY BREISY', 'ROSALES', 'PAREDES', '2022-08-01 19:56:53'),
(41, '47680746', 'CLEYTON SLEITER', 'LOARTE', 'GABRIEL', '2022-08-01 20:03:13'),
(42, '48646651', 'FELIX MILER', 'FLORIDO', 'CAMARGO', '2022-08-01 20:09:10'),
(43, '60496051', 'BREINER', 'MENDOZA', 'VILLOGAS', '2022-08-01 20:15:16'),
(44, '60932480', 'JAMES ELIAS', 'MALLQUI', 'PEREZ', '2022-08-01 20:33:34'),
(45, '70782608', 'ANGELO GIOVANNY', 'SANCHEZ', 'LOPEZ', '2022-08-01 20:36:58'),
(46, '72123047', 'SANIYA ROCIO', 'ESTELA', 'ORTEGA', '2022-08-01 21:03:39'),
(47, '72327407', 'ERWIN FRANCIS', 'CESPEDES', 'VALDEZ', '2022-08-01 21:19:54'),
(48, '80544002', 'RAFAEL EDUARDO', 'MARTEL', 'TORRES', '2022-08-01 21:29:26'),
(49, '80631919', 'JACOB', 'FERNANDEZ', 'PALACIOS', '2022-08-01 21:59:58'),
(50, '44114154', 'MARJORIE', 'RUIZ', 'VELA', '2022-08-01 22:06:35'),
(51, '45648026', 'BETROHON MANUEL', 'VILLACORTA', 'PRINCIPE', '2022-08-01 22:20:17'),
(52, '45791093', 'ANDREA DEL PILAR', 'MATEO', 'DE LA CRUZ', '2022-08-01 22:39:15'),
(53, '04083390', 'PEDRO MIGUEL', 'PALOMARES', 'QUINTANA', '2022-08-01 22:40:36'),
(54, '06669749', 'FALCONIERI', 'MALPARTIDA', 'SABOYA', '2022-08-01 22:50:14'),
(55, '15738626', 'NELSON RICARDO', 'HUAMBACHANO', 'AZABACHE', '2022-08-01 23:02:29'),
(56, '22474720', 'ROGELIO', 'LEON', 'TANGOA', '2022-08-02 13:11:36'),
(57, '22963944', 'CARLOS FRANCISCO', 'HIDALGO', 'PANDURO', '2022-08-02 13:19:03'),
(58, '23164626', 'YENI DENYS', 'LINO', 'ESPIRITU', '2022-08-02 13:20:51'),
(59, '40382372', 'MORTY ABELARDO', 'DIAZ', 'SEIJAS', '2022-08-02 13:28:58'),
(60, '40434288', 'CARLOS RUFINO', 'ISLA', 'HIDALGO', '2022-08-02 13:32:10'),
(61, '40739823', 'IVAN JAIRO', 'CHAMOLI', 'BEJARANO', '2022-08-02 13:37:04'),
(62, '41554706', 'WALTER GIOVANNI', 'GARCIA', 'RUBIO', '2022-08-02 13:44:55'),
(63, '41976614', 'GEDEON MAYER', 'SOLORZANO', 'CAQUI', '2022-08-02 13:48:50'),
(64, '43397826', 'SANDRA ESTHER', 'USHIÑAHUA', 'INUMA', '2022-08-02 14:04:11'),
(65, '43403817', 'CHRISTIAN FRANCISCO', 'RUIZ', 'TELLO', '2022-08-02 14:10:08'),
(66, '43659437', 'NOLY VIRGINIA', 'PENADILLO', 'BARRUETA', '2022-08-02 14:20:36'),
(67, '44021545', 'GUSTABO', 'ORTIZ', 'MORALES', '2022-08-02 14:32:16'),
(68, '45885724', 'JULIANA', 'ZEVALLOS', 'VIGILIO', '2022-08-02 14:45:39'),
(69, '45987417', 'WILDER RAUL', 'ROJAS', 'DE LA CRUZ', '2022-08-02 14:52:04'),
(70, '46122071', 'SALINOVA', 'ZECEVICH', 'TRUJILLO', '2022-08-02 14:59:39'),
(71, '46696282', 'JHON ZOSIMO', 'GARAY', 'LAURENCIO', '2022-08-02 15:11:15'),
(72, '47011282', 'JIMMY', 'MORALES', 'ORTEGA', '2022-08-02 15:18:33'),
(73, '48028951', 'RUTH SUSANA', 'TABOADA', 'PARAGUAY', '2022-08-02 15:25:30'),
(74, '70248701', 'STEFANY MAGALY', 'AREVALO', 'VILLACORTA', '2022-08-02 15:36:49'),
(75, '71789673', 'RIDER CESAR', 'LOPEZ', 'VASQUEZ', '2022-08-02 15:55:19'),
(76, '71886190', 'JULIO CESAR', 'LEMOS', 'AGÜERO', '2022-08-02 16:10:48'),
(77, '05381270', 'JILMA', 'RAMIREZ', 'MORI', '2022-08-02 16:31:54'),
(78, '10090913', 'CLEMENTE RAUL', 'CHAVEZ', 'TUCTO', '2022-08-02 16:39:22'),
(79, '10113185', 'DONALD ALEXANDER', 'BAZAN', 'MEDINA', '2022-08-02 16:42:46'),
(80, '21460852', 'GELASIO NICOLAS', 'CHAMPE', 'HUARCAYA', '2022-08-02 16:55:57'),
(81, '40586169', 'LOURDES YANET', 'ESPINOZA', 'UGARTE', '2022-08-02 17:08:46'),
(82, '40777986', 'LESLIE RENE', 'OLIVEIRA', 'TELLO', '2022-08-02 17:14:08'),
(83, '41063368', 'ROMY', 'VASQUEZ', 'BAOS', '2022-08-02 17:27:53'),
(84, '41785240', 'JESUS MARTIN', 'CALDERON', 'TRUJILLO', '2022-08-02 17:50:44'),
(85, '42565000', 'VICTOR HUGO', 'CHUMBE', 'VELA', '2022-08-02 17:55:02'),
(86, '42715229', 'JOSE MARTIN', 'SOTELO', 'ASIPALI', '2022-08-02 22:30:00'),
(87, '42968287', 'ERIKA JUDITH', 'VERASTEGUI', 'PRETELL', '2022-08-02 22:41:28'),
(88, '42980651', 'KENT', 'RIOS', 'RAMIREZ', '2022-08-02 22:46:10'),
(89, '43994308', 'YONATHAN DAVID', 'GUEVARA', 'WINTONG', '2022-08-02 22:53:00'),
(90, '45795059', 'LEYDI DIANA', 'VARELA', 'ENRIQUEZ', '2022-08-02 22:57:44'),
(91, '45937745', 'YANG RICARDO', 'PEREIRA', 'AREVALO', '2022-08-02 23:07:31'),
(92, '70551430', 'LITA MARILIA', 'SCHELAMAUSS', 'LOJA', '2022-08-02 23:19:27'),
(93, '71036836', 'FRANCHESCOLI JUSEPI', 'PANDURO', 'GUTIERREZ', '2022-08-03 14:51:59'),
(94, '71046087', 'GRAISSY HEIDY', 'PEREZ', 'GARCIA', '2022-08-03 15:10:16'),
(95, '71048367', 'EDWIN MANUEL', 'AREVALO', 'ALVARADO', '2022-08-03 15:14:18'),
(96, '72517983', 'PIER GUSTAVO', 'PIZANGO', 'NOA', '2022-08-03 15:28:38'),
(97, '72962431', 'NATALY CRISTINA', 'QUISPE', 'MANUYAMA', '2022-08-03 15:35:55'),
(98, '73140746', 'GUSTAVO', 'GOMEZ', 'SHAHUANO', '2022-08-03 15:41:22'),
(99, '73198351', 'ANYELA ROSARIO', 'VASQUEZ', 'PECHO', '2022-08-03 15:46:34'),
(100, '73714007', 'SALLY JOBETH', 'DAVILA', 'LAVALLE', '2022-08-03 15:52:50'),
(101, '76429405', 'BRAYAN ALEXANDER', 'RUIZ', 'CLAUDIO', '2022-08-03 16:15:45'),
(102, '76909137', 'CANDY CARITO', 'MENESES', 'BRAVO', '2022-08-03 16:18:01'),
(103, '76191515', 'RUTH IRIS', 'NEIRA', 'AGUILAR', '2022-08-03 16:22:03'),
(104, '20107553', 'IGNACIO EUGENIO', 'CHANCA', 'FLORES', '2022-08-03 17:30:14'),
(105, '20107653', 'NILDA', 'ASTORAYME', 'HUAIRA', '2022-08-03 17:33:43'),
(106, '45152456', 'ISABEL', 'BERMUDEZ', 'CACHIQUE', '2022-08-03 17:45:43'),
(107, '22530166', 'MARA CIPRIANA', 'BERROSPI', 'ARRIETA', '2022-08-03 17:53:16'),
(108, '45925235', 'DEISY MELISSA', 'CABELLO', 'SIPION', '2022-08-03 18:02:18'),
(109, '72121523', 'MEYLLY', 'CECILIO', 'FALCON', '2022-08-03 20:07:10'),
(110, '71868072', 'ANTONI JOSELITO', 'CHAVEZ', 'ESPINOZA', '2022-08-03 20:12:05'),
(111, '42059334', 'EDILBERTO', 'CHAVEZ', 'MARTEL', '2022-08-03 20:45:02'),
(112, '41374861', 'ANDRES MANUEL', 'ENRIQUEZ', 'FLORES', '2022-08-03 20:52:23'),
(113, '42834279', 'JOHANA ROSALY', 'ESCALANTE', 'SERRANO', '2022-08-03 20:59:14'),
(114, '42602970', 'JONY ABDON', 'HERRERA', 'CALERO', '2022-08-03 21:14:45'),
(115, '73888415', 'SILVIA MILAGROS', 'HERRERA', 'SALGADO', '2022-08-03 21:19:13'),
(116, '46866781', 'JOE KENYI', 'LEON', 'HUANCA', '2022-08-03 21:21:19'),
(117, '72388218', 'KEVIN WALTER', 'MATEO', 'CORONEL', '2022-08-03 21:56:27'),
(118, '41656202', 'ALEXSANDER ANTONIO', 'MELGAREJO', 'ALCEDO', '2022-08-03 22:06:28'),
(119, '43073674', 'MELCHOR NICANOR', 'MORALES', 'ESPINOZA', '2022-08-03 22:13:12'),
(120, '41119033', 'NATHALIE CRISTINA', 'OCAÑA', 'DOMINGUEZ', '2022-08-03 22:17:06'),
(121, '73063440', 'BETZY ELIZABETH', 'QUIÑONEZ', 'BARRUETA', '2022-08-03 22:29:06'),
(122, '45595775', 'YESICA GUISELA', 'QUISPE', 'HILARIO', '2022-08-03 22:33:45'),
(123, '45714945', 'LUZ SANDRA', 'RAMOS', 'EVARISTO', '2022-08-03 22:55:30'),
(124, '22506325', 'MARIA ESTHER', 'REYES', 'ACOSTA', '2022-08-03 23:06:46'),
(125, '42206417', 'JUAN', 'REYNOSO', 'MERINO', '2022-08-03 23:11:07'),
(126, '80370776', 'FERNANDO', 'SALAZAR', 'SANTILLAN', '2022-08-03 23:18:35'),
(127, '73032175', 'GUADALUPE ELIZABETH', 'SOLANO', 'BARRUETA', '2022-08-04 01:58:18'),
(128, '42739564', 'IVAN', 'VEGA', 'CORI', '2022-08-04 02:38:44'),
(129, '41273965', 'DANILO', 'CALDAS', 'CAMACHO', '2022-08-04 03:07:31'),
(130, '43582826', 'BIANCA GIULLIANA', 'CAPACYACHI', 'CHIPANA', '2022-08-04 03:15:49'),
(131, '46680508', 'ESPERANZA', 'CARDENAS', 'IZQUIERDO', '2022-08-04 03:21:57'),
(132, '40662289', 'JUAN MANUEL', 'CONCEPCION', 'SALAS', '2022-08-04 03:31:42'),
(133, '42150575', 'ANNALEE KATTY', 'CURI', 'PONCE DE SALAZAR', '2022-08-04 03:37:47'),
(134, '40193887', 'GRACIELA CATTY', 'DIONICIO', 'ACOSTA', '2022-08-04 03:45:15'),
(135, '74854250', 'ROSA BEATRIZ', 'GERONIMO', 'NUÑEZ', '2022-08-04 04:24:13'),
(136, '71200724', 'YERALDIN ERICA', 'HURTADO', 'VICENTE', '2022-08-04 05:13:46'),
(137, '43686489', 'HENRY SAVINO', 'JAIMES', 'ROJAS', '2022-08-04 05:22:58'),
(138, '46422189', 'JONATHAN JOE', 'LUCICH', 'TAPIA', '2022-08-04 05:30:13'),
(139, '75331316', 'JAIR JHENSON', 'MARZANO', 'ALARCON', '2022-08-04 05:43:04'),
(140, '73359517', 'JEISON ANTHONY', 'PALOMINO', 'PALACIOS', '2022-08-04 13:29:05'),
(141, '45376495', 'FRANCLYN ESTEIN', 'PRINCIPE', 'SARMIENTO', '2022-08-04 13:37:24'),
(142, '40841286', 'NILTON CESAR', 'QUISPE', 'ALVINO', '2022-08-04 13:43:16'),
(143, '47378196', 'JOSE LUIS', 'ROMERO', 'TRUJILLO', '2022-08-04 13:49:50'),
(144, '42906059', 'ELIAS', 'SERAFIN', 'BRICEÑO', '2022-08-04 14:01:53'),
(145, '47512743', 'ANA SOLANGE', 'YSLA', 'BERROSPI', '2022-08-04 14:37:10'),
(146, '45300237', 'SERGIO JHAIR', 'PANDURO', 'QUIROZ', '2022-08-04 14:42:20'),
(147, '47679324', 'DREINSY ROSALY', 'CARLOS', 'ROJAS', '2022-08-04 15:09:37'),
(148, '47507281', 'JORGE ALFREDO', 'CCORAHUA', 'FLORES', '2022-08-04 15:12:30'),
(149, '48041547', 'KATHERINE BRENDA', 'FERNANDEZ', 'TAPIA', '2022-08-04 15:18:07'),
(150, '44343403', 'AARON ISRAEL', 'GARCIA', 'BUSTAMANTE', '2022-08-04 15:24:35'),
(151, '71992362', 'VIVIANA', 'GUILLEN', 'VILCA', '2022-08-04 15:28:52'),
(152, '71048346', 'JEFFRI DALTON', 'LINARES', 'ALVARADO', '2022-08-04 15:36:37'),
(153, '41503733', 'LADY LUZ', 'LINARES', 'LOVERA', '2022-08-04 15:41:47'),
(154, '22432870', 'ARLINDO', 'LUCIANO', 'GUILLERMO', '2022-08-04 15:44:22'),
(155, '40408552', 'CARLOS SAUL', 'MIGUEL', 'VELIS', '2022-08-04 15:49:21'),
(156, '23013199', 'CARLOS ENRIQUE', 'POZZO', 'OLIVA', '2022-08-04 15:54:18'),
(157, '72631351', 'CHRISTIAN RAFAEL', 'RAMIREZ', 'CARDENAS', '2022-08-04 15:56:41'),
(158, '46967145', 'WILDER', 'RENGIFO', 'TUANAMA', '2022-08-04 16:01:01'),
(159, '70747258', 'RAY JESUS', 'RIOS', 'MENDOZA', '2022-08-04 16:04:26'),
(160, '42154689', 'JIMMY ALONSO', 'SANTOS', 'ARCE', '2022-08-04 16:09:13'),
(161, '004077568', 'GETZABETH DEL CARMEN', 'VILLALOBOS', 'CHACIN', '2022-08-04 16:42:05'),
(162, '47228646', 'CAROLINA FRANCISCO', 'CAMARENA', 'MEDINA', '2022-08-04 16:43:39'),
(163, '42129084', 'LISBETH', 'FALCÓN', 'VILLANUEVA ', '2022-08-04 16:43:39'),
(164, '72884583', 'LUIS ALBERTO', 'VILCA', 'JUSTINIANO', '2022-08-05 04:07:54'),
(165, '43576826', 'NITZI', 'CURI', 'PONCE', '2022-08-05 14:31:39'),
(166, '22520874', 'NATHALIA ISABEL', 'VARGAS', 'CONTRERAS', '2022-08-09 13:32:33'),
(167, '05411611', 'MARLITH PATRICIA', 'DIAZ', 'MACEDO', '2022-08-11 04:32:20'),
(168, '45283462', 'OLGA ELISA', 'GOMEZ', 'RODRIGUEZ', '2022-08-11 13:17:55'),
(169, '44460566', 'LESLY ANGELA', 'PALOMINO', 'CHAVEZ', '2022-08-12 15:31:08'),
(170, '76322433', 'YINA MIREYA', 'CECILIO', 'TARAZONA', '2022-08-12 15:31:28'),
(171, '42718678', 'JUVITHZA IRENE', 'AGUIRRE', 'AVILA', '2022-08-12 15:31:43'),
(172, '70800917', 'ANDREIT KAREM', 'RAMOS', 'ALVARADO', '2022-08-22 14:50:59'),
(173, '46602069', 'ELMO FERNANDO', 'TINEO', 'CAMARGO', '2022-08-22 14:58:03'),
(174, '74484848', 'ESTHER AIDELI', 'MALAVER', 'HUINGO', '2022-08-23 17:04:16'),
(175, '47441612', 'FRAN JOEL', 'CASTILLO', 'VALVERDE', '2022-08-24 23:39:23'),
(176, '75360078', 'PATRICK JEREMY', 'RODRIGUEZ', 'SANDOVAL', '2022-08-26 13:25:49'),
(177, '73878067', 'GABRIELA ESMERALDA', 'CAJAS', 'ARGÜESO', '2022-08-26 15:58:04'),
(178, '72724875', 'YESSENIA JESUS', 'RUIZ', 'SANANCINO', '2022-08-26 21:23:28'),
(179, '70246509', 'JENNIFER YAJAIRA', 'PICON', 'CHUNG', '2022-08-26 21:24:22'),
(180, '45209150', 'MARICEL', 'BARDALES', 'HERNANDEZ', '2022-08-26 21:24:53'),
(181, '46481558', 'ANGELICA JOANNY', 'CORDOVA', 'ACUÑA', '2022-08-26 21:25:15'),
(182, '73069184', 'ESLITH', 'PAIMA', 'TAMINCHI', '2022-08-26 21:39:58'),
(183, '47289216', 'KESLIVAN ENRIQUE', 'ZEVALLOS', 'RIOS', '2022-08-26 21:44:44'),
(184, '71637214', 'YOSSELYN PATRICIA', 'VASQUEZ', 'CALDERON', '2022-08-26 21:47:32'),
(185, '75569009', 'MAYRA DEL PILAR', 'CARDENAS', 'PARDAVE', '2022-08-26 21:48:29'),
(186, '41175026', 'DANIEL', 'ARTEAGA', 'CALIXTO', '2022-08-26 21:49:59'),
(187, '71959875', 'KELSY THALIA', 'RIVERA', 'FIGUEROA', '2022-08-26 21:50:57'),
(188, '75485652', 'AYDE YAQUI', 'CHAPARIN', 'ALANIA', '2022-09-02 13:17:58'),
(189, '74551641', 'GABY CECI', 'POMA', 'ULPIANO', '2022-09-02 13:34:31'),
(190, '76158181', 'DAYANA JHANELIZ', 'TUANAMA', 'ACHIC', '2022-09-02 13:37:36'),
(191, '73453616', 'LISET DEANITT', 'BUENO', 'CARHUAMACA', '2022-09-02 13:38:36'),
(192, '76862850', 'LUZ MERY', 'AQUINO', 'IGLESIAS', '2022-09-02 13:44:11'),
(193, '61089467', 'KLEVER DAVID', 'VENTURO', 'HUAROC', '2022-09-02 13:49:44'),
(194, '71920792', 'CARLOS DEZABO', 'GRANADINO', 'VELA', '2022-09-02 13:52:00'),
(195, '73183867', 'CESAR JULIO JESUS', 'PANDURO', 'ESCOBEDO', '2022-09-02 13:52:47'),
(196, '74135526', 'YAJAIDA ELEOTERIA', 'AGUIRRE', 'URBANO', '2022-09-02 13:53:32'),
(197, '74946034', 'INES ADELINDA', 'ESPINOZA', 'SALVADOR', '2022-09-02 13:54:57'),
(198, '71306456', 'JHON KEVIN', 'SIMON', 'TRINIDAD', '2022-09-02 13:57:34'),
(199, '77539178', 'GABRIEL ALBERTO', 'SALCEDO', 'JUSTO', '2022-09-02 13:59:56'),
(200, '75156995', 'ERIKA MIRELLA', 'COLONIA', 'COPITAN', '2022-09-02 14:01:06'),
(201, '42662752', 'ELIZABETH LIZ', 'VILLAR', 'FLORES', '2022-09-02 14:02:31'),
(202, '70749745', 'PAOLA CRISTINA', 'FIGUEROA', 'RAMIREZ', '2022-09-02 14:04:37'),
(203, '76228527', 'DORIS LIZETH', 'ORTIZ', 'JUAREZ', '2022-09-02 14:05:43'),
(204, '22487332', 'ALFONSA', 'TARAZONA', 'ESPINOZA', '2022-09-02 14:06:08'),
(205, '74634333', 'SALETH ENITH', 'MOZOMBITE', 'MELLO', '2022-09-02 14:07:56'),
(206, '74945495', 'JENNY MARIA', 'MARTIN', 'UGARTE', '2022-09-02 14:10:16'),
(207, '74553295', 'EMER IVAN', 'RIVERA', 'SALAZAR', '2022-09-02 14:10:39'),
(208, '75452404', 'ELIAS OSWALDO', 'ESPINOZA', 'ESTEBAN', '2022-09-02 14:10:57'),
(209, '48804500', 'YIOMIRA', 'NAPUCHE', 'PIZANGO', '2022-09-02 14:13:15'),
(210, '41088302', 'NADIA FLOR', 'RUIZ', 'AMASIFUEN', '2022-09-02 14:15:19'),
(211, '73529672', 'DIADONA NIMIA', 'MARTIN', 'CARBAJAL', '2022-09-02 14:19:57'),
(212, '75916607', 'MARIA NATALY', 'JARA', 'AMBICHO', '2022-09-02 14:21:17'),
(213, '71965150', 'VIANCA NAYELY', 'VARGAS', 'CASTRO', '2022-09-02 14:22:22'),
(214, '71913397', 'MARIANE MELISSA', 'VEGA', 'MALLQUI', '2022-09-02 14:23:57'),
(215, '46868583', 'ZAIRA LUSHET', 'VERDE', 'MALPARTIDA', '2022-09-02 14:24:34'),
(216, '77008569', 'ELIAN SAMIRA', 'PISCO', 'VASQUEZ', '2022-09-02 14:27:19'),
(217, '76773181', 'SEBASTIAN ESTEBAN', 'DE LA CRUZ', 'VERDE', '2022-09-02 14:28:56'),
(218, '61808306', 'JOSE RAUL', 'PAREDES', 'PEREZ', '2022-09-02 14:31:23'),
(219, '75603748', 'LISBETH LIZETH', 'LEON', 'PALMA', '2022-09-02 14:32:52'),
(220, '43452142', 'TERESA MARLITH', 'JIMENEZ', 'PEREZ', '2022-09-02 14:39:15'),
(221, '76337302', 'LEANDRO ESTEFANO', 'MARTEL', 'FALCON', '2022-09-02 14:44:30'),
(222, '63311907', 'JESENIA', 'VALERA', 'CANAYO', '2022-09-02 14:46:30'),
(223, '62061229', 'FLORIANA', 'RENGIFO', 'TANCHIVA', '2022-09-02 14:51:19'),
(224, '40701215', 'NELY', 'ROSAS', 'VELASQUEZ', '2022-09-02 14:51:32'),
(225, '72274182', 'MARIA ADELI', 'MARGARIN', 'VELASQUEZ', '2022-09-02 14:51:48'),
(226, '75339322', 'HEYMI YOHENA', 'REATEGUI', 'MELENDEZ', '2022-09-02 14:53:49'),
(227, '44190435', 'EDMOND', 'TINEO', 'MOZOMBITE', '2022-09-02 14:53:54'),
(228, '76229005', 'KATHERIN ELIANG', 'CUELLAR', 'HIDALGO', '2022-09-02 14:57:33'),
(229, '71634316', 'DIANNA SANTA', 'ALCANTARA', 'ABAD', '2022-09-02 14:57:43'),
(230, '62708080', 'NANCY DAYANA', 'CORDOVA', 'PANAIFO', '2022-09-02 14:58:07'),
(231, '74418232', 'LIZETH YANINA', 'REYES', 'CAMARA', '2022-09-02 15:06:57'),
(232, '75422885', 'CARLOS ERICK', 'VASQUEZ', 'CASTAÑEDA', '2022-09-02 15:09:45'),
(233, '45264700', 'TESSY CAROLINA', 'RIOS', 'GONZALES', '2022-09-02 15:12:40'),
(234, '73781507', 'PEDRO LUIS', 'RENGIFO', 'TORINO', '2022-09-02 15:14:46'),
(235, '77811328', 'BRANDON BRAYAN', 'TARAZONA', 'YACHA', '2022-09-02 15:15:45'),
(236, '71714016', 'TIFANY BRISETH', 'PIÑAN', 'NAZAR', '2022-09-02 15:17:54'),
(237, '41253474', 'ANGELA VERONICA', 'BOHORQUEZ', 'GAYOSO', '2022-09-02 15:19:43'),
(238, '75147959', 'LUZ REYNA', 'QUISPE', 'PALOMINO', '2022-09-02 15:22:09'),
(239, '44744070', 'KENIA LUZ', 'SANCHEZ', 'LOPEZ', '2022-09-02 15:22:16'),
(240, '45079853', 'MARICRUZ', 'GARCIA', 'MENDOZA', '2022-09-02 15:24:00'),
(241, '47621964', 'OLGA', 'LEANDRO', 'LASTRA', '2022-09-02 15:24:52'),
(242, '74726465', 'YESICA', 'SANTILLAN', 'CORNE', '2022-09-02 15:29:01'),
(243, '73855749', 'NHICOL LEONELY', 'OSORIO', 'VILLANUEVA', '2022-09-02 15:36:57'),
(244, '70868573', 'MOLLY KIM', 'SANTA CRUZ', 'GIL', '2022-09-02 15:40:58'),
(245, '72852691', 'EDDY BRAYAN', 'BRAVO', 'TORRES', '2022-09-02 15:43:12'),
(246, '75882569', 'JERLY JASMIN', 'LAZARO', 'TELLO', '2022-09-02 15:44:50'),
(247, '60114121', 'DEMIL', 'LINARES', 'AMARINGO', '2022-09-02 15:45:49'),
(248, '42771505', 'JANETH', 'PEÑA', 'PEREZ', '2022-09-02 15:52:48'),
(249, '75946036', 'NELY', 'ASTUPIÑAN', 'ISIDRO', '2022-09-02 15:55:23'),
(250, '74222353', 'RICKY MARTIN', 'VASQUEZ', 'SANCHEZ', '2022-09-02 15:59:54'),
(251, '77796753', 'GUADALUPE ESMIT', 'GRANDEZ', 'HOYOS', '2022-09-02 16:01:29'),
(252, '75766279', 'ERIKA GABRIELA', 'PANDURO', 'PALOMINO', '2022-09-02 16:02:45'),
(253, '48638617', 'NATALY', 'FLORES', 'LOMAS', '2022-09-02 16:05:24'),
(254, '74989015', 'LUZ MIREYA', 'CARBAJAL', 'CISNEROS', '2022-09-02 16:05:57'),
(255, '73391969', 'AMY VANESSA', 'SANDOVAL', 'MATHEWS', '2022-09-02 16:06:27'),
(256, '76648595', 'ROSA YANIRA', 'ESPINOZA', 'ESPIRITU', '2022-09-02 16:06:35'),
(257, '73179062', 'SHIRLEY MIDORY', 'SEBASTIAN', 'JULCA', '2022-09-02 16:10:04'),
(258, '75692725', 'MISHELL NATALY', 'CASTRO', 'ESPIRITU', '2022-09-02 16:10:30'),
(259, '63686870', 'LIONEL RIDERD', 'RIVERA', 'BRAVO', '2022-09-02 16:11:29'),
(260, '60737978', 'KATERIN LUISA', 'SALDAÑA', 'BARBOZA', '2022-09-02 16:17:13'),
(261, '74223569', 'ESMERALDA', 'SANTIAGO', 'GONZALES', '2022-09-02 16:17:53'),
(262, '74767618', 'MELANY KAROLINE SOLEDAD', 'VIZCAYA', 'MALPARTIDA', '2022-09-02 16:21:15'),
(263, '75209029', 'OMAR SEBASTIAN', 'PEREZ', 'ARVILDO', '2022-09-02 16:22:05'),
(264, '60094137', 'SINTIA SELINDA', 'TOLENTINO', 'TARAZONA', '2022-09-02 16:25:31'),
(265, '62780162', 'NEDY CELIA', 'ROJAS', 'OCHAVANO', '2022-09-02 16:27:01'),
(266, '76076086', 'ALEXANDRA LIBERTAD', 'PRINCIPE', 'VEGA', '2022-09-02 16:28:11'),
(267, '75017927', 'ROSALIA', 'TINEO', 'TRINIDAD', '2022-09-02 16:32:10'),
(268, '74934094', 'ANGHY LESLY', 'MARTEL', 'PRESENTACION', '2022-09-02 16:32:31'),
(269, '60274368', 'LUZ AURORA', 'CASIMIRO', 'AGUIRRE', '2022-09-02 16:33:24'),
(270, '76308746', 'YENIDSA', 'REYES', 'CALDERON', '2022-09-02 16:36:58'),
(271, '47364702', 'YULIANA MATILDE', 'AGUILAR', 'CHAVEZ', '2022-09-02 16:41:32'),
(272, '72680547', 'MELODI LEYDI', 'RAMIREZ', 'MENDOZA', '2022-09-02 16:42:36'),
(273, '75828777', 'GEINER GABRIEL', 'TORRES', 'SANCHEZ', '2022-09-02 16:43:41'),
(274, '76422997', 'LESLY NATHALY', 'CAMPOS', 'PALOMINO', '2022-09-02 16:46:37'),
(275, '74881533', 'DANTE EUSEBIO', 'MURGA', 'AGUIRRE', '2022-09-02 16:49:04'),
(276, '74083421', 'DAYSI CELINA', 'TUCTO', 'MARTIN', '2022-09-02 16:49:19'),
(277, '74083346', 'JASMIN KIMBERLY', 'ROMERO', 'CORI', '2022-09-02 16:50:33'),
(278, '74937118', 'DORIS MICAELA', 'CHAMORRO', 'RAMON', '2022-09-02 16:51:23'),
(279, '46348592', 'ELIZABETH', 'BAZAN', 'BRAVO', '2022-09-02 16:53:02'),
(280, '73788699', 'MARCIAL', 'CAHUAZA', 'OCHAVANO', '2022-09-02 16:57:02'),
(281, '48354047', 'LINDA MALU', 'SALDAÑA', 'RODRIGUEZ', '2022-09-02 16:57:08'),
(282, '73437679', 'ANGUELLA BRIGHITT', 'ABAD', 'MELENDEZ', '2022-09-02 16:59:38'),
(283, '73095501', 'KIARA', 'LOZANO', 'PANDURO', '2022-09-02 17:00:04'),
(284, '73981099', 'BERTHA ISABEL', 'BALLON', 'MAUTINO', '2022-09-02 17:02:47'),
(285, '23019422', 'ALEX FERNANDO', 'TARAZONA', 'TELLO', '2022-09-02 17:04:40'),
(286, '63499421', 'ELIANA', 'TAPULLIMA', 'PAREDES', '2022-09-02 17:04:50'),
(287, '71631219', 'GABY MANUELA', 'CAMPOS', 'CARRILLO', '2022-09-02 17:05:08'),
(288, '74065989', 'LINCOL SAID', 'DELGADO', 'URETA', '2022-09-02 17:08:37'),
(289, '76301342', 'THALIA SORAYA', 'JIMENEZ', 'ANDRADE', '2022-09-02 17:19:20'),
(290, '48715526', 'SALOME', 'SUAREZ', 'SANTILLAN', '2022-09-02 17:21:31'),
(291, '74301344', 'DIANA VICTORIA', 'PABLO', 'ASCA', '2022-09-02 17:21:35'),
(292, '61682285', 'FLOR ZARELA', 'RUIZ', 'MONTOYA', '2022-09-02 17:23:45'),
(293, '71320911', 'STALIN', 'CRISPIN', 'SANCHEZ', '2022-09-02 17:28:02'),
(294, '75996793', 'SARITA ISIDORA', 'CORNELIO', 'ALEJO', '2022-09-02 17:31:33'),
(295, '76863433', 'YANINA', 'ALVA', 'TOLEDO', '2022-09-02 17:35:28'),
(296, '71304151', 'AMELIA MARGARITA', 'SERAFIN', 'PATRICIO', '2022-09-02 17:40:13'),
(297, '77155506', 'YAGIRA JAHAIRA', 'MONTESINOS', 'SILVA', '2022-09-02 17:43:50'),
(298, '74167791', 'CARMEN YOSHIRA', 'SERAFIN', 'BUENO', '2022-09-02 17:44:04'),
(299, '60299555', 'MILDRET DORIS', 'LINO', 'ESPIRITU', '2022-09-02 17:45:23'),
(300, '75889471', 'MILAGROS VITA', 'COTRINA', 'BUENDIA', '2022-09-02 17:53:48'),
(301, '75842852', 'ERICK SEBASTIAN', 'OSCATEGUI', 'TUANAMA', '2022-09-02 17:54:09'),
(302, '75180000', 'KATHERINE ROSA', 'TINEO', 'MEZA', '2022-09-02 17:55:44'),
(303, '45570108', 'ADELIA', 'FLORES', 'VASQUEZ', '2022-09-02 18:07:02'),
(304, '75990706', 'NATALIA MAYRA', 'GERONIMO', 'SEBASTIAN', '2022-09-02 18:07:59'),
(305, '74730344', 'YHOSH BRAINER', 'BARRUETA', 'EVARISTO', '2022-09-02 18:10:36'),
(306, '76034573', 'ALISSON ARIANA', 'CAUPER', 'MONTECILLO', '2022-09-02 18:26:31'),
(307, '75542447', 'SHERLLY LESLIE', 'HUERTAS', 'AMBICHO', '2022-09-02 18:32:28'),
(308, '60219313', 'LANNY', 'VASQUEZ', 'MURAYARI', '2022-09-02 18:50:08'),
(309, '60094440', 'MARITZA KORY', 'AGUIRRE', 'SILVA', '2022-09-02 19:13:11'),
(310, '71335732', 'MARJORY RUBY', 'CANO', 'TOSCANO', '2022-09-02 19:13:18'),
(311, '62119887', 'DANNA LUCIA', 'QUISPE', 'AHUANARI', '2022-09-02 19:19:27'),
(312, '77285792', 'NIURKA BRIGHIT', 'PALACIOS', 'MORALES', '2022-09-02 19:23:51'),
(313, '60094144', 'CARMEN LINDA', 'ALIAGA', 'LEON', '2022-09-02 19:33:54'),
(314, '77425672', 'YESMILA', 'LLANTO', 'PATRICIO', '2022-09-02 19:35:14'),
(315, '60948983', 'WALDIR JEFFERSON', 'BALDOCEDA', 'TORATTO', '2022-09-02 19:47:48'),
(316, '75157415', 'LOURDES', 'FALCON', 'CAMPOS', '2022-09-02 19:53:18'),
(317, '77522773', 'CINDY JOANNI', 'PANDURO', 'PANDURO', '2022-09-02 20:04:54'),
(318, '75015201', 'CARMEN LOLA', 'MARTEL', 'GERONIMO', '2022-09-02 20:07:27'),
(319, '76952827', 'JUAN CARLOS', 'CHAVEZ', 'VASQUEZ', '2022-09-02 20:08:15'),
(320, '74041126', 'YERALDINA JULISA', 'LUNA', 'CALIXTO', '2022-09-02 20:08:35'),
(321, '47530904', 'IRMA ESTHER', 'CIEZA', 'DURAND', '2022-09-02 20:10:06'),
(322, '76023595', 'ROGELIO MARVIN', 'GARAY', 'VENTURA', '2022-09-02 20:11:51'),
(323, '75233716', 'JHORDY MOISES', 'BERAUN', 'CONDEZO', '2022-09-02 20:15:58'),
(324, '72153867', 'DEYSI CRISTINA', 'ENCARNACION', 'LAURENCIO', '2022-09-02 20:16:53'),
(325, '74068738', 'KATY MARIN', 'CESPEDES', 'GONZALES', '2022-09-02 20:21:39'),
(326, '71957302', 'MARY CIELO', 'LUNA', 'ROMERO', '2022-09-02 20:21:41'),
(327, '76317747', 'JACKE KELLY', 'CALERO', 'ZEGARRA', '2022-09-02 20:25:02'),
(328, '48355961', 'JHENNY JAKELINE', 'SOBRADO', 'SILVA', '2022-09-02 20:30:32'),
(329, '71700192', 'PIERO D\'ALESSANDRO', 'POMA', 'POMAR', '2022-09-02 20:35:00'),
(330, '75705840', 'FLOR MARIA', 'LEON', 'MARTEL', '2022-09-02 20:38:53'),
(331, '70832379', 'YERAL YOHAN', 'DIEGO', 'SOLIS', '2022-09-02 20:41:06'),
(332, '72550606', 'NORMA AYDA', 'PARRA', 'RODRIGUEZ', '2022-09-02 20:46:06'),
(333, '75458691', 'EVELIN BRENDA', 'PACHECO', 'ROJAS', '2022-09-02 20:48:56'),
(334, '76743423', 'LUZ CELENY', 'HUAMAN', 'TOCTO', '2022-09-02 20:51:51'),
(335, '63287003', 'LIDA LUZ', 'LAURENCIO', 'UBALDO', '2022-09-02 20:55:51'),
(336, '76307239', 'JAKELINA JANINA', 'GORDON', 'CAIRUNA', '2022-09-02 20:58:50'),
(337, '75737133', 'ABEL SEGUNDO', 'MUÑOZ', 'FLORES', '2022-09-02 21:01:32'),
(338, '76413808', 'SEGUNDO WALTER', 'MESIAS', 'GOMEZ', '2022-09-02 21:02:59'),
(339, '42967347', 'JOSEFINA', 'ESPINOZA', 'ZUÑIGA', '2022-09-02 21:03:47'),
(340, '74598681', 'KARLA ABIGAYL', 'MENDOZA', 'GIL', '2022-09-02 21:04:18'),
(341, '72288551', 'PABLO BELIZARIO', 'VILLACORTA', 'GORDON', '2022-09-02 21:07:56'),
(342, '73112158', 'ALEXANDER HAROL', 'GAMEZ', 'MODESTO', '2022-09-02 21:09:07'),
(343, '71303509', 'BERLIN', 'TRINIDAD', 'JUSTINIANO', '2022-09-02 21:09:10'),
(344, '75331262', 'BRIYELY YANERY', 'DE LA CRUZ', 'ARIZA', '2022-09-02 21:10:58'),
(345, '48336496', 'TANIA THALIA', 'LOARTE', 'CONTRERAS', '2022-09-02 21:12:24'),
(346, '60081775', 'LUZ MELANIA', 'YALICO', 'HUARANGA', '2022-09-02 21:13:33'),
(347, '72618984', 'JORGE ELISEO', 'CUBAS', 'GUELLES', '2022-09-02 21:15:25'),
(348, '75058555', 'YESICA DEYSI', 'SANDOVAL', 'SALAZAR', '2022-09-02 21:17:07'),
(349, '74919105', 'MERLY YANETH', 'PENADILLO', 'REYMUNDO', '2022-09-02 21:18:33'),
(350, '75146152', 'JIMENA LORENA', 'HUIZA', 'ROMERO', '2022-09-02 21:18:44'),
(351, '74727619', 'FLOR LINDA', 'MAIZ', 'SANDOVAL', '2022-09-02 21:19:35'),
(352, '74660135', 'YERSON', 'YAURE', 'VALDEZ', '2022-09-02 21:20:39'),
(353, '74993228', 'LUCI BERTHA', 'ESTELA', 'SANTA CRUZ', '2022-09-02 21:21:13'),
(354, '73598467', 'INES ALICIA', 'PULIDO', 'BONILLA', '2022-09-02 21:21:38'),
(355, '46181972', 'LIZBETH DORIS', 'LEANDRO', 'MENDOZA', '2022-09-02 21:21:47'),
(356, '76165520', 'ROBERTO ROLLY', 'AMARILLO', 'CAPCHA', '2022-09-02 21:22:00'),
(357, '72031297', 'EVELIN MELANIA', 'ESPINOZA', 'PEREZ', '2022-09-02 21:23:20'),
(358, '75829386', 'DULCE MARIA', 'DEL AGUILA', 'APONTE', '2022-09-02 21:23:52'),
(359, '73580000', 'JAQUELINE JENNIFER', 'JAIMES', 'ELGUERA', '2022-09-02 21:24:18'),
(360, '75578428', 'LLENIFER CAROLINA', 'MACIEL', 'FERREYRA', '2022-09-02 21:24:32'),
(361, '73589229', 'NIRKHA ISABEL', 'HUERTAS', 'PAPAS', '2022-09-02 21:26:47'),
(362, '77437968', 'NICOLAS SEBASTIAN', 'ESPIRITU', 'SALDIVAR', '2022-09-02 21:29:02'),
(363, '61479647', 'RUTH YOLITA', 'CABELLO', 'POLINAR', '2022-09-02 21:29:14'),
(364, '71331650', 'BYANCA MARICIELO', 'SALAS', 'GUERRA', '2022-09-02 21:29:47'),
(365, '74051778', 'YHOIS KELY', 'SANTIAGO', 'NARVAJA', '2022-09-02 21:30:14'),
(366, '73121853', 'HENRY', 'GALVEZ', 'LINO', '2022-09-02 21:34:36'),
(367, '46905359', 'ROGER CASIMIRO', 'ANDRES', 'CALIXTO', '2022-09-02 21:34:53'),
(368, '60551941', 'LUZ MIREYA', 'DE JESUS', 'PINEDO', '2022-09-02 21:36:48'),
(369, '74128901', 'VILMA ELIZABETH', 'HUAYTAN', 'ROJAS', '2022-09-02 21:38:06'),
(370, '74028124', 'LUZ MERY', 'PACHECO', 'CAMPOS', '2022-09-02 21:39:31'),
(371, '61254230', 'ANDREA', 'SANCHEZ', 'AGUIRRE', '2022-09-02 21:40:34'),
(372, '71539359', 'JHOSTYN', 'GOMEZ', 'LOARTE', '2022-09-02 21:40:51'),
(373, '78631920', 'YOSBRAN', 'ALIAGA', 'GUERRA', '2022-09-02 21:42:27'),
(374, '76355170', 'MATEO', 'RAMIREZ', 'DIAZ', '2022-09-02 21:42:34'),
(375, '76633454', 'JARUMI MEYLIN', 'CASTAÑEDA', 'ALCEDO', '2022-09-02 21:43:32'),
(376, '76928257', 'YERMI', 'LEANDRO', 'LASTRA', '2022-09-02 21:44:27'),
(377, '42240389', 'DIKY JAVIER', 'MARTEL', 'CONDEZO', '2022-09-02 21:46:04'),
(378, '74930545', 'BETSABET SARAY', 'GORDON', 'CHAVEZ', '2022-09-02 21:47:25'),
(379, '62495993', 'QUIANI ALANIS', 'PAREDES', 'PICHIRI', '2022-09-02 21:48:02'),
(380, '76126486', 'PIERO FERNANDO', 'RIVERA', 'ESCOLASTICO', '2022-09-02 21:48:16'),
(381, '75865431', 'MIRIAN SARAI', 'ACHO', 'NUNTA', '2022-09-02 21:49:21'),
(382, '76439333', 'LINCEY ZILEHIRA', 'HUAMAN', 'CRISPIN', '2022-09-02 21:49:37'),
(383, '73589439', 'CRISTHIAN ROLANDO', 'ZEVALLOS', 'PEREZ', '2022-09-02 21:50:08'),
(384, '78180926', 'JHOSELYN PAOLA', 'GALLEGOS', 'ROJAS', '2022-09-02 21:51:38'),
(385, '76318641', 'ESTRELLITA MAURA', 'CRUZ', 'TOMAS', '2022-09-02 21:51:44'),
(386, '76215266', 'ANDREA SARITA', 'PASTOR', 'HINOSTROZA', '2022-09-02 21:52:03'),
(387, '60664007', 'GRETTY ZULEY', 'INUMA', 'ROLIN', '2022-09-02 21:54:16'),
(388, '60841849', 'SONIA MARISOL', 'SIMON', 'GUERRA', '2022-09-02 21:55:11'),
(389, '76932966', 'NAYELLI DEL PILAR', 'SANDOVAL', 'TREJO', '2022-09-02 21:55:38'),
(390, '74596810', 'EDWIN ANDERSON', 'CAHUANA', 'LLANA', '2022-09-02 21:57:04'),
(391, '74122920', 'LIZETH', 'MENDOZA', 'QUIJANO', '2022-09-02 21:58:26'),
(392, '79478105', 'JULY ESTEFANI', 'SAAVEDRA', 'FACHIN', '2022-09-02 22:02:01'),
(393, '73589411', 'GLORIA GRACIELA', 'ALVARADO', 'SORIA', '2022-09-02 22:03:08'),
(394, '72609070', 'KEYKO SOFIA', 'ROSALES', 'HORNA', '2022-09-02 22:04:36'),
(395, '45164557', 'YEIMY KARIN', 'RODRIGUEZ', 'PARIMANGO', '2022-09-02 22:07:22'),
(396, '75560863', 'JERSON VIANOR', 'ALVARADO', 'PEÑA', '2022-09-02 22:08:21'),
(397, '48956503', 'DIANA', 'MAURICIO', 'MORENO', '2022-09-02 22:08:48'),
(398, '72437743', 'TALYSSA KAORY', 'MURAYARI', 'PANDURO', '2022-09-02 22:09:00'),
(399, '75242206', 'EVELYN GUADALUPE', 'DIAZ', 'ARRATEA', '2022-09-02 22:11:29'),
(400, '48278519', 'MERLY ROLITA', 'GONZALES', 'TORRES', '2022-09-02 22:11:58'),
(401, '75322352', 'JEANPIERRE JORDAN', 'ROJAS', 'PUYO', '2022-09-02 22:13:23'),
(402, '71303961', 'JOSAFAT', 'DOMINGUEZ', 'ZEVALLOS', '2022-09-02 22:16:31'),
(403, '74251441', 'RUTH YOVANA', 'CRESPO', 'INOCENTE', '2022-09-02 22:16:37'),
(404, '76878187', 'KAREN CELINA', 'MAGUIÑA', 'GUERRA', '2022-09-02 22:19:42'),
(405, '61312576', 'LESLY BRIYITH', 'PALOMINO', 'ROBLES', '2022-09-02 22:20:45'),
(406, '60009442', 'KAREN BEATRIZ', 'ESPINOZA', 'ARIZA', '2022-09-02 22:22:46'),
(407, '62159381', 'JOHANA YERMI', 'EUGENIO', 'NOBLEJAS', '2022-09-02 22:24:20'),
(408, '47841880', 'ELIZABETH JULIANA', 'VALDIVIA', 'AGUIRRE', '2022-09-02 22:25:43'),
(409, '73798254', 'NATALIE ROSALIA', 'GRANADOS', 'CARHUAMACA', '2022-09-02 22:26:20'),
(410, '71692373', 'NAYELI NATALIA', 'RETIS', 'RAMOS', '2022-09-02 22:26:28'),
(411, '77171757', 'ALEX EMILIO', 'QUITO', 'ATENCIA', '2022-09-02 22:27:14'),
(412, '48284954', 'DENISS CELIA', 'ATACHAGUA', 'TINEO', '2022-09-02 22:27:55'),
(413, '75136955', 'WENDY VANESA', 'VARA', 'CHAVEZ', '2022-09-02 22:28:36'),
(414, '63371260', 'DENIS WILLIAMS', 'ATAHUAMAN', 'BAUTISTA', '2022-09-02 22:29:49'),
(415, '75537766', 'MILLER', 'MALDONADO', 'MELENDEZ', '2022-09-02 22:30:12'),
(416, '71200558', 'LEIDY LUZNAYRA', 'HUAMAN', 'RODRIGUEZ', '2022-09-02 22:30:25'),
(417, '73591570', 'FRIX ALEJANDRO', 'REYES', 'DURAN', '2022-09-02 22:30:51'),
(418, '76257179', 'CESIBETH', 'TAPULLIMA', 'SANGAMA', '2022-09-02 22:30:53'),
(419, '76939765', 'ODISEO MARX', 'SANGAMA', 'RIOS', '2022-09-02 22:33:02'),
(420, '62711687', 'GLORIA FIORELLA', 'SATALAYA', 'MONTES', '2022-09-02 22:34:27'),
(421, '75896260', 'FLOR MARIA', 'ARGANDOÑA', 'ALEJO', '2022-09-02 22:36:15'),
(422, '62365921', 'ANGELINA MILENKA', 'ESPINOZA', 'BACILIANO', '2022-09-02 22:36:15'),
(423, '76038668', 'GERLITH JOMAYRA', 'ENCARNACION', 'SERAFIN', '2022-09-02 22:36:17'),
(424, '75233774', 'YENNYFER SHEYLA', 'GACHA', 'CECILIO', '2022-09-02 22:37:29'),
(425, '76976853', 'MARICIELO', 'PIZANGO', 'CABRERA', '2022-09-02 22:37:35'),
(426, '78011228', 'YISSELA', 'ESPINOZA', 'HUERTA', '2022-09-02 22:37:43'),
(427, '75760019', 'ANGEL JHON', 'TIHUAY', 'CARRERA', '2022-09-02 22:38:38'),
(428, '76165702', 'CRISTINA', 'VARA', 'FALCON', '2022-09-02 22:39:35'),
(429, '60197854', 'SUSANITA', 'LOPEZ', 'SHUPINGAHUA', '2022-09-02 22:39:47'),
(430, '62138343', 'LLULIANA DEL CARMEN', 'HIDALGO', 'VELA', '2022-09-02 22:40:05'),
(431, '75666184', 'ROSA ISELA', 'VILLANUEVA', 'VILLAR', '2022-09-02 22:41:43'),
(432, '74393900', 'NORMA FELICIANA', 'RAMIREZ', 'SANTIAGO', '2022-09-02 22:41:51'),
(433, '73348203', 'DEIVIZ ESTIVEN', 'SALAZAR', 'FRANCISCO', '2022-09-02 22:43:40'),
(434, '46328648', 'JENNY', 'SORIANO', 'PINEDO', '2022-09-02 22:43:40'),
(435, '75742095', 'MAILY FIORELLA', 'YAMPIS', 'MAYNAS', '2022-09-02 22:44:10'),
(436, '75727995', 'JENNIFER DALILA', 'DURAND', 'DOMINGUEZ', '2022-09-02 22:45:03'),
(437, '75135275', 'ANA MELVA', 'NOREÑA', 'USURIANO', '2022-09-02 22:45:15'),
(438, '73389885', 'NAYELI JAJAIRA', 'VARGAS', 'ESPINOZA', '2022-09-02 22:45:37'),
(439, '74856148', 'ROMY JELLEN', 'JIMENEZ', 'SANTA MARIA', '2022-09-02 22:46:09'),
(440, '74088309', 'FIDEL JUNIOR', 'FELIX', 'GONZALES', '2022-09-02 22:46:09'),
(441, '71313552', 'MILCA SONIA', 'DURAN', 'VENANCIO', '2022-09-02 22:47:54'),
(442, '76128338', 'LUIS FERNANDO', 'MEDRANO', 'HERRERA', '2022-09-02 22:47:59'),
(443, '77570977', 'PEDRO JESUS', 'RODRIGUEZ', 'MOZOMBITE', '2022-09-02 22:49:30'),
(444, '73600390', 'OSILENI AMILETH', 'MARIN', 'RIOS', '2022-09-02 22:50:17'),
(445, '76056288', 'ROSALINDA', 'JUSTINIANO', 'CERVANTES', '2022-09-02 22:51:33'),
(446, '76841747', 'YUMI DEL PILAR', 'GARCIA', 'RAMIREZ', '2022-09-02 22:52:21'),
(447, '43536421', 'NATALY', 'PONCE', 'CABRERA', '2022-09-02 22:53:06'),
(448, '70615518', 'THALIA ESMERALDA', 'ESPINOZA', 'FLORES', '2022-09-02 22:53:35'),
(449, '75246232', 'LORENZO GUILLERMO', 'RUMALDO', 'ATAUCUSI', '2022-09-02 22:53:35'),
(450, '60232486', 'INOS IVAN', 'CERNA', 'MEDRANO', '2022-09-02 22:54:50'),
(451, '72873085', 'LUCIA CAROLINA', 'OLORTEGUI', 'MANUYAMA', '2022-09-02 22:55:08'),
(452, '75976826', 'TATIANA', 'MIRANDA', 'SANGAMA', '2022-09-02 22:55:40'),
(453, '71300750', 'ANELIDA', 'CORRALES', 'MUGUERZA', '2022-09-02 22:58:27'),
(454, '46938387', 'CAROLINE MITSUCO', 'FLORES', 'MANIHUARI', '2022-09-02 22:58:49'),
(455, '76147603', 'MELISSA', 'PIÑAN', 'CALDAS', '2022-09-02 22:58:54'),
(456, '73446469', 'CELIA XIOMARA', 'PINEDO', 'MONTOYA', '2022-09-02 22:59:56'),
(457, '76686912', 'ROSALINDA ROCIO', 'MUNGUIA', 'DIAZ', '2022-09-02 23:02:30'),
(458, '75587495', 'JULIANA KATHERINE', 'CUELLAR', 'MORENO', '2022-09-02 23:02:51'),
(459, '61343594', 'IRIS LESLY', 'RENGIFO', 'CONDEZO', '2022-09-02 23:03:24'),
(460, '75474034', 'YANELA', 'LEON', 'ELIAS', '2022-09-02 23:04:21'),
(461, '62370460', 'CLEYSI', 'MEJIA', 'ESPIRITU', '2022-09-02 23:04:57'),
(462, '76364810', 'JOSELIN SAMANTA', 'GUTIERREZ', 'SAICO', '2022-09-02 23:05:14'),
(463, '77674297', 'LLERME', 'GONZALES', 'CELIS', '2022-09-02 23:06:20'),
(464, '74719553', 'MERI', 'SILVESTRE', 'JUSTO', '2022-09-02 23:07:16'),
(465, '47157778', 'EPIFANIA JACINTA', 'BAUTISTA', 'MARTEL', '2022-09-02 23:10:12'),
(466, '81114906', 'TALIA', 'CERVANTES', 'CUEVA', '2022-09-02 23:11:35'),
(467, '76925463', 'VANESSA JENY', 'JORGE', 'VENTURA', '2022-09-02 23:12:08'),
(468, '71008390', 'NICOLET ANGELA GABRIELA', 'GUZMAN', 'PEREZ', '2022-09-02 23:12:51'),
(469, '70159686', 'PERCY', 'MAYTAHUARI', 'TUANAMA', '2022-09-02 23:13:18'),
(470, '75885273', 'MAXIMILIANO', 'RANGO', 'ARANDA', '2022-09-02 23:15:30'),
(471, '72708554', 'MARIA DE LOS ANGELES', 'SALDAÑA', 'MACEDO', '2022-09-02 23:15:44'),
(472, '71692222', 'MARIA NELY', 'ESPINOZA', 'AGUILAR', '2022-09-02 23:16:16'),
(473, '74620620', 'VICTORIA DE LOS ANGELES', 'SALDAÑA', 'PEZO', '2022-09-02 23:17:50'),
(474, '75570573', 'MAYLING CELIA', 'ROJAS', 'CRUZ', '2022-09-02 23:19:22'),
(475, '62793392', 'ANITA SHEYLA', 'CONDEZO', 'SHUPINGAHUA', '2022-09-02 23:19:44'),
(476, '77488352', 'LINETH', 'AMBICHO', 'MARTINEZ', '2022-09-02 23:20:14'),
(477, '74088504', 'GINA', 'VENTURA', 'HUERTA', '2022-09-02 23:20:29'),
(478, '77158612', 'MARIELA JHOANA', 'CONDEZO', 'SHUPINGAHUA', '2022-09-02 23:21:39'),
(479, '47656636', 'ERIKA LUCINDA', 'LIMAS', 'VASQUEZ', '2022-09-02 23:23:52'),
(480, '61708813', 'CLAUDIA DANIELA', 'BARDALES', 'SANGAMA', '2022-09-02 23:23:53'),
(481, '75940592', 'NELLY ANGELICA', 'CRUZ', 'USQUIANO', '2022-09-02 23:25:25'),
(482, '72704869', 'JOHAN MANUEL', 'RAMIREZ', 'VILLEGAS', '2022-09-02 23:25:27'),
(483, '71245326', 'CARLOS SEBASTIAN', 'PANDURO', 'GUZMAN', '2022-09-02 23:26:46'),
(484, '75251460', 'ANA CRISTINA', 'GARAYAR', 'HURTADO', '2022-09-02 23:26:54'),
(485, '77063206', 'NILDA ELVIRA', 'ESPINOZA', 'TRINIDAD', '2022-09-02 23:28:14'),
(486, '74139143', 'YENY YERITA', 'SALVADOR', 'GOMEZ', '2022-09-02 23:29:00'),
(487, '74809329', 'FEBE', 'FULGENCIO', 'RETIS', '2022-09-02 23:31:26'),
(488, '77050876', 'KATY ROSY', 'BARTOLO', 'CELIS', '2022-09-02 23:31:42'),
(489, '75838815', 'JACKELYN ESTHER', 'GONZALES', 'NIÑO', '2022-09-02 23:37:01'),
(490, '60264626', 'SANDRA', 'YANCCE', 'MEJIA', '2022-09-02 23:37:51'),
(491, '74254655', 'YENY', 'ICHIGOYEN', 'PALOMINO', '2022-09-02 23:37:56'),
(492, '40969793', 'EVENGER', 'INGA', 'RAMOS', '2022-09-02 23:38:02'),
(493, '23019283', 'JULIA TANIA', 'QUIJAITE', 'ZELAYA', '2022-09-02 23:38:34'),
(494, '45435084', 'JANET', 'BAZAN', 'SILVESTRE', '2022-09-02 23:40:15'),
(495, '75339321', 'ADRIANA MERCEDES', 'ROJAS', 'CACERES', '2022-09-02 23:41:35'),
(496, '77911608', 'GIESY GERALDINE', 'GARCIA', 'VILLASIS', '2022-09-02 23:43:44'),
(497, '73389845', 'LEYDI GEIDY', 'ORTEGA', 'ALIAGA', '2022-09-02 23:45:53'),
(498, '73573725', 'HECTOR PAUL', 'SALAS', 'BARRUETA', '2022-09-02 23:47:19'),
(499, '75862222', 'JOSEPH ALEXANDER', 'RAMIREZ', 'ROQUE', '2022-09-02 23:48:25'),
(500, '76285411', 'ZINNIA ALEXANDRA', 'SALVATIERRA', 'VASQUEZ', '2022-09-02 23:48:57'),
(501, '45012904', 'KARINA ALEJANDRA', 'BENANCIO', 'NIETO', '2022-09-02 23:49:12'),
(502, '71339181', 'FRESIA MARIEL', 'LOZANO', 'RAMIREZ', '2022-09-02 23:49:24'),
(503, '76739678', 'YUNI ALMENDRA', 'HURTADO', 'ROSALES', '2022-09-02 23:49:53'),
(504, '71652677', 'JEREMY ROBERTO', 'AGAMA', 'TICERAN', '2022-09-02 23:51:32'),
(505, '75626215', 'MELANY LEANDRA', 'LAVADO', 'MELENDEZ', '2022-09-02 23:53:52'),
(506, '76359525', 'YANETH LIRSA', 'ACOSTA', 'VILCA', '2022-09-02 23:55:50'),
(507, '75956590', 'ANYELA NOIMI', 'MEDINA', 'DIAZ', '2022-09-02 23:56:23'),
(508, '74616131', 'XIOMY NAHELLI', 'DE LA CRUZ', 'GALLARDO', '2022-09-02 23:57:08'),
(509, '71568114', 'TATIANA JACKELINE', 'BLAS', 'CELEDONIO', '2022-09-02 23:59:09'),
(510, '60831818', 'KERT JULINIO', 'VARGAS', 'SHUPINGAHUA', '2022-09-02 23:59:55'),
(511, '73898400', 'JEANPIERO SARTOR', 'MARTINEZ', 'SABINO', '2022-09-03 00:00:10'),
(512, '77698489', 'ELIZABETH', 'VARGAS', 'ZARATE', '2022-09-03 00:00:55'),
(513, '71602536', 'GABRIELA', 'ESPARRAGA', 'GALVEZ', '2022-09-03 00:02:00'),
(514, '75997949', 'ANDREA NICOLE', 'TORRES', 'DEL CUADRO', '2022-09-03 00:03:04'),
(515, '76964050', 'CLAUDIA VALERIA', 'CORDOVA', 'YAYCURIMA', '2022-09-03 00:03:20'),
(516, '47984798', 'MIRIAM', 'MALPARTIDA', 'VENANCIO', '2022-09-03 00:03:21'),
(517, '77046975', 'TRACY LUCIA', 'OBREGON', 'LEON', '2022-09-03 00:04:37'),
(518, '75126156', 'JHOSEP IVAN', 'SALVADOR', 'ESTELA', '2022-09-03 00:06:23'),
(519, '74778883', 'DALY', 'ESTELA', 'INOCENCIO', '2022-09-03 00:06:49'),
(520, '73392490', 'ARIANA IRENIA', 'EDUARDO', 'CARBAJAL', '2022-09-03 00:07:47'),
(521, '47483471', 'MARILUZ', 'MATEO', 'CRISTOBAL', '2022-09-03 00:09:24'),
(522, '73255585', 'ROCIO SILVIA', 'MAIZ', 'DE LA CRUZ', '2022-09-03 00:10:11'),
(523, '48244033', 'ARTURO', 'ORBE', 'BARDALES', '2022-09-03 00:10:21'),
(524, '48966097', 'YANET', 'CHACON', 'CASIMIRO', '2022-09-03 00:10:44'),
(525, '75162116', 'GIANELA ANGIE', 'ADRIANO', 'CABIDES', '2022-09-03 00:10:57'),
(526, '46640654', 'TERESA', 'DURAND', 'FLORES', '2022-09-03 00:12:18'),
(527, '71695219', 'GELACIA MARGOT', 'LEANDRO', 'UBALDO', '2022-09-03 00:13:14'),
(528, '45145345', 'JANNY', 'PONCE', 'ALVAREZ', '2022-09-03 00:14:54'),
(529, '74170975', 'OSWALDO', 'VALDEZ', 'RUIZ', '2022-09-03 00:17:09'),
(530, '71568234', 'OLGA ELVIRA', 'VEGA', 'BAZAN', '2022-09-03 12:56:52'),
(531, '61974169', 'EVELIZ', 'BUENO', 'CALIXTO', '2022-09-03 12:58:13'),
(532, '73678568', 'JADAI JADE', 'VALVERDE', 'TAPIA', '2022-09-03 13:00:01'),
(533, '61523054', 'JUDITH YAHAIRA', 'PONCE', 'VALDEZ', '2022-09-03 13:01:18'),
(534, '48028871', 'ROSARIA ALIDE', 'DE LA CRUZ', 'CLEMENTE', '2022-09-03 13:03:44'),
(535, '42613483', 'RUTH ESTHER', 'LLERENA', 'RODRIGUEZ', '2022-09-03 13:05:36'),
(536, '75382646', 'SOLEDAD VILMA', 'JULCA', 'DURAN', '2022-09-03 13:06:39'),
(537, '61467945', 'DEYSON JHIN', 'NAVARRO', 'EVANGELISTA', '2022-09-03 13:08:11'),
(538, '72110922', 'MARI LINDA', 'PINEDO', 'CACHIQUE', '2022-09-03 13:09:45'),
(539, '74161233', 'DIEGO LEONARDO', 'CORTEZ', 'DIAZ', '2022-09-03 13:11:49'),
(540, '10381738', 'ROBERTO ROLANDO', 'GOMEZ', 'HUAMAN', '2022-09-03 13:13:16'),
(541, '71304220', 'VIVIANA MARCELINA', 'TELLO', 'SALAZAR', '2022-09-03 13:14:40'),
(542, '40794770', 'JACQUELINE', 'ORDOÑEZ', 'RAMIREZ', '2022-09-03 13:17:07'),
(543, '76764255', 'KAROLINA KAROL', 'LLANTO', 'VERDE', '2022-09-03 13:18:43'),
(544, '46970483', 'FLORMIRA', 'CANDUELAS', 'FLORES', '2022-09-03 13:19:48'),
(545, '76007574', 'MALLY ARAIZA', 'GONZALES', 'RUIZ', '2022-09-03 13:21:45'),
(546, '47257100', 'GREYSSI ROSALY', 'BERROSPI', 'VILLAORDUÑA', '2022-09-03 13:23:07'),
(547, '73307889', 'GUIANELLA ANAHI', 'CONTRERAS', 'REMIGIO', '2022-09-03 13:25:27'),
(548, '76041589', 'JHAN POOL', 'MARTIN', 'DURAN', '2022-09-03 13:29:38'),
(549, '60897538', 'KAREN BEATRIZ', 'JESUS', 'YAVAR', '2022-09-03 13:34:33'),
(550, '60566500', 'SHEYLA JHOMIRA', 'CESPEDES', 'LAUCAÑA', '2022-09-03 13:35:51'),
(551, '76382143', 'FRANK ALVARO', 'SALINAS', 'PONCE', '2022-09-03 13:37:29'),
(552, '72378444', 'RUTH BETSABE', 'SANTIAGO', 'MAIZ', '2022-09-03 13:38:19'),
(553, '71575352', 'LARISSA SHARON', 'HUAYANAY', 'BASILIO', '2022-09-03 13:38:53'),
(554, '75735982', 'IBETH LUZANA', 'ARVI', 'NATIVIDAD', '2022-09-03 13:39:11'),
(555, '71607789', 'YASMIN VANESA', 'GONZALES', 'PUENTE', '2022-09-03 13:40:27'),
(556, '76163753', 'ANGEL OMAR', 'CARLOS', 'CACHIQUE', '2022-09-03 13:40:36'),
(557, '73326125', 'ENEDINA', 'TARAZONA', 'JUIPA', '2022-09-03 13:41:45'),
(558, '74713265', 'ALEXANDRA', 'FERNANDEZ', 'COLALA', '2022-09-03 13:43:10'),
(559, '74593547', 'ISAU', 'MURGA', 'CORDERO', '2022-09-03 13:43:12'),
(560, '73392576', 'MARICIELO FERNANDA', 'PANDURO', 'TAQUIO', '2022-09-03 13:43:45'),
(561, '74084156', 'EDSON DYER', 'ESQUIVEL', 'ESTEBAN', '2022-09-03 13:44:59'),
(562, '75219799', 'ANDRES', 'QUINCHO', 'GONZALES', '2022-09-03 13:48:00'),
(563, '62447545', 'JESUS ADRIAN', 'SHAHUANO', 'URQUIA', '2022-09-03 13:51:40'),
(564, '74315429', 'JHAN POOL', 'FALCON', 'VASQUEZ', '2022-09-03 13:53:49'),
(565, '77705524', 'MARIANA LEYLA', 'CASTAÑEDA', 'ZUÑIGA', '2022-09-03 13:54:42'),
(566, '77343743', 'GIAN CARLOS', 'FALCON', 'CIERTO', '2022-09-03 14:01:36'),
(567, '45693564', 'CLAUDINA LILIANA', 'GUARNIZ', 'VARGAS', '2022-09-03 14:02:26'),
(568, '72692252', 'SAYURI STEFFANY', 'ESPINOZA', 'TITO', '2022-09-03 14:03:21'),
(569, '44563208', 'LIRIA', 'ESPINOZA', 'FLORES', '2022-09-03 14:03:50'),
(570, '46375311', 'JUAN LENIN', 'MURIEL', 'SHUPINGAHUA', '2022-09-03 14:06:57'),
(571, '42962037', 'LEYDI SUELI', 'VELA', 'GUZMAN', '2022-09-03 14:07:09'),
(572, '76727791', 'KATHERINE JOHANNY', 'PEZO', 'GONZALES', '2022-09-03 14:08:19'),
(573, '00095036', 'LINDA JULIA', 'IMPICCIATORI', 'MESICOMER', '2022-09-03 14:08:30'),
(574, '75579743', 'MIGUEL ELIAS', 'BRAVO', 'DUEÑAS', '2022-09-03 14:12:15'),
(575, '71320953', 'SOFIA CARLIS', 'SANTIAGO', 'AQUINO', '2022-09-03 14:13:32'),
(576, '74603352', 'TANIA MEDAYIT', 'TORRES', 'IGLESIAS', '2022-09-03 14:14:14'),
(577, '71306080', 'ANGELA MAGDALENA', 'GAMARRA', 'ACOSTA', '2022-09-03 14:15:23'),
(578, '77496041', 'MILDREDT', 'CARBAJAL', 'JARAMILLO', '2022-09-03 14:17:22'),
(579, '74210067', 'NEHEMIAS ABIGAIL', 'INOCENTE', 'RAMOS', '2022-09-03 14:17:58'),
(580, '76025379', 'PIERINA NAYELI', 'ISHUIZA', 'ACOSTA', '2022-09-03 14:18:12'),
(581, '75270318', 'DIANA', 'REYES', 'TOLENTINO', '2022-09-03 14:18:30'),
(582, '78376943', 'LUCIO FERMIN', 'JESUS', 'VILCA', '2022-09-03 14:19:42'),
(583, '47554251', 'AMARANDA YANINA', 'GAMARRA', 'ALVARADO', '2022-09-03 14:20:19'),
(584, '71912893', 'WENDI LORENA', 'ISIDRO', 'MORALES', '2022-09-03 14:21:00'),
(585, '75465639', 'ROCIO VICTORIA', 'ESQUIVEL', 'MAYLLE', '2022-09-03 14:23:34'),
(586, '75682020', 'AIMAR', 'MEZA', 'PALACIN', '2022-09-03 14:24:48'),
(587, '60094877', 'ELI JEAN PIER', 'RAMON', 'ALCEDO', '2022-09-03 14:26:27'),
(588, '46547072', 'JULISA LEYDI', 'HUAYTA', 'QUISPE DE URQUIA', '2022-09-03 14:26:49'),
(589, '62175894', 'WILLIAM', 'SINACAY', 'LOPEZ', '2022-09-03 14:28:38'),
(590, '70609951', 'KARIMEL', 'ANGO', 'ALVAREZ', '2022-09-03 14:28:42'),
(591, '60109056', 'ANAY ELADIA', 'EVANGELISTA', 'RAMOS', '2022-09-03 14:30:23'),
(592, '71539419', 'ARIANA NADINE', 'CARDENAS', 'RODRIGUEZ', '2022-09-03 14:31:43'),
(593, '76605626', 'GLENDA', 'LOPEZ', 'DONATO', '2022-09-03 14:33:00'),
(594, '76663799', 'MARIA ROSA', 'VALVERDE', 'ISIDRO', '2022-09-03 14:33:21'),
(595, '75736291', 'ANGELY SAORY', 'VALENCIA', 'REYNAGA', '2022-09-03 14:35:13'),
(596, '75048366', 'ESTHER ROSI', 'BRANDAN', 'MERINO', '2022-09-03 14:35:21'),
(597, '60539385', 'NICOL KIHARA', 'PAJUELO', 'SERAFIN', '2022-09-03 14:35:36'),
(598, '71631673', 'GIOVENNA', 'REYNOSO', 'TUCTO', '2022-09-03 14:36:59'),
(599, '72701743', 'RUTH CANDY', 'NOLASCO', 'ESPINOZA', '2022-09-03 14:38:02'),
(600, '74470093', 'ELIZABETH', 'RUEDA', 'ZEVALLOS', '2022-09-03 14:39:15'),
(601, '73501113', 'EDITH MAYRA', 'RIQUEZ', 'SAJAMI', '2022-09-03 14:41:08'),
(602, '60274377', 'ESVILDA ELADIA', 'PONCIANO', 'GOMEZ', '2022-09-03 14:42:39'),
(603, '45166575', 'MARIA YUDID', 'VALLEJOS', 'RIVERA', '2022-09-03 14:43:31'),
(604, '76514020', 'ELIAN KEYLLER', 'PALOMINO', 'CLAUDIO', '2022-09-03 14:45:57'),
(605, '48653077', 'GERSON', 'JUSTO', 'ESPINOZA', '2022-09-03 14:46:56'),
(606, '75148199', 'BILY ALEXIS', 'ESPINOZA', 'POMA', '2022-09-03 14:48:27'),
(607, '71306386', 'JASMIN MARISA', 'INOCENCIO', 'POLINAR', '2022-09-03 14:49:06'),
(608, '71347363', 'FREDDY MANUEL', 'DIAZ', 'VALENTINO', '2022-09-03 14:50:21'),
(609, '46095549', 'GINA LIZ', 'RUIZ', 'CARDENAS', '2022-09-03 14:50:57'),
(610, '74936836', 'ALBERT ROQUE', 'PRINCIPE', 'BARRUETA', '2022-09-03 14:51:41'),
(611, '48091285', 'YIMY CIMERSON', 'PALOMINO', 'ZANABRIA', '2022-09-03 14:53:26'),
(612, '62773440', 'KELY LUSMILA', 'MONTALVO', 'SOLANO', '2022-09-03 14:54:26'),
(613, '74936796', 'BRENDA GUADALUPE', 'GUTIERREZ', 'ASPAJO', '2022-09-03 14:55:32'),
(614, '76197778', 'VIVIANA ARACELY', 'AYRA', 'VICENTE', '2022-09-03 14:57:36'),
(615, '76942835', 'JEANPIER DAYER', 'PENADILLO', 'RIVERA', '2022-09-03 15:00:58'),
(616, '48973875', 'YURICO SHERLEY', 'CABRERA', 'CORDERO', '2022-09-03 15:01:57'),
(617, '75148269', 'ISACC ELIAS', 'MORALES', 'ROSALES', '2022-09-03 15:02:57'),
(618, '43580738', 'CARINA PATRICIA', 'CHOGAS', 'ANDRADE', '2022-09-03 15:11:21'),
(619, '76390861', 'LAURA LUCERO', 'LEON', 'LETONA', '2022-09-03 15:14:08'),
(620, '42607321', 'YANETH OLGA', 'LUIS', 'BORJA', '2022-09-03 15:17:15'),
(621, '62189185', 'YOSSELIN ANNEL', 'ALVARADO', 'BARRIONUEVO', '2022-09-03 15:17:50'),
(622, '46696275', 'ROBERTH SAMUEL', 'SALDAÑA', 'FALCON', '2022-09-03 15:20:06'),
(623, '76859233', 'JESUS MIGUEL', 'OLORTIN', 'CHOGA', '2022-09-03 15:21:27'),
(624, '76744041', 'CARI LIZ', 'PRINCIPE', 'TOLENTINO', '2022-09-03 15:25:09'),
(625, '77035515', 'AIME SARAI', 'GODOY', 'SOTO', '2022-09-03 15:25:09'),
(626, '71910214', 'CESAR GUILLERMO', 'ARESTEGUI', 'FERNANDEZ', '2022-09-03 15:26:17'),
(627, '47500789', 'ELITA', 'CALDERON', 'COTRINA', '2022-09-03 15:27:33'),
(628, '76236800', 'BRILLIT KAROLAY', 'MALLQUI', 'BASILIO', '2022-09-03 15:30:26'),
(629, '63044433', 'ROSMERY', 'ALVARADO', 'HUATUCO', '2022-09-03 15:32:08'),
(630, '71309953', 'LESLY LIZETH', 'ITURRI', 'GUTIERREZ', '2022-09-03 15:32:44'),
(631, '43826526', 'MARIA EXILDA', 'LOZANO', 'FACHIN', '2022-09-03 15:33:38'),
(632, '73197767', 'TANIA LIBERTAD', 'SANCHEZ', 'RUIZ', '2022-09-03 15:37:07'),
(633, '46143703', 'YESENIA MARILI', 'MUÑOZ', 'GARCIA', '2022-09-03 15:38:06'),
(634, '72876553', 'BRYAN ISAAC', 'RENGIFO', 'GARAY', '2022-09-03 15:39:27'),
(635, '76460198', 'EDAN MAICOL', 'GAMBOA', 'CHUMBE', '2022-09-03 15:40:21'),
(636, '60932412', 'ROY YUSEPI', 'SALAS', 'ESPINOZA', '2022-09-03 15:41:50'),
(637, '60080943', 'NELSY', 'MARTINEZ', 'DOMINGUEZ', '2022-09-03 15:42:53'),
(638, '81361669', 'GENDY MILAGROS', 'VARGAS', 'ZOUSA', '2022-09-03 15:43:02'),
(639, '77135146', 'KATHYA MILAGROS', 'SIFUENTES', 'PEREZ', '2022-09-03 15:44:10'),
(640, '71303519', 'JIMENA MARISOL', 'JARA', 'CALIXTO', '2022-09-03 15:45:37'),
(641, '74617126', 'JHELIDA', 'RUBINA', 'CARMEN', '2022-09-03 15:47:52'),
(642, '74803552', 'MARILUZ', 'ALANIA', 'ALVAREZ', '2022-09-03 15:48:13'),
(643, '74960827', 'MARLENE', 'LEON', 'SIMON', '2022-09-03 15:49:17'),
(644, '74401326', 'AYME JANELA', 'ESPINOZA', 'RAMIREZ', '2022-09-03 15:49:40'),
(645, '77097905', 'MIRTHA VANESA', 'RENGIFO', 'LOPEZ', '2022-09-03 15:50:54'),
(646, '74430833', 'JAYLER DEL PIERO', 'HUAMAN', 'LOPEZ', '2022-09-03 15:53:00'),
(647, '75798291', 'JACKELINE SAYURI', 'LOREÑA', 'REQUIEN', '2022-09-03 15:53:17'),
(648, '76678426', 'JUDITH SORAYA', 'ESPINOZA', 'ROQUE', '2022-09-03 15:53:43'),
(649, '74082036', 'NANCY VICTORIA', 'URDAY', 'RIVERA', '2022-09-03 15:54:40');
INSERT INTO `personas` (`idPersona`, `dniPersona`, `nombresPersona`, `apellidoPaternoPersona`, `apellidoMaternoPersona`, `fechaRegistro`) VALUES
(650, '71327961', 'KIARA YARITZA', 'CANALES', 'CARDENAS', '2022-09-03 15:56:07'),
(651, '73986483', 'ROCIO MILENA', 'CABELLO', 'AGUIRRE', '2022-09-03 15:57:03'),
(652, '46876471', 'LINDA CLAUDIA', 'FERNANDEZ', 'MARTINEZ', '2022-09-03 15:57:20'),
(653, '72745018', 'CRISTINA ISABEL', 'PANDURO', 'PARY', '2022-09-03 15:59:05'),
(654, '77168306', 'YUDI', 'ROJAS', 'ZUÑIGA', '2022-09-03 15:59:32'),
(655, '76283710', 'DANITZA', 'REATEGUI', 'HUAYAMBA', '2022-09-03 15:59:33'),
(656, '60109649', 'AMY GISELA', 'CANAYO', 'RICOPA', '2022-09-03 15:59:43'),
(657, '75105895', 'CARLOS LEONARDO', 'MONTALVO', 'TORRES', '2022-09-03 15:59:49'),
(658, '76870512', 'DENI', 'ATACHAGUA', 'AMBICHO', '2022-09-03 16:00:03'),
(659, '75105892', 'EDSON GABRIEL', 'ASCA', 'PEDRAZA', '2022-09-03 16:01:26'),
(660, '76991304', 'AMOS MISAEL', 'ISLA', 'DOMINGUEZ', '2022-09-03 16:01:38'),
(661, '70182190', 'OSCAR JAVIER', 'RUIZ', 'FERNANDEZ', '2022-09-03 16:02:43'),
(662, '71400624', 'STEFANY ESCOLASTICA', 'CHUQUIYAURI', 'BERNARDO', '2022-09-03 16:03:02'),
(663, '71565162', 'ANGIE', 'TRUJILLO', 'VELA', '2022-09-03 16:03:31'),
(664, '77136928', 'OFELIA FERNANDA', 'BALDEON', 'HERNANDEZ', '2022-09-03 16:03:57'),
(665, '71303257', 'SADY ERENI', 'TINEO', 'HUALLPA', '2022-09-03 16:04:40'),
(666, '76837387', 'SOLANGELA ROSICELA', 'BLAS', 'ORTIZ', '2022-09-03 16:05:20'),
(667, '40936741', 'MAGALY', 'RAMIREZ', 'SANCHEZ', '2022-09-03 16:05:22'),
(668, '71390920', 'NICOLH GRACIELA', 'VELASQUEZ', 'ESPINOZA', '2022-09-03 16:05:25'),
(669, '76828983', 'XENIA VICTORIA', 'SANCHEZ', 'CARRILLO', '2022-09-03 16:06:15'),
(670, '75489751', 'ROBERTO JHORDY', 'HERRERA', 'TOLENTINO', '2022-09-03 16:06:49'),
(671, '46677060', 'NELLY', 'TOLENTINO', 'SANCHEZ', '2022-09-03 16:07:29'),
(672, '25842838', 'YNGRID', 'TUESTA', 'ALVAN DE AERNI', '2022-09-03 16:08:49'),
(673, '76879255', 'MIRIAN', 'DONATO', 'SANTA CRUZ', '2022-09-03 16:09:04'),
(674, '60213690', 'YADIRA SUSANA', 'HERRERA', 'CARBAJAL', '2022-09-03 16:09:39'),
(675, '75567196', 'YEMIRA IBETH', 'SALAZAR', 'ORDOÑEZ', '2022-09-03 16:10:38'),
(676, '76442068', 'GERALDINE JENNIFER', 'FLORES', 'BOBADILLA', '2022-09-03 16:11:07'),
(677, '75865193', 'CLARA AZUCENA', 'FASABI', 'ZUMAETA', '2022-09-03 16:11:35'),
(678, '63035149', 'MARÍA SOLEDAD', 'TELLO', 'ORTEGA', '2022-09-03 16:13:33'),
(679, '71013339', 'CAMILA DAYANNE', 'HIJAR', 'ISUIZA', '2022-09-03 16:15:02'),
(680, '72255534', 'MIGUEL ANGEL', 'SILVANO', 'RODRIGUEZ', '2022-09-03 16:15:18'),
(681, '75383463', 'FLOR MARIA', 'TIBURCIO', 'BERROSPI', '2022-09-03 16:16:05'),
(682, '72415654', 'ANAIS STEFANIA', 'CHUPOS', 'BAUTISTA', '2022-09-03 16:16:07'),
(683, '70755423', 'DELSY NILVET', 'RICAPA', 'LOYOLA', '2022-09-03 16:16:17'),
(684, '76378000', 'EDUARDO EMANUEL', 'QUIÑONEZ', 'GUERRA', '2022-09-03 16:17:00'),
(685, '75675982', 'RAFAEL', 'GAMARRA', 'RIVERA', '2022-09-03 16:17:24'),
(686, '71319649', 'JHON RICCARDI', 'CARDENAS', 'GOMEZ', '2022-09-03 16:17:40'),
(687, '76867368', 'ROXANA YANETH', 'CRUZADO', 'FERNANDEZ', '2022-09-03 16:18:47'),
(688, '60600952', 'DAVID', 'ACUÑA', 'VILLANUEVA', '2022-09-03 16:19:02'),
(689, '75369812', 'ANTHONY LEONARDO', 'MARTEL', 'RAMIREZ', '2022-09-03 16:19:14'),
(690, '76775722', 'DAVID PAULINO', 'CRUZADO', 'VANCES', '2022-09-03 16:20:09'),
(691, '75621551', 'GUADALUPE CRISTINA', 'VENTURA', 'ACOSTA', '2022-09-03 16:20:58'),
(692, '60453438', 'JULIANA CAROLINA', 'MELGAREJO', 'ACUÑA', '2022-09-03 16:21:07'),
(693, '72232619', 'FLEYDER ANDRES', 'MIJAHUANCA', 'AREVALO', '2022-09-03 16:21:13'),
(694, '61522908', 'SHIRLEY YADHIRA', 'COLLAZOS', 'RAIMUNDO', '2022-09-03 16:22:32'),
(695, '75891126', 'ANTONY', 'AYRA', 'SIMON', '2022-09-03 16:23:55'),
(696, '72162441', 'HELEN MAYLY', 'ALVAREZ', 'LAURENCIO', '2022-09-03 16:24:25'),
(697, '75685765', 'GARDELY JOAN', 'CACHIQUE', 'LOPEZ', '2022-09-03 16:24:30'),
(698, '75148279', 'YESSICA', 'AGUIRRE', 'CALERO', '2022-09-03 16:25:17'),
(699, '43428471', 'LINDA JERANIA', 'ESPIRITU', 'NATIVIDAD', '2022-09-03 16:26:53'),
(700, '74994103', 'MINERVA', 'VILLAR', 'MALPARTIDA', '2022-09-03 16:26:57'),
(701, '72887396', 'KAREM VIVIANA', 'RODRIGUEZ', 'MARTINEZ', '2022-09-03 16:28:26'),
(702, '76343371', 'STHEFANO ALEXIS', 'CHOQUEZ', 'OCHAVANO', '2022-09-03 16:28:30'),
(703, '60671757', 'KIARGT ANGERSEN', 'CARDENAS', 'CURICO', '2022-09-03 16:32:14'),
(704, '74756503', 'TIBERIO ARIUZ', 'IBARRA', 'CABALLERO', '2022-09-03 16:32:46'),
(705, '77818787', 'ALEXANDRA GABRIELA', 'ALEJO', 'MARTEL', '2022-09-03 16:32:57'),
(706, '71540988', 'MARIANA DENIS', 'ANDRES', 'HIDALGO', '2022-09-03 16:33:49'),
(707, '71850688', 'LEYDI LESLY', 'CERCEDO', 'DURAN', '2022-09-03 16:34:08'),
(708, '47454679', 'SHEYLLA SOLANGE', 'RAMOS', 'ALFARO', '2022-09-03 16:34:15'),
(709, '74363975', 'KARINA', 'ZEVALLOS', 'SANTILLAN', '2022-09-03 16:36:15'),
(710, '74164013', 'NOEL', 'CABRERA', 'DAMACIO', '2022-09-03 16:38:56'),
(711, '72847399', 'KATHERIN NOEMY', 'TRUJILLO', 'PAIMA', '2022-09-03 16:39:20'),
(712, '75273141', 'HIROMY ANTUANE', 'PAREDES', 'MAYNAS', '2022-09-03 16:40:34'),
(713, '75135963', 'EVELIN DAMARIS', 'VEGA', 'OLORTEGUI', '2022-09-03 16:40:43'),
(714, '73590033', 'SOCORRO', 'CUEVA', 'VELA', '2022-09-03 16:41:33'),
(715, '75925757', 'LISNEY FIORELA', 'VENTURA', 'ROMERO', '2022-09-03 16:41:55'),
(716, '47150981', 'FRANKLIN ALFONSO', 'FALCON', 'ROQUE', '2022-09-03 16:41:57'),
(717, '75094767', 'MARJORIE BERENISE', 'MATO', 'MARIÑO', '2022-09-03 16:42:06'),
(718, '74202314', 'ROSALINA', 'VILCA', 'RAMOS', '2022-09-03 16:42:15'),
(719, '76667562', 'JASMIN MAKELIN', 'CARHUA', 'FERRARI', '2022-09-03 16:43:00'),
(720, '74433317', 'FLAVIO', 'CORI', 'RAMOS', '2022-09-03 16:43:08'),
(721, '76928530', 'MIRIAN FIORELA', 'HUARANGA', 'MORALES', '2022-09-03 16:43:56'),
(722, '75856476', 'YARITH CAROLI', 'ISUIZA', 'JACINTO', '2022-09-03 16:44:07'),
(723, '76922983', 'GEYDY LUZ', 'ABAD', 'RAMOS', '2022-09-03 16:44:47'),
(724, '60724142', 'ROSELLA', 'MORALES', 'TUCTO', '2022-09-03 16:45:03'),
(725, '75422417', 'ANANIAS OSCAR', 'ATANACIO', 'JORGE', '2022-09-03 16:45:33'),
(726, '44432699', 'ERIK', 'POMA', 'ESTEBAN', '2022-09-03 16:45:49'),
(727, '76402045', 'CHELA', 'SIMON', 'VILLAR', '2022-09-03 16:46:06'),
(728, '75687005', 'YUDITH', 'CERCEDO', 'CLEMENTE', '2022-09-03 16:46:29'),
(729, '60014173', 'CESAR MOISES', 'PACIFICO', 'TAFUR', '2022-09-03 16:48:23'),
(730, '76838484', 'MILAGROS ANGIE', 'AGUIRRE', 'DURAND', '2022-09-03 16:50:18'),
(731, '76662827', 'MANUELA', 'VASQUEZ', 'SHUPINGAHUA', '2022-09-03 16:51:04'),
(732, '76758837', 'WINNY NICOLE', 'ESPINOZA', 'AGÜERO', '2022-09-03 16:53:00'),
(733, '71709041', 'MARIA PAULA', 'HUARANGA', 'HUATUCO', '2022-09-03 16:53:22'),
(734, '74936570', 'ROSMERY HELLEN', 'TINEO', 'CERRANO', '2022-09-03 16:54:24'),
(735, '76006705', 'ESTEFANY MISHELL', 'APOLINARIO', 'ANASTACIO', '2022-09-03 16:55:39'),
(736, '71304208', 'ELISEO LUCIANO', 'ADRIAN', 'ROJAS', '2022-09-03 16:57:41'),
(737, '76743407', 'EMI PAMELA', 'CORREA', 'GUERRERO', '2022-09-03 16:58:40'),
(738, '00091577', 'ELDA', 'HIDALGO', 'IRARICA', '2022-09-03 16:59:04'),
(739, '44633793', 'CRYSS YENY', 'LOYOLA', 'VENTURA', '2022-09-03 16:59:51'),
(740, '75578655', 'ESTEFANY MARCELINA', 'CHAVEZ', 'LOYOLA', '2022-09-03 17:00:50'),
(741, '77085270', 'LUZ CARMEN', 'LEON', 'RIVERA', '2022-09-03 17:01:07'),
(742, '75884380', 'ANELY  NAYELI', 'TRINIDAD', 'BETETA', '2022-09-03 17:02:06'),
(743, '73133954', 'GRECIA SMITH', 'MANUYAMA', 'ZUMBA', '2022-09-03 17:02:17'),
(744, '77336174', 'JORGE JHORDAN', 'ARTETA', 'ARTETA', '2022-09-03 17:02:27'),
(745, '75200198', 'BIRUNG LUBDIN', 'LIN', 'SIMBRON', '2022-09-03 17:02:39'),
(746, '75407158', 'RICK SHERYDAN', 'RUEDA', 'TRINIDAD', '2022-09-03 17:03:01'),
(747, '75005339', 'LIZ MERY', 'AROSTEGUI', 'ORIZANO', '2022-09-03 17:03:40'),
(748, '81173980', 'DORIS', 'JESUS', 'DE LA CRUZ', '2022-09-03 17:04:20'),
(749, '76077396', 'MERCY CARLA', 'TIBURCIO', 'ASCA', '2022-09-03 17:04:55'),
(750, '76619006', 'LISBETH', 'AGUIRRE', 'ADRIANO', '2022-09-03 17:05:12'),
(751, '60575310', 'MARILUZ', 'ROJAS', 'MALPARTIDA', '2022-09-03 17:05:34'),
(752, '62626961', 'DUANA ANALI', 'DELGADO', 'HUERTA', '2022-09-03 17:07:56'),
(753, '47696380', 'DIANA', 'DURAN', 'AROSTEGUI', '2022-09-03 17:08:03'),
(754, '48038243', 'MARIA MERCEDES', 'RAMOS', 'HUAQUI', '2022-09-03 17:09:23'),
(755, '75323488', 'JAQUELIN PAMELA', 'DE LA CRUZ', 'GUARDIAN', '2022-09-03 17:10:59'),
(756, '76562691', 'EVELIN ROCIO', 'PONCE', 'TICLIA', '2022-09-03 17:11:20'),
(757, '71630800', 'ANYELA', 'SEBASTIAN', 'BERRIOS', '2022-09-03 17:11:37'),
(758, '71568230', 'LUIS FIDEL', 'CLAUDIO', 'SANCHEZ', '2022-09-03 17:12:32'),
(759, '71913396', 'MELISSA MARIANE', 'VEGA', 'MALLQUI', '2022-09-03 17:12:56'),
(760, '75128319', 'RONAL YIN', 'ORTEGA', 'VILLARAN', '2022-09-03 17:13:53'),
(761, '71652757', 'IRMA CLEMENTINA', 'MENDOZA', 'VILLANUEVA', '2022-09-03 17:14:00'),
(762, '75743361', 'SAIDA FIORELLA', 'DEL POZO', 'CALDERON', '2022-09-03 17:14:22'),
(763, '74697400', 'ESTEFANI MARIALENA', 'JULCA', 'MARTINEZ', '2022-09-03 17:15:05'),
(764, '46278522', 'EDWIN TULIO', 'BARDALES', 'RAMIREZ', '2022-09-03 17:15:10'),
(765, '71303583', 'JESHELY JINA', 'SOTO', 'SILVESTRE', '2022-09-03 17:16:17'),
(766, '75761226', 'KELLY PAOLA', 'GARCIA', 'MEJIA DE RODRIGUEZ', '2022-09-03 17:16:58'),
(767, '75431008', 'LADY KIARA', 'LAURENCIO', 'LEANDRO', '2022-09-03 17:17:48'),
(768, '78019536', 'ZAIDA YESMELY', 'MERINO', 'HIDALGO', '2022-09-03 17:18:04'),
(769, '71306535', 'DAYELI DEIDELY', 'BUENDIA', 'ZEVALLOS', '2022-09-03 17:18:52'),
(770, '71568116', 'PIERINA', 'BLAS', 'CELEDONIO', '2022-09-03 17:21:39'),
(771, '74407133', 'CRISTIAN JAIRO', 'REYES', 'ALEGRE', '2022-09-03 17:22:03'),
(772, '74771328', 'ROXANA', 'VASQUEZ', 'CASTILLO', '2022-09-03 17:23:03'),
(773, '42284704', 'WILLIAM JONER', 'RAMOS', 'PRUDENCIO', '2022-09-03 17:23:11'),
(774, '72745543', 'NUVITH ALEXANDRA', 'NILSSON', 'ESPINOZA', '2022-09-03 17:23:55'),
(775, '46570227', 'YESSENIA LESSLY', 'MATEO', 'RODRIGUEZ', '2022-09-03 17:24:13'),
(776, '73137437', 'GISELL ALESSANDRA', 'VASQUEZ', 'COMETIVOS', '2022-09-03 17:25:34'),
(777, '90565426', 'YESSLI', 'CUMAPA', 'ARIAS', '2022-09-03 17:25:46'),
(778, '73100134', 'JHON STIGLER', 'MALDONADO', 'GRANDEZ', '2022-09-03 17:27:00'),
(779, '74778842', 'LESNI JIMENA', 'DURAND', 'CHACON', '2022-09-03 17:27:43'),
(780, '76086207', 'LUZ ESLI', 'ARAUJO', 'TUANAMA', '2022-09-03 17:27:48'),
(781, '74936830', 'KATERINE', 'NATIVIDAD', 'CAQUI', '2022-09-03 17:28:40'),
(782, '48057173', 'BETSI GLADIS', 'CALVO', 'ARIMUYA', '2022-09-03 17:30:00'),
(783, '71704326', 'ANGELA PILAR', 'CASTAÑEDA', 'SEMINARIO', '2022-09-03 17:30:31'),
(784, '76297994', 'MIKIRAN KIMBERLY', 'MONTERO', 'AVILA', '2022-09-03 17:31:36'),
(785, '79787884', 'ESTEFANI', 'HUALLPAR', 'HURTADO', '2022-09-03 17:32:40'),
(786, '73707408', 'DANYA DANAITH', 'MORENO', 'SANCHEZ', '2022-09-03 17:34:24'),
(787, '71051174', 'MONICA IVONNE NAYLEA', 'RENGIFO', 'SANCHEZ', '2022-09-03 17:37:15'),
(788, '74557847', 'NEIL', 'FERRER', 'PARDAVE', '2022-09-03 17:37:48'),
(789, '74619560', 'FRANKLIN MISAEL', 'MAYLLE', 'VENTURO', '2022-09-03 17:37:51'),
(790, '62847122', 'CRISS FIORELA', 'MORALES', 'CASTRO', '2022-09-03 17:38:11'),
(791, '75066572', 'YESEILA YOLILA', 'TIMOTEO', 'CANTARO', '2022-09-03 17:38:25'),
(792, '77832817', 'PRISCILA SALEISHA', 'ESPINOZA', 'VILLEGAS', '2022-09-03 17:39:07'),
(793, '45037937', 'YENIBA', 'NOLASCO', 'MARTEL DE TELLO', '2022-09-03 17:39:48'),
(794, '47593509', 'JUAN LUCIO', 'ARNEDO', 'ESPINOZA', '2022-09-03 17:40:45'),
(795, '77171762', 'SHELTON FRANKLIN', 'PRINCIPE', 'CANO', '2022-09-03 17:41:21'),
(796, '45999838', 'PRISCILA AQUILA', 'MARQUEZ', 'VALERA', '2022-09-03 17:41:48'),
(797, '73326216', 'JOEL CRISTHIAN', 'GRADOS', 'HUARANGA', '2022-09-03 17:42:22'),
(798, '75945832', 'YANHELY TREISSY', 'SANCHEZ', 'CHUQUIYAURI', '2022-09-03 17:43:45'),
(799, '73884723', 'ROMEL LIDER', 'SALVADOR', 'FLORES', '2022-09-03 17:44:44'),
(800, '71299479', 'LISBETH', 'ZUÑIGA', 'MUNGUIA', '2022-09-03 17:47:14'),
(801, '76269056', 'ELIZABETH', 'ESCUDERO', 'SUMARAN', '2022-09-03 17:49:25'),
(802, '75859475', 'KATHLEEN NAJHELLY', 'ATAVILLOS', 'ALANIA', '2022-09-03 17:49:50'),
(803, '70776159', 'YIMER', 'ADRIANO', 'NAVARRO', '2022-09-03 17:51:19'),
(804, '72120433', 'WENDI YESENIA', 'ACERO', 'POZO', '2022-09-03 17:52:16'),
(805, '76910218', 'LIESERLY MILAINITH', 'VILLEGAS', 'CHACON', '2022-09-03 17:53:35'),
(806, '76910217', 'MARICIELO', 'VILLEGAS', 'CHACON', '2022-09-03 17:54:46'),
(807, '75628180', 'VICTOR', 'MEDINA', 'SANCHEZ', '2022-09-03 17:56:36'),
(808, '63371533', 'GUDELIA YOSI', 'POMA', 'CASTRO', '2022-09-03 17:58:35'),
(809, '48289296', 'CLARIBEL YEMIMA', 'GOMEZ', 'ROJAS', '2022-09-03 18:00:31'),
(810, '76399850', 'ERIKA PAOLA', 'CHAVEZ', 'AHUANARI', '2022-09-03 18:02:52'),
(811, '73642412', 'ALEXANDRA JUDITH', 'VELA', 'NAVARRO', '2022-09-03 18:06:30'),
(812, '74427309', 'YANINA ROCIO', 'BEJARANO', 'INGA', '2022-09-03 18:07:00'),
(813, '61006212', 'JOMI ESTEFANI', 'DEL AGUILA', 'VIGO', '2022-09-03 18:08:31'),
(814, '74962702', 'LESLY KAREN', 'RAMIREZ', 'NEIRA', '2022-09-03 18:09:41'),
(815, '76927447', 'ARTURO MANUEL', 'SAMUDIO', 'TOLENTINO', '2022-09-03 18:10:58'),
(816, '76069055', 'GUDELIA REGINA', 'TAMANI', 'JIPA', '2022-09-03 18:12:27'),
(817, '75823212', 'SHERLY DANITZA', 'SALCEDO', 'MURGA', '2022-09-03 18:12:44'),
(818, '73006760', 'ERIKA LUCIA', 'VILLACREZ', 'CANAYO', '2022-09-03 18:13:26'),
(819, '71578834', 'NAYELI MARTHA', 'BARRIONUEVO', 'NEYRA', '2022-09-03 18:14:17'),
(820, '47912390', 'GLEYSI', 'ANGULO', 'MORENO', '2022-09-03 18:15:21'),
(821, '62283816', 'RUBI YARINEE', 'BARRIONUEVO', 'NEYRA', '2022-09-03 18:16:13'),
(822, '76930857', 'YADY SOLEDAD', 'FIGUEREDO', 'TINEO', '2022-09-03 18:16:27'),
(823, '62423979', 'CLARIBETH NEHAMA', 'MAIZ', 'EVARISTO', '2022-09-03 18:17:07'),
(824, '74655836', 'KAREN LISBETH', 'MENDOZA', 'MUÑOZ', '2022-09-03 18:17:31'),
(825, '75753128', 'MARICIELO', 'PEÑA', 'SORIA', '2022-09-03 18:18:28'),
(826, '71965151', 'AMOREHI MARIOLY', 'VARGAS', 'CASTRO', '2022-09-03 18:19:34'),
(827, '61064769', 'JHAIRI', 'DURAN', 'BALTAZAR', '2022-09-03 18:20:05'),
(828, '73573544', 'MADJORIE KEY', 'QUISPE', 'BALDEON', '2022-09-03 18:20:11'),
(829, '73789133', 'MARITA LUZMILA', 'PICON', 'TELLO', '2022-09-03 18:20:22'),
(830, '79135411', 'NAYELI MARILU', 'LLIUYACC', 'LEON', '2022-09-03 18:20:23'),
(831, '48680411', 'YULEISSY', 'GUERRA', 'CARDENAS', '2022-09-03 18:21:08'),
(832, '61431520', 'RUPERTA IRIS', 'ROJAS', 'CORDOVA', '2022-09-03 18:21:49'),
(833, '47953924', 'JUNIOR OMAR', 'CALAMPA', 'NUÑEZ', '2022-09-03 18:22:57'),
(834, '71583485', 'SARITA KATHERINE', 'CHIROQUE', 'RONDOY', '2022-09-03 18:23:01'),
(835, '60708377', 'LOYDA', 'MARCOS', 'BONIFACIO', '2022-09-03 18:23:45'),
(836, '61380253', 'ELIZABETH SHEENA', 'ZAPATA', 'ZAPATA', '2022-09-03 18:24:54'),
(837, '75895430', 'RICHARD WINASTHON', 'SACRAMENTO', 'SANTAMARIA', '2022-09-03 18:24:56'),
(838, '73579597', 'CARLOS HIROITO', 'CARDENAS', 'PINEDO', '2022-09-03 18:25:19'),
(839, '77087954', 'MAYURI YARELIN', 'RENGIFO', 'TORIBIO', '2022-09-03 18:26:43'),
(840, '75008096', 'ELMER', 'HUAMAN', 'ANTONIO', '2022-09-03 18:27:06'),
(841, '45653187', 'LUCIA ANGELICA', 'DAVILA', 'PEREZ', '2022-09-03 18:27:29'),
(842, '71217687', 'KRIXIA KEYNDYTH', 'CAYACAMA', 'YSUIZA', '2022-09-03 18:28:33'),
(843, '74143802', 'FERNANDO ALI', 'RUIZ', 'CHOTA', '2022-09-03 18:30:08'),
(844, '62382461', 'ROSMERY', 'MEDINA', 'CHAVEZ', '2022-09-03 18:30:32'),
(845, '76336467', 'LUZ CLARA', 'ANTONIO', 'TAPULLIMA', '2022-09-03 18:31:41'),
(846, '44053740', 'CARLA ROCIO', 'RAMIREZ', 'PEZO', '2022-09-03 18:32:41'),
(847, '75825428', 'GEISHA LUAR', 'AMASIFUEN', 'FLORES', '2022-09-03 18:33:34'),
(848, '75996796', 'ROSY', 'SACRAMENTO', 'SANTAMARIA', '2022-09-03 18:34:05'),
(849, '80631748', 'ZENAIDA JHASMIN', 'TORIBIO', 'SABRERA', '2022-09-03 18:34:10'),
(850, '71202043', 'MARGOT YADHIRA', 'GONZALES', 'PREZA', '2022-09-03 18:35:48'),
(851, '48555193', 'EDGAR', 'ESTEBAN', 'ISIDRO', '2022-09-03 18:36:09'),
(852, '41905509', 'DIANA', 'MEZA', 'SAJAMI', '2022-09-03 18:37:09'),
(853, '72961709', 'KELITA', 'MONTES', 'ZEVALLOS', '2022-09-03 18:37:19'),
(854, '75110823', 'JHIM HONER', 'ESTEBAN', 'SUDARIO', '2022-09-03 18:38:23'),
(855, '61787073', 'EVELYN NAYELI', 'RUIZ', 'RUIZ', '2022-09-03 18:40:55'),
(856, '81041396', 'YERSON JAVIER', 'FANAN', 'AVILA', '2022-09-03 18:41:35'),
(857, '77090444', 'ANGIE GABY', 'VINCES', 'HERRERA', '2022-09-03 18:43:35'),
(858, '73300195', 'FRANCHESCA', 'TANCHIVA', 'PINEDA', '2022-09-03 18:43:47'),
(859, '71304896', 'VICTOR EMILIANO', 'LEANDRO', 'PENADILLO', '2022-09-03 18:44:01'),
(860, '71703693', 'NENA KENIA', 'LORENZO', 'AMBROSIO', '2022-09-03 18:44:15'),
(861, '77576489', 'RUT CRISTINA', 'LAURENCIO', 'ISIDRO', '2022-09-03 18:45:16'),
(862, '77393267', 'ANGIE JAHAIRA', 'MALLQUI', 'CHUMBIMUNE', '2022-09-03 18:46:27'),
(863, '76990652', 'MAILI VALERIANA', 'RAFAELO', 'CAMACHO', '2022-09-03 18:46:43'),
(864, '77278945', 'DANIELA NICOLE', 'PANDURO', 'ANGULO', '2022-09-03 18:47:42'),
(865, '74077500', 'CLIVIA LINDALI', 'HUERTAS', 'VILLANUEVA', '2022-09-03 18:47:48'),
(866, '74562740', 'JANETH', 'ALANIA', 'PONCE', '2022-09-03 18:48:09'),
(867, '76238506', 'AYDEE MILUSKA', 'VIENA', 'TENAZOA', '2022-09-03 18:48:58'),
(868, '74557837', 'ERIKA', 'MAYLLE', 'GARCIA', '2022-09-03 18:49:08'),
(869, '74950470', 'RONALDO MOISES', 'SERNA', 'VASQUEZ', '2022-09-03 18:49:33'),
(870, '74562739', 'LIZETH', 'ALANIA', 'PONCE', '2022-09-03 18:50:38'),
(871, '40945372', 'IRMA NANCY', 'SILVA', 'LOPEZ', '2022-09-03 18:51:39'),
(872, '46023913', 'TEODORA', 'JULIAN', 'VENTURO', '2022-09-03 18:51:56'),
(873, '73389910', 'MICHELL LAUDRUP', 'PAUCAR', 'RAMIREZ', '2022-09-03 18:51:58'),
(874, '60202091', 'MILENA ABIGAIDA', 'RIVERA', 'SABINO', '2022-09-03 18:52:57'),
(875, '75126147', 'ELISEO JESUS', 'NEYRA', 'LUCAS', '2022-09-03 18:54:09'),
(876, '71868044', 'OMAR ANTONIO', 'LINARES', 'BARDALES', '2022-09-03 18:54:46'),
(877, '76600243', 'JORGE LUIS', 'HUAMAN', 'NIETO', '2022-09-03 18:55:21'),
(878, '48939582', 'ESTIFANNY', 'YSLA', 'SANCHEZ', '2022-09-03 18:58:03'),
(879, '76546394', 'VANESSA CAMILA', 'RUIZ', 'ETENE', '2022-09-03 18:58:34'),
(880, '71688911', 'KAMILA YASMIN', 'QUISPE', 'HERRERA', '2022-09-03 18:59:20'),
(881, '76033924', 'JOHANNA', 'SANTAMARIA', 'EDUARDO', '2022-09-03 19:00:11'),
(882, '72461632', 'JAMIL JULINHO', 'JAIMES', 'DIAZ', '2022-09-03 19:04:50'),
(883, '60444921', 'JEREMIAS', 'SHAQUIA', 'SANTILLAN', '2022-09-03 19:07:20'),
(884, '76375990', 'CRISTHIAN JOHUAU', 'CAMPOS', 'CUPERTINO', '2022-09-03 19:07:25'),
(885, '77210207', 'RUTH MARIBEL', 'DAVILA', 'MERA', '2022-09-03 19:07:28'),
(886, '77923897', 'JIMENA ALASHA', 'ITURRARAN', 'CAMPOS', '2022-09-03 19:08:18'),
(887, '45491449', 'DAVID', 'CUEVA', 'DUCTO', '2022-09-03 19:08:51'),
(888, '76396419', 'ELVIRA', 'LEANDRO', 'GERONIMO', '2022-09-03 19:09:40'),
(889, '72619018', 'MARJORI FLOR', 'LAZARTE', 'TORRES', '2022-09-03 19:14:06'),
(890, '75819816', 'ROSA ISABEL', 'ROJAS', 'FERNANDEZ', '2022-09-03 19:15:22'),
(891, '72404938', 'STEFANY XIOMARA', 'MARTEL', 'SANCHEZ', '2022-09-03 19:17:50'),
(892, '71877574', 'CRISTHIAN PAOLO', 'ESPINOZA', 'TUCTO', '2022-09-03 19:18:57'),
(893, '71799489', 'MELINA ANGELA', 'GUERRERO', 'VELA', '2022-09-03 19:19:46'),
(894, '23014670', 'GIOVANA', 'OJEDA', 'CAMPOS', '2022-09-03 19:20:16'),
(895, '80450568', 'LAILA ELITA', 'PEÑA', 'LOPEZ', '2022-09-03 19:20:51'),
(896, '72513487', 'KIMBERLY', 'RODRIGUEZ', 'DEL AGUILA', '2022-09-03 19:22:00'),
(897, '42795143', 'LIZETH DIANA', 'SANTIAGO', 'CORDOVA', '2022-09-03 19:22:07'),
(898, '73765100', 'RONALDO', 'SALAS', 'PALAVECINO', '2022-09-03 19:22:35'),
(899, '76754493', 'ADRIANITA', 'TAMINCHI', 'VASQUEZ', '2022-09-03 19:23:13'),
(900, '76316458', 'MARCO ANTONIO', 'PUYO', 'HUAYUNGA', '2022-09-03 19:24:34'),
(901, '72453604', 'VANYA', 'RIOS', 'MAURI', '2022-09-03 19:25:24'),
(902, '72633193', 'NAYSHA YAROVI', 'JARA', 'IPARRAGUIRRE', '2022-09-03 19:25:26'),
(903, '61505319', 'MELANNIE ANTUANE', 'ENCINA', 'MORI', '2022-09-03 19:26:37'),
(904, '76182322', 'JENIFER', 'CABRERA', 'CAPUSARI', '2022-09-03 19:27:56'),
(905, '77532258', 'LUCY BELLA', 'CAMA', 'ARANDA', '2022-09-03 19:28:33'),
(906, '47702069', 'CINTHYA PILAR', 'PEREZ', 'LA TORRE', '2022-09-03 19:28:57'),
(907, '77694304', 'HAROL SEBASTIAN', 'SUAREZ', 'REYNOSO', '2022-09-03 19:30:47'),
(908, '73788936', 'AHIEZER CRISTIAN', 'RAMIREZ', 'GOMEZ', '2022-09-03 19:32:05'),
(909, '76236407', 'DAMARIS', 'ORIZANO', 'SALAS', '2022-09-03 19:35:18'),
(910, '75958775', 'SADITH CINTIA', 'LAURENCIO', 'SOTO', '2022-09-03 19:35:23'),
(911, '74994628', 'JAQUELINI', 'GONZALES', 'ALVINO', '2022-09-03 19:36:54'),
(912, '61193689', 'ALVIS JHOSEP', 'GOMEZ', 'NOA', '2022-09-03 19:37:05'),
(913, '77170041', 'MIRIAM LUZ', 'HUANACCHIRI', 'QUISPE', '2022-09-03 19:38:13'),
(914, '74603349', 'RONIBERT DANTE', 'BETETA', 'TORRES', '2022-09-03 19:38:36'),
(915, '71299489', 'MIGUEL ANGEL', 'TRUJILLO', 'INOCENTE', '2022-09-03 19:40:13'),
(916, '73134104', 'JERALDINE MARIA', 'AYALA', 'VILLEGAS', '2022-09-03 19:49:07'),
(917, '73674827', 'JAVIER', 'AGUIRRE', 'DIAZ', '2022-09-03 19:50:37'),
(918, '74047653', 'NEYA GOSOLY', 'INOCENCIO', 'SANDOVAL', '2022-09-03 19:52:02'),
(919, '75242646', 'JESSY YOSELYN', 'RAMIREZ', 'TITO', '2022-09-03 19:52:39'),
(920, '72396120', 'GISELA NIDIA', 'ESPINOZA', 'TRINIDAD', '2022-09-03 19:54:44'),
(921, '75561546', 'ANA CECILIA', 'PAREDES', 'SORIA', '2022-09-03 19:57:37'),
(922, '74084555', 'ARACELY CORAIMA', 'RAMOS', 'PALOMINO', '2022-09-03 19:59:01'),
(923, '73776350', 'LESLY HEIDY', 'MAYLLE', 'ROJAS', '2022-09-03 19:59:26'),
(924, '74077172', 'CRISTHIAN LUCIANO', 'CERVANTES', 'NAZARIO', '2022-09-03 20:00:09'),
(925, '60233532', 'NOEMI YAJAIRA', 'ALDABA', 'ESTELA', '2022-09-03 20:00:53'),
(926, '47551679', 'HENRRY FAUSTO', 'CASTRO', 'Y CAMACHO', '2022-09-03 20:01:05'),
(927, '76823829', 'LIZ NORMELI', 'GONZALES', 'FALCON', '2022-09-03 20:03:23'),
(928, '75548038', 'KIARA YAMELI', 'LEON', 'SALAS', '2022-09-03 20:03:30'),
(929, '77437516', 'SHIRLEY ALEXANDRA', 'ARAUCO', 'FERNANDEZ', '2022-09-03 20:03:36'),
(930, '47511054', 'GLORIA NANCY', 'RIVERA', 'LAURENCIO', '2022-09-03 20:03:53'),
(931, '76097353', 'KARINA', 'RIVERA', 'LAURENCIO', '2022-09-03 20:04:27'),
(932, '73870829', 'PAOLA BEATRIZ', 'BLACIDO', 'FLORES', '2022-09-03 20:04:30'),
(933, '77025340', 'YUSBELY MAILY', 'ROJAS', 'MUÑOZ', '2022-09-03 20:05:09'),
(934, '74085038', 'LESLY GABRIELA', 'CHAPARIN', 'RAMIREZ', '2022-09-03 20:06:35'),
(935, '71420269', 'EDSON JHAIR', 'BARRANCA', 'YARASCA', '2022-09-03 20:09:28'),
(936, '63393664', 'JOSE ARMANDO', 'TRUJILLO', 'MORALES', '2022-09-03 20:09:59'),
(937, '75252328', 'MILAGROS', 'DAZA', 'TORIBIO', '2022-09-03 20:10:45'),
(938, '75706960', 'RONAL', 'ENRIQUE', 'PLACIDO', '2022-09-03 20:11:19'),
(939, '73786895', 'EDWAR JESUS', 'ROJAS', 'ESPIRITU', '2022-09-03 20:13:50'),
(940, '72913030', 'MILAGRITOS', 'PIMENTEL', 'FLORES', '2022-09-03 20:15:21'),
(941, '73529568', 'LESLI', 'PONCE', 'TUMBAY', '2022-09-03 20:15:27'),
(942, '76903518', 'ELENA CLARITH', 'ÑAUPA', 'SILVA', '2022-09-03 20:19:48'),
(943, '73269837', 'MARI ZARAITH', 'FLORES', 'RUIZ', '2022-09-03 20:19:54'),
(944, '74428913', 'ARIRAY YESILINDA', 'NAUPAY', 'MELCHOR', '2022-09-03 20:21:25'),
(945, '47210794', 'ROY CESAR', 'PEREZ', 'TANCHIVA', '2022-09-03 20:23:33'),
(946, '71572305', 'ALVARO ARNOLD', 'MARTEL', 'GONZALO', '2022-09-03 20:24:40'),
(947, '42619257', 'LIZBETH', 'ALVARADO', 'ESPINOZA', '2022-09-03 20:25:07'),
(948, '62779350', 'ESTRELLITA INES', 'CUMAPA', 'HUAMANTUMBA', '2022-09-03 20:27:12'),
(949, '76048409', 'CARLOS RAUL', 'BERASTEIN', 'PERALTA', '2022-09-03 20:28:13'),
(950, '44614346', 'HERMILIA MERCEDES', 'JAPA', 'MARTEL', '2022-09-03 20:28:24'),
(951, '60098198', 'ADRIANA ALICE', 'TOLENTINO', 'PRUDENCIO', '2022-09-03 20:29:39'),
(952, '75017184', 'KETTY IRENE', 'POMA', 'DONATO', '2022-09-03 20:29:46'),
(953, '74697416', 'DEYVIS FRANCO', 'JACOBO', 'BLAS', '2022-09-03 20:31:29'),
(954, '75126163', 'TIFANY GREIZ', 'CALERO', 'CUSTODIO', '2022-09-03 20:31:32'),
(955, '60009539', 'ZENAIRA', 'JAIMES', 'SIMON', '2022-09-03 20:32:29'),
(956, '76049880', 'TANIA JIMENA', 'CALERO', 'MEZA', '2022-09-03 20:33:45'),
(957, '78062529', 'D\'ALESSANDRO', 'SICORA', 'NAVARRO', '2022-09-03 20:36:56'),
(958, '76751088', 'MARIA', 'BRAVO', 'MENDOZA', '2022-09-03 20:38:21'),
(959, '71837663', 'YANINA VANESA', 'DURAND', 'QUIJANO', '2022-09-03 20:38:31'),
(960, '76338879', 'DIANA', 'MAIZ', 'PRESENTACION', '2022-09-03 20:41:10'),
(961, '63360019', 'PRISCILA', 'BARBARAN', 'PACAYA', '2022-09-03 20:44:00'),
(962, '76423725', 'THALIA', 'BACILIO', 'VILLEGAS', '2022-09-03 20:47:09'),
(963, '76981065', 'KAORI ARELIS', 'ARIMUYA', 'TUITUY', '2022-09-03 20:48:29'),
(964, '72888037', 'KEVIN DEYVID', 'ESTRADA', 'MEZA', '2022-09-03 20:50:01'),
(965, '71303934', 'ELIZABETH', 'SANCHEZ', 'ESPIRITU', '2022-09-03 20:50:52'),
(966, '43285301', 'EMILIY ATILIA', 'QUINTANA', 'RAMIREZ', '2022-09-03 20:55:40'),
(967, '75619296', 'MAYLY CAROLINA', 'BARRIONUEVO', 'JARA', '2022-09-03 20:58:30'),
(968, '71908819', 'JERSON JESUS', 'RUIZ', 'CALDERON', '2022-09-03 21:00:29'),
(969, '71910207', 'JEFFERSON ROBERTO', 'QUISPE', 'CRUZ', '2022-09-03 21:03:29'),
(970, '75176621', 'MICHELLE ESTRELLA', 'SANDOVAL', 'MORALES', '2022-09-03 21:04:01'),
(971, '75008101', 'ANABEL', 'HUAMAN', 'ANTONIO', '2022-09-03 21:07:12'),
(972, '75061750', 'ANGELA THAIS', 'COTRINA', 'MUÑOZ', '2022-09-03 21:08:18'),
(973, '76523567', 'DEYSI YOLINA', 'JORGE', 'SALAZAR', '2022-09-03 21:08:31'),
(974, '76948384', 'RONALDIÑO RENSO', 'EUSEBIO', 'CHARRE', '2022-09-03 21:08:56'),
(975, '72155341', 'NATALY VERONICA', 'DIEGO', 'PARRA', '2022-09-03 21:10:40'),
(976, '77497454', 'LIRA SULFINA', 'PAULINO', 'ALBORNOZ', '2022-09-03 21:11:38'),
(977, '71310178', 'JUDIH MELINDA', 'EUGENIO', 'PORTALATINO', '2022-09-03 21:12:34'),
(978, '74073369', 'CRISBI', 'FIGUEROA', 'ROJAS', '2022-09-03 21:12:41'),
(979, '45317935', 'CLARISA JANETH', 'CASTRO', 'ROJAS', '2022-09-03 21:14:30'),
(980, '71221138', 'RONALDO DANY', 'APELO', 'GONZALES', '2022-09-03 21:16:23'),
(981, '75413202', 'BEATRIZ VERONICA', 'ESTELA', 'ESPINOZA', '2022-09-03 21:16:40'),
(982, '47828298', 'MIRIAN LIZZETH', 'SANCHEZ', 'SORIA', '2022-09-03 21:17:44'),
(983, '74071263', 'ZANAY BHUSS', 'HUARANGA', 'TUCTO', '2022-09-03 21:21:45'),
(984, '74994584', 'LOURDES GRICELA', 'TRANSITO', 'DIEGO', '2022-09-03 21:22:34'),
(985, '74434747', 'ZARAHI ELIANA DANI', 'GAMARRA', 'ROJAS', '2022-09-03 21:22:39'),
(986, '74552594', 'DANILA MARISABETH', 'CALDAS', 'GAMARRA', '2022-09-03 21:23:59'),
(987, '48423258', 'LIZ MARILIN', 'ESPINOZA', 'HUERTO', '2022-09-03 21:24:43'),
(988, '75063011', 'YESENIA BEATRIZ', 'EUGENIO', 'ROSALES', '2022-09-03 21:27:38'),
(989, '44009523', 'CLELIA MARILDA', 'PICOTA', 'BARDALES DE VARGAS', '2022-09-03 21:29:02'),
(990, '74457523', 'DINA', 'PORTAL', 'MORENO', '2022-09-03 21:31:18'),
(991, '63370613', 'YANETH', 'MENA', 'VICENTE', '2022-09-03 21:31:23'),
(992, '75386224', 'DALILA', 'CASAPIA', 'MONTALVO', '2022-09-03 21:33:05'),
(993, '75219643', 'LINDSAY ESMERALDA', 'HUERTA', 'ATACHAHUA', '2022-09-03 21:34:14'),
(994, '71542519', 'SERGIO ERIK', 'CHAUPIS', 'ALDAVE', '2022-09-03 21:38:35'),
(995, '78020674', 'YOGMI', 'ECHEVARRIA', 'SALVADOR', '2022-09-03 21:39:28'),
(996, '75401154', 'FÁTIMA RUBÍ', 'LEON', 'HORNA', '2022-09-03 21:40:50'),
(997, '72553493', 'BIANCA ROMINA', 'SOLIS', 'LEYVA', '2022-09-03 21:42:01'),
(998, '61546612', 'STEFANNY CANDY', 'CORDOVA', 'ALBINO', '2022-09-03 21:42:17'),
(999, '76828509', 'ANGHELA VALERIA', 'DE LA CRUZ', 'CARHUA', '2022-09-03 21:42:34'),
(1000, '76864166', 'LIZ BETY', 'GOMEZ', 'DONATO', '2022-09-03 21:42:51'),
(1001, '73475612', 'XIOMY EUGENIA', 'CHACON', 'ALVARADO', '2022-09-03 21:43:35'),
(1002, '73124752', 'JESUS ALEJANDRO', 'VALENTIN', 'CHAVEZ', '2022-09-03 21:43:52'),
(1003, '76960849', 'MARIOLINA ANDREA', 'EVARISTO', 'LEON', '2022-09-03 21:44:06'),
(1004, '72137479', 'YOSELIN', 'HUAMAN', 'CASIMIRO', '2022-09-03 21:45:22'),
(1005, '75790398', 'CINAYLA', 'CAJAS', 'VARGAS', '2022-09-03 21:47:48'),
(1006, '78378501', 'JAFET ANTERO', 'LLANTO', 'MORENO', '2022-09-03 21:48:23'),
(1007, '46768767', 'RINA', 'VILLANUEVA', 'VILLAR', '2022-09-03 21:48:31'),
(1008, '62493794', 'DANITZA BRIGHIT', 'PANDURO', 'LOPEZ', '2022-09-03 21:48:58'),
(1009, '45009648', 'MARISELA EDITH', 'ESPINOZA', 'INOCENCIO', '2022-09-03 21:49:06'),
(1010, '73119994', 'YANET YOBANA', 'CAPCHA', 'RAFAELO', '2022-09-03 21:51:20'),
(1011, '74566231', 'MARIA ELENA', 'VALDEZ', 'AZADO', '2022-09-03 21:52:28'),
(1012, '60244281', 'CLECY', 'BLAS', 'MARTEL', '2022-09-03 21:52:41'),
(1013, '63112404', 'JIOMARA', 'SANTILLAN', 'RAMIREZ', '2022-09-03 21:53:51'),
(1014, '75001634', 'WILLIAM ANGEL', 'TICONA', 'TADEO', '2022-09-03 21:53:52'),
(1015, '44264512', 'ZOILA ROSA', 'ORTEGA', 'VERDE', '2022-09-03 21:53:56'),
(1016, '75222391', 'VIVIANA YENI', 'PIZAN', 'GABRIEL', '2022-09-03 21:54:14'),
(1017, '73648151', 'HELEN ARAZELI', 'HUAMANI', 'ROSADO', '2022-09-03 21:55:06'),
(1018, '74535140', 'MAFER NALDA', 'ABAD', 'PASCUAL', '2022-09-03 21:56:04'),
(1019, '62134499', 'ANAHIZ SARAHIZ', 'TOLENTINO', 'PRUDENCIO', '2022-09-03 21:56:20'),
(1020, '71432575', 'LESLY FIORELLA', 'TORRES', 'MANUYAMA', '2022-09-03 21:56:22'),
(1021, '60733386', 'JASMIN GRIVANESA', 'BASILIO', 'LOPEZ', '2022-09-03 21:56:58'),
(1022, '75895765', 'JOCELYN ARACELI', 'HERRERA', 'CASTRO', '2022-09-03 21:57:22'),
(1023, '73686009', 'FRANS YULIÑO', 'SABINO', 'SILVA', '2022-09-03 21:58:22'),
(1024, '77529590', 'CELIA CECILIA', 'FLORES', 'ESPINOZA', '2022-09-03 21:58:28'),
(1025, '61586052', 'BRIGITH LAYESCA', 'MIRAVAL', 'ESTRADA', '2022-09-03 21:58:31'),
(1026, '73208504', 'FRANCIS ANDREIZA', 'EVANGELISTA', 'SANCHEZ', '2022-09-03 21:59:35'),
(1027, '74426872', 'ZENIA', 'HUARANGA', 'MATIAS', '2022-09-03 22:00:50'),
(1028, '78547670', 'OSCAR CALEB', 'POMAHUALI', 'LOPEZ', '2022-09-03 22:01:05'),
(1029, '75088307', 'JEANN YONER', 'SALAZAR', 'SANTILLAN', '2022-09-03 22:02:40'),
(1030, '71281516', 'SARA NOEMI', 'TUESTA', 'MANIHUARI', '2022-09-03 22:02:41'),
(1031, '74604740', 'ABEL FABIAN', 'ORTEGA', 'VALVERDE', '2022-09-03 22:03:43'),
(1032, '76865372', 'KATHERINE MILUSKA', 'MEJIA', 'SANTA CRUZ', '2022-09-03 22:04:13'),
(1033, '74604741', 'MARITZA', 'ORTEGA', 'VALVERDE', '2022-09-03 22:04:31'),
(1034, '63311924', 'MARINA ZARAI', 'GASTELU', 'RUIZ', '2022-09-03 22:07:03'),
(1035, '73781310', 'WERNER JHENSEL', 'PACAYA', 'IZQUIERDO', '2022-09-03 22:08:02'),
(1036, '44724925', 'JESUS MARTIN', 'VILLALOBOS', 'ARANDA', '2022-09-03 22:08:58'),
(1037, '71101599', 'VILMA CRISTINA', 'BUSTINZA', 'JURADO', '2022-09-03 22:10:23'),
(1038, '46677059', 'MELISSA SOLEDAD', 'MANTILLA', 'ESTELA', '2022-09-03 22:10:45'),
(1039, '74172635', 'CECILIA VANESSA', 'URETA', 'JACINTO', '2022-09-03 22:11:48'),
(1040, '71562859', 'ALI NOELIA', 'CENTURION', 'DAVILA', '2022-09-03 22:13:02'),
(1041, '73611131', 'ELIT', 'BONILLA', 'GONZALES', '2022-09-03 22:13:03'),
(1042, '71910608', 'VICTORIA', 'VASQUEZ', 'SALAS', '2022-09-03 22:13:21'),
(1043, '73041447', 'FIORELA VANESA', 'BERAUN', 'FLORES', '2022-09-03 22:13:56'),
(1044, '71024151', 'JENIFFER NICOLE', 'ACOSTA', 'MENDIETA', '2022-09-03 22:13:57'),
(1045, '77025486', 'LIZ YESSENIA', 'SANTA MARIA', 'RAMOS', '2022-09-03 22:14:37'),
(1046, '60701671', 'FREDCIA PAOLA', 'DOMINOTTI', 'SANTOS', '2022-09-03 22:15:49'),
(1047, '62400886', 'FRANCIA ANDREA', 'MOREIRA', 'DIAZ', '2022-09-03 22:17:04'),
(1048, '75886458', 'RUTH KARINA', 'DOLORES', 'REYES', '2022-09-03 22:17:14'),
(1049, '71048232', 'MAYORI ANGELA', 'PORRAS', 'MATTA', '2022-09-03 22:17:52'),
(1050, '76964395', 'LENIN DANIEL', 'LAO', 'PONCE', '2022-09-03 22:18:05'),
(1051, '71889082', 'SAYURI', 'MATOS', 'VALENZUELA', '2022-09-03 22:18:32'),
(1052, '60893170', 'MARISELL JANILOY', 'MOSCOSO', 'MELLO', '2022-09-03 22:19:20'),
(1053, '72370818', 'SULAMITA', 'LOPEZ', 'PINEDO', '2022-09-03 22:20:42'),
(1054, '76916946', 'OSHIN', 'SABINO', 'SALAZAR', '2022-09-03 22:20:53'),
(1055, '45701441', 'MAC JEORGINA', 'CAJALEON', 'HILARIO', '2022-09-03 22:21:10'),
(1056, '42406582', 'LUZ VERONICA', 'FLORES', 'URETA', '2022-09-03 22:22:15'),
(1057, '75021792', 'SILVIA', 'VILCA', 'ISIDRO', '2022-09-03 22:22:17'),
(1058, '75149528', 'JOSE RONALDIÑO', 'CHUQUIYAURI', 'ALVARADO', '2022-09-03 22:23:38'),
(1059, '75684934', 'MILKA YESENIA', 'OSORIO', 'CORCINO', '2022-09-03 22:24:48'),
(1060, '76403045', 'BRAULIO ABRAHAM', 'FONSECA', 'CARDENAS', '2022-09-03 22:26:55'),
(1061, '62718500', 'BRENDA GISELLE', 'VEGA', 'AREVALO', '2022-09-03 22:27:14'),
(1062, '75876954', 'LIZETH KARINA', 'SANTA CRUZ', 'RAMOS', '2022-09-03 22:28:38'),
(1063, '74223253', 'ROSMERI', 'GONZALES', 'PURI', '2022-09-03 22:29:16'),
(1064, '47457070', 'INEZ JOVITA', 'LAURENCIO', 'RETIS', '2022-09-03 22:30:06'),
(1065, '74082038', 'GREIH YOJAN', 'RAMIREZ', 'MALPARTIDA', '2022-09-03 22:30:15'),
(1066, '74603711', 'JEZLIN JEARIN', 'FACUNDO', 'MONTALVO', '2022-09-03 22:30:38'),
(1067, '74224132', 'YULIANA ALEXANDRA', 'LEON', 'MALPARTIDA', '2022-09-03 22:31:08'),
(1068, '73101709', 'PAULA SARAI', 'SILVA', 'CHAMORRO', '2022-09-03 22:31:59'),
(1069, '62941888', 'ERIKA', 'SUDARIO', 'SOLORZANO', '2022-09-03 22:32:23'),
(1070, '74128723', 'ELIDA NAYR', 'MELENDEZ', 'ORTIZ', '2022-09-03 22:33:07'),
(1071, '71957337', 'JOSE JHORDAN', 'RUBINA', 'DAVILA', '2022-09-03 22:34:30'),
(1072, '23008057', 'DAVID TEODORO', 'IBAÑEZ', 'POLO', '2022-09-03 22:35:11'),
(1073, '74993334', 'YOSMERY BENI', 'LUCAS', 'CONTRERAS', '2022-09-03 22:35:16'),
(1074, '75780920', 'SILVANA MARYCIELO', 'GONZALES', 'FLORES', '2022-09-03 22:35:23'),
(1075, '73579599', 'YAN MARCO', 'RIVERA', 'MENDOZA', '2022-09-03 22:38:04'),
(1076, '63123430', 'LARIZA CHRISTINA', 'FABABA', 'MAJIPO', '2022-09-03 22:38:16'),
(1077, '63101372', 'ZELOMITH', 'QUIO', 'FABABA', '2022-09-03 22:41:17'),
(1078, '60537328', 'RUTH ESTHER', 'FONSECA', 'SOLIS', '2022-09-03 22:41:41'),
(1079, '60263635', 'LIZ FIORELA', 'CAMPOS', 'DIONICIO', '2022-09-03 22:42:28'),
(1080, '75956200', 'KLEVER WILLY', 'HUAYTA', 'QUISPE', '2022-09-03 22:44:33'),
(1081, '75211630', 'GINA ESTHEFANY', 'URQUIA', 'SALDAÑA', '2022-09-03 22:45:39'),
(1082, '76381467', 'DELCY', 'ORTEGA', 'ORTIZ', '2022-09-03 22:46:55'),
(1083, '71303314', 'NELIDA SELENE', 'MEZA', 'LAVERIANO', '2022-09-03 22:47:09'),
(1084, '62169825', 'LEYSON REY', 'CALVO', 'SILVANO', '2022-09-03 22:50:07'),
(1085, '72309442', 'ALISSON JESSENIA', 'LASTRA', 'MACHADO', '2022-09-03 22:50:12'),
(1086, '75956018', 'AVILA', 'ALVARADO', 'DIONICIO', '2022-09-03 22:51:25'),
(1087, '61308105', 'ALISON ESCARLE', 'GOMEZ', 'BARRERA', '2022-09-03 22:51:57'),
(1088, '73274166', 'ENIT', 'EUGENIO', 'BRAVO', '2022-09-03 22:53:40'),
(1089, '72711040', 'JOSIAS JONATHAN', 'MARTEL', 'MANUEL', '2022-09-03 22:56:25'),
(1090, '73354268', 'MEDALITH MIREA', 'CASTRO', 'JUSTINIANO', '2022-09-03 22:58:01'),
(1091, '74866003', 'ROSARIO VICTORIA', 'PAJUELO', 'GUILLERMO', '2022-09-03 22:58:56'),
(1092, '74588179', 'FRAY EVER', 'MACHCO', 'FLORES', '2022-09-03 22:59:35'),
(1093, '46853067', 'STEFANY SHARON', 'MAJINO', 'ASCA', '2022-09-03 23:01:00'),
(1094, '75608244', 'EMMA NEMECIA', 'ALCANTARA', 'MARTINEZ', '2022-09-03 23:03:07'),
(1095, '61997255', 'SANDRA SHEYLA', 'MALDONADO', 'ESTEBAN', '2022-09-03 23:04:16'),
(1096, '71327358', 'DIETZY ANGELA', 'HIDALGO', 'CABRERA', '2022-09-03 23:04:27'),
(1097, '73746032', 'YANETH MARLENY', 'EUGENIO', 'ZUÑIGA', '2022-09-03 23:05:03'),
(1098, '72581470', 'SORANI NATALY', 'RAMOS', 'MEJIA', '2022-09-03 23:06:38'),
(1099, '74602993', 'NOELIA', 'RAMIREZ', 'BONILLA', '2022-09-03 23:06:47'),
(1100, '71614798', 'MARIORY OFELIA', 'TARAZONA', 'CAPCHA', '2022-09-03 23:09:12'),
(1101, '76816976', 'MERBELIN BILLIN', 'FABIAN', 'CIERTO', '2022-09-03 23:09:41'),
(1102, '74392875', 'SUSY VANESSA', 'SAIS', 'MARTINEZ', '2022-09-03 23:09:49'),
(1103, '75611623', 'ALHELY NYKOL', 'ALVARADO', 'BASILIO', '2022-09-03 23:12:29'),
(1104, '72576386', 'ALISSON JARITZA', 'TORIBIO', 'AMARINGO', '2022-09-03 23:13:35'),
(1105, '60490970', 'SHADITH', 'ATAVILLOS', 'CALERO', '2022-09-03 23:14:48'),
(1106, '62730138', 'EDNER', 'NIETO', 'SOLIS', '2022-09-03 23:19:03'),
(1107, '48252873', 'JOSE MANUEL', 'ARISTA', 'FERNANDEZ', '2022-09-03 23:23:11'),
(1108, '74071154', 'ERICA KETTY', 'SILVA', 'HUERTA', '2022-09-03 23:23:49'),
(1109, '76838470', 'MONICA', 'TACUCHI', 'ELFONSO', '2022-09-03 23:33:05'),
(1110, '76409283', 'JESSICA MERLITH', 'MARTINEZ', 'EVANGELISTA', '2022-09-05 13:21:11'),
(1111, '45204990', 'YUBIS', 'ISMODES', 'FLORES', '2022-09-05 13:24:09'),
(1112, '60094285', 'AYLI LEYDI', 'TRUJILLO', 'PEREZ', '2022-09-05 13:32:58'),
(1113, '72938474', 'GENIFER JHORE', 'HILARIO', 'VENTURO', '2022-09-05 13:33:58'),
(1114, '75444792', 'EVA MARINA', 'ALEJO', 'CASTILLEJO', '2022-09-05 13:37:22'),
(1115, '40973806', 'JORGE LUIS', 'MALPARTIDA', 'TOLENTINO', '2022-09-05 13:48:53'),
(1116, '75669025', 'BRANDON EDWARDS', 'CUETO', 'VALENCIA', '2022-09-05 13:50:18'),
(1117, '72172310', 'JORDAN JOAO', 'GARCIA', 'CHACON', '2022-09-05 13:53:22'),
(1118, '75328051', 'VIANCA NICOL', 'ARCE', 'GARCIA', '2022-09-05 13:55:23'),
(1119, '75834371', 'HERLINDA', 'CLEMENTE', 'DAZA', '2022-09-05 13:55:35'),
(1120, '74078909', 'SUSY MARIA', 'GOMEZ', 'RAMOS', '2022-09-05 13:55:50'),
(1121, '48307074', 'NOHEMI SILVIA', 'AHUANARI', 'DIAZ', '2022-09-05 14:00:32'),
(1122, '60080679', 'JUSMILA', 'DURAN', 'CANTALICIO', '2022-09-05 14:00:53'),
(1123, '73510107', 'CEHZY MAYTE', 'TRIGOSO', 'PEREZ', '2022-09-05 14:05:03'),
(1124, '76278136', 'VANESSA LOURDES', 'ZELA', 'HUANCCO', '2022-09-05 14:07:08'),
(1125, '60204644', 'LUZ ANGELITA', 'SALAS', 'REATEGUI', '2022-09-05 14:11:21'),
(1126, '72689605', 'VIKSBETH PAOLA', 'RUIZ', 'VILLANUEVA', '2022-09-05 14:13:29'),
(1127, '71876839', 'ANITA', 'MARICHI', 'PEREYRA', '2022-09-05 14:16:31'),
(1128, '76297470', 'LUCIA HILARIA', 'CELIS', 'LEON', '2022-09-05 14:17:45'),
(1129, '76750426', 'AMERICO DANY', 'SANTILLAN', 'QUITO', '2022-09-05 14:21:24'),
(1130, '62294746', 'EDINSON', 'RUIZ', 'CAUPER', '2022-09-05 14:21:44'),
(1131, '76033825', 'AROLI ESTHER', 'CAMARA', 'RAMOS', '2022-09-05 14:25:45'),
(1132, '71868046', 'ALEX EDUARDO', 'CARRION', 'RAMOS', '2022-09-05 14:27:07'),
(1133, '76282634', 'DEBORA MILAGROS', 'RIOS', 'MOZOMBITE', '2022-09-05 14:28:36'),
(1134, '47789522', 'MARICEL YESENIA', 'CARRERA', 'BALTAZAR', '2022-09-05 14:36:37'),
(1135, '45466024', 'LESLY ZARA', 'DAMASO', 'CLARO', '2022-09-05 14:41:50'),
(1136, '74285393', 'JILMER NILSON', 'PABLO', 'CADILLO', '2022-09-05 14:42:04'),
(1137, '75943657', 'MARIA LOURDES', 'BERAUN', 'HUIZA', '2022-09-05 14:44:34'),
(1138, '77480729', 'JAIR', 'MORI', 'TINEO', '2022-09-05 14:44:50'),
(1139, '61157507', 'ESTHER RUBI', 'HILARIO', 'ORDOÑEZ', '2022-09-05 14:46:40'),
(1140, '62358394', 'LUZ MARIA', 'SANCHEZ', 'HUAMAN', '2022-09-05 14:48:50'),
(1141, '74173624', 'LINHET CAROL', 'AQUINO', 'CASTRO', '2022-09-05 14:49:28'),
(1142, '60108482', 'ISAYEL', 'CRISOLO', 'VILCA', '2022-09-05 14:50:32'),
(1143, '74602607', 'MARITZA', 'MEZA', 'ESPINOZA', '2022-09-05 14:51:24'),
(1144, '73341436', 'ANA VICTORIA', 'GERONIMO', 'JUANAN', '2022-09-05 14:51:33'),
(1145, '71128261', 'DAYANA FIORELA', 'GONZALES', 'MENDOZA', '2022-09-05 14:53:14'),
(1146, '73364265', 'MARLITH', 'IZQUIERDO', 'DOMINGUEZ', '2022-09-05 14:54:33'),
(1147, '77024882', 'EDITH JAHAIRA', 'MARIN', 'MEZA', '2022-09-05 14:56:13'),
(1148, '76325464', 'ELIANA BRIGITH', 'HUAMAN', 'MOLINA', '2022-09-05 14:59:19'),
(1149, '60520738', 'MAYCOL JESUS', 'ESPIRITU', 'SIMON', '2022-09-05 15:02:50'),
(1150, '74980036', 'JOSUE FERNANDO', 'YALLI', 'MEZA', '2022-09-05 15:06:01'),
(1151, '60099093', 'CARLITA KENIA', 'RAMIREZ', 'PONIRO', '2022-09-05 15:10:41'),
(1152, '75187940', 'CRISH SHEYLI', 'CAMACHO', 'MARTIN', '2022-09-05 15:12:10'),
(1153, '75114986', 'YOMAR ANGEL', 'RODRIGUEZ', 'SANCHEZ', '2022-09-05 15:13:21'),
(1154, '71599486', 'ANA BEATRIZ', 'RAMIREZ', 'REYES', '2022-09-05 15:16:34'),
(1155, '76684147', 'NAYELI XIOMARA', 'ENCARNACION', 'DURAN', '2022-09-05 15:16:39'),
(1156, '62232361', 'RUTH SIOMARA', 'CABRERA', 'CIERTO', '2022-09-05 15:17:37'),
(1157, '74618227', 'EDHY LUZ', 'BONIFACIO', 'CIRIACO', '2022-09-05 15:19:06'),
(1158, '60468238', 'LADITA ZELMIRA', 'ROJAS', 'CASTRO', '2022-09-05 15:22:34'),
(1159, '70791023', 'PAOLO GUILLMAR', 'CASTRILLON', 'CLAUDIO', '2022-09-05 15:22:39'),
(1160, '81235737', 'ANA CRISTINA', 'MORENO', 'VARGAS', '2022-09-05 15:22:46'),
(1161, '75915547', 'SHARON SOLANGE', 'PINCHE', 'MACEDO', '2022-09-05 15:24:04'),
(1162, '45320540', 'NOEMI MARIA', 'VILLANUEVA', 'MELGAR', '2022-09-05 15:24:29'),
(1163, '76150118', 'NICOLLE XIOMARA', 'JUMBO', 'VASQUEZ', '2022-09-05 15:24:39'),
(1164, '71390899', 'RESNYK', 'ALONSO', 'ESPINOZA', '2022-09-05 15:28:17'),
(1165, '77805098', 'NASIRA YOISI', 'ESPINOZA', 'CALDAS', '2022-09-05 15:28:51'),
(1166, '78460321', 'CLEIDA MARIA', 'ESPINOZA', 'VENANCIO', '2022-09-05 15:30:58'),
(1167, '63356930', 'SILSA BERI', 'AGUSTIN', 'CENTENO', '2022-09-05 15:31:00'),
(1168, '74391082', 'SERGIO', 'SANCHEZ', 'PAREDES', '2022-09-05 15:33:58'),
(1169, '77486703', 'DANTE ERNESTO', 'REYES', 'TRUJILLO', '2022-09-05 15:33:59'),
(1170, '42041940', 'KELLY', 'REYES', 'CUSTODIO', '2022-09-05 15:35:08'),
(1171, '60098177', 'JHOMARA', 'GABRIEL', 'LINO', '2022-09-05 15:36:05'),
(1172, '74529011', 'IRENA', 'SANDOVAL', 'APOLINARIO', '2022-09-05 15:40:14'),
(1173, '72034821', 'JHULIZA REYNA', 'LOPEZ', 'TARAZONA', '2022-09-05 15:41:23'),
(1174, '73392542', 'BELLA LUZ', 'DOMINGUEZ', 'ROMERO', '2022-09-05 15:41:31'),
(1175, '71582247', 'YORLINA', 'RIVERA', 'ROJAS', '2022-09-05 15:43:35'),
(1176, '75640714', 'EDUARDO PIER', 'PEREZ', 'TARICUARIMA', '2022-09-05 15:46:40'),
(1177, '73381991', 'ANDREA JAZMIN', 'CAMPOS', 'CRUZ', '2022-09-05 15:47:47'),
(1178, '60630546', 'BRITNEY GIANNHEY', 'CARRERA', 'LAURENCIO', '2022-09-05 15:48:11'),
(1179, '41576123', 'FLEMIN ELIO', 'DAMASO', 'CLARO', '2022-09-05 15:50:05'),
(1180, '71692234', 'YORDAN DAVID', 'SANCHEZ', 'CAJAS', '2022-09-05 15:53:13'),
(1181, '74933247', 'BRIGHIT KAROL', 'YAPUCHURA', 'SARAVIA', '2022-09-05 15:54:16'),
(1182, '22498720', 'VILMA', 'MORALES', 'EULOGIO', '2022-09-05 15:55:19'),
(1183, '73464097', 'ANGIE NELITH', 'MOZOMBITE', 'GUERRA', '2022-09-05 15:55:45'),
(1184, '60996998', 'KARINA MISHELLE', 'DAVILA', 'GONZALES', '2022-09-05 15:55:50'),
(1185, '45994288', 'LUZ MARITA', 'GUERRERO', 'DAVILA', '2022-09-05 15:57:24'),
(1186, '74815482', 'CELIA', 'MALLQUI', 'PONCE', '2022-09-05 16:03:01'),
(1187, '73318080', 'LUZ JIMENA', 'RODRIGUEZ', 'SANCHEZ', '2022-09-05 16:05:04'),
(1188, '74141586', 'AURORA GLADYS', 'ORIZANO', 'MARCELO', '2022-09-05 16:05:38'),
(1189, '46635081', 'MIRKO', 'GAMARRA', 'HUAMAN', '2022-09-05 16:06:34'),
(1190, '43087261', 'JESSICA KATERINE', 'PAJUELO', 'ROJAS', '2022-09-05 16:07:40'),
(1191, '77538137', 'KAREN SANDRA', 'CANDUELAS', 'REQUISION', '2022-09-05 16:07:57'),
(1192, '78011826', 'BRANDY ELI', 'SANTILLAN', 'CANAYO', '2022-09-05 16:08:24'),
(1193, '48505971', 'JHON', 'SALAS', 'VELA', '2022-09-05 16:09:57'),
(1194, '72485308', 'DEISY FIORELLA', 'RIVERA', 'TUCTO', '2022-09-05 16:12:58'),
(1195, '71888058', 'SHARMELY ANALY', 'MORALES', 'VARGAS', '2022-09-05 16:13:48'),
(1196, '60528049', 'CARLOS ULISES', 'PAUCAR', 'ZAROMO', '2022-09-05 16:18:21'),
(1197, '60515330', 'LUZ ARELI', 'SAVINO', 'PLACIDO', '2022-09-05 16:18:53'),
(1198, '48424888', 'TANIA BEATRIZ', 'GARGATE', 'FASABI', '2022-09-05 16:20:36'),
(1199, '63281181', 'JESUS JERSINHO', 'FELICIANO', 'ARRATEA', '2022-09-05 16:22:58'),
(1200, '70718885', 'CIRO JESUS', 'VELASQUEZ', 'QUIJANO', '2022-09-05 16:24:28'),
(1201, '63692827', 'ESTEFANI EVANS', 'RAMOS', 'VASQUEZ', '2022-09-05 16:25:06'),
(1202, '48015973', 'KAROL KATHLEEN', 'FLORES', 'TRINIDAD', '2022-09-05 16:27:52'),
(1203, '74884955', 'YUELMA ANALI', 'GUARDIAN', 'SOTO', '2022-09-05 16:29:36'),
(1204, '60996812', 'MIRLA MARISOL', 'ZAGACETA', 'SAAVEDRA', '2022-09-05 16:29:46'),
(1205, '48348260', 'YOEL JUVENAL', 'PRESENTACION', 'LOPEZ', '2022-09-05 16:30:27'),
(1206, '71961467', 'JASMITH', 'IZARRA', 'ROMERO', '2022-09-05 16:32:26'),
(1207, '60235755', 'FELIX JEAMPIEER', 'GOMEZ', 'SAAVEDRA', '2022-09-05 16:32:44'),
(1208, '74069950', 'QUESLY FRITHNAY', 'ESPINOZA', 'OBREGON', '2022-09-05 16:34:45'),
(1209, '75005052', 'YDENY ROCIO', 'VILCA', 'SANTILLAN', '2022-09-05 16:34:57'),
(1210, '61839054', 'ANDRES', 'PINEDO', 'RUIZ', '2022-09-05 16:36:04'),
(1211, '75965555', 'JHEAN CARLOS', 'SERPA', 'RAMIREZ', '2022-09-05 16:36:57'),
(1212, '76149562', 'JEMINA', 'MALLQUI', 'CERRUTTI', '2022-09-05 16:37:48'),
(1213, '70495230', 'JHEAN ANGEL', 'AVILA', 'VASQUEZ', '2022-09-05 16:37:56'),
(1214, '74951412', 'WILLIAM JESUS', 'NAJAR', 'BRITTO', '2022-09-05 16:38:57'),
(1215, '75425903', 'YAMILE HALEY', 'CALVAY', 'VASQUEZ', '2022-09-05 16:41:32'),
(1216, '72309422', 'MILAGROS', 'RODRIGUEZ', 'SORIA', '2022-09-05 16:42:13'),
(1217, '60009694', 'ROSMERY', 'AQUINO', 'VENANCIO', '2022-09-05 16:43:56'),
(1218, '44521778', 'ANGEL GUSTAVO', 'SALAZAR', 'CABELLO', '2022-09-05 16:44:01'),
(1219, '75979018', 'ADALIZBETH LEISHA', 'SALVADOR', 'MARTEL', '2022-09-05 16:44:25'),
(1220, '71637003', 'MELINA', 'TARAZONA', 'SOTO', '2022-09-05 16:44:37'),
(1221, '61544306', 'FERNANDO', 'FALCON', 'QUISPE', '2022-09-05 16:47:34'),
(1222, '73584356', 'YULISA JANET', 'AMBICHO', 'MEGO', '2022-09-05 16:48:57'),
(1223, '62575007', 'LUZ GEORGINA', 'CLAUDIO', 'MORI', '2022-09-05 16:49:25'),
(1224, '74077193', 'MAURICIA', 'CHARRE', 'MERCEDES', '2022-09-05 16:49:29'),
(1225, '77478674', 'LUIS ELISEO', 'SATALAYA', 'TALEXIO', '2022-09-05 16:49:51'),
(1226, '73437462', 'CHANTAL ELIAN', 'DIONICIO', 'LLANTO', '2022-09-05 16:51:03'),
(1227, '76245822', 'FIORELA ROCIO', 'TAPULLIMA', 'LLANCO', '2022-09-05 16:51:32'),
(1228, '71008393', 'LEONID MILTHON', 'GUIDO', 'ROMERO', '2022-09-05 16:52:00'),
(1229, '76794399', 'ELEAZAR JOSEB', 'PACHECO', 'MIGUEL', '2022-09-05 16:52:09'),
(1230, '60087874', 'LESLIE DANIELA', 'BENITES', 'SALAZAR', '2022-09-05 16:53:01'),
(1231, '72556724', 'KAREN ALINA', 'PAREDES', 'AREVALO', '2022-09-05 16:53:12'),
(1232, '60534425', 'ELMER', 'CHINCHUYA', 'AUGUSTO', '2022-09-05 16:53:55'),
(1233, '73388841', 'ESTHER ESTEFANIA', 'CONDEZO', 'ESTEBAN', '2022-09-05 16:54:19'),
(1234, '74164164', 'YELICA ANDREA', 'BASILIO', 'GOMEZ', '2022-09-05 16:55:22'),
(1235, '72318422', 'JEAN CARLOS', 'FERNANDEZ', 'TRUJILLO', '2022-09-05 16:55:50'),
(1236, '76364782', 'MAVILA JOSELIN', 'BRAVO', 'CLAUDIO', '2022-09-05 16:57:25'),
(1237, '76442587', 'GABRIEL ANGEL', 'GONZALES', 'DAVILA', '2022-09-05 16:57:55'),
(1238, '48850227', 'REYNA DESIREE', 'CABANILLAS', 'REYES', '2022-09-05 16:58:57'),
(1239, '46809482', 'OSHIN NOELIA', 'MENDOZA', 'DOROTEO', '2022-09-05 16:59:07'),
(1240, '71303767', 'SONIA', 'FLORES', 'DIEGO', '2022-09-05 17:00:55'),
(1241, '75925649', 'NELIA OLINDA', 'ISIDRO', 'LUCAS', '2022-09-05 17:02:05'),
(1242, '60490993', 'VIRGINIA', 'CLEMENTE', 'RAYMUNDO', '2022-09-05 17:03:07'),
(1243, '78375342', 'BRAULIO RANDHY', 'CONDEZO', 'ESCALANTE', '2022-09-05 17:03:09'),
(1244, '46878715', 'LIZ GEORYETTS', 'GOMEZ', 'SANCHEZ', '2022-09-05 17:04:33'),
(1245, '61651176', 'JHOSELIN', 'YUIMACHI', 'CHAVEZ', '2022-09-05 17:05:05'),
(1246, '75892499', 'SAMUEL', 'HUERTA', 'SHUAN', '2022-09-05 17:06:22'),
(1247, '43103533', 'GINA MARY', 'VARGAS', 'TELLO', '2022-09-05 17:07:07'),
(1248, '75555233', 'MIRIAM', 'PASCUAL', 'GONZALES', '2022-09-05 17:08:41'),
(1249, '76012085', 'KELY ROSITA', 'CABELLO', 'CABRERA', '2022-09-05 17:09:17'),
(1250, '77798918', 'ANDERSON DANILO', 'RODRIGUEZ', 'DURAN', '2022-09-05 17:10:38'),
(1251, '74543534', 'YELITZA ANGELUZ', 'ESPINOZA', 'ISLA', '2022-09-05 17:11:41'),
(1252, '73194139', 'JACKELIN ALMENDRA', 'DEL AGUILA', 'ESQUIVEL', '2022-09-05 17:13:02'),
(1253, '75878355', 'SHEYLA ROCIO', 'SERAFIN', 'YLDEFONCIO', '2022-09-05 17:13:22'),
(1254, '75952066', 'YULIÑO', 'HERRERA', 'FRETEL', '2022-09-05 17:14:33'),
(1255, '77685147', 'MAGALY', 'ZUÑIGA', 'CRIOLLO', '2022-09-05 17:14:38'),
(1256, '70428112', 'ALESSANDRA TABHITA', 'GARCIA', 'CARDENAS', '2022-09-05 17:15:14'),
(1257, '72093394', 'JUAN CARLOS', 'ALCANTARA', 'RESURRECCION', '2022-09-05 17:17:28'),
(1258, '71503064', 'SAMANTHA YHARA', 'ALCEDO', 'ALBORNOZ', '2022-09-05 17:19:05'),
(1259, '78460769', 'MARIA INES', 'ECHEVARRIA', 'SIMON', '2022-09-05 17:23:17'),
(1260, '74878154', 'MARIELA SARITA', 'MOSQUERA', 'SANTILLAN', '2022-09-05 17:24:07'),
(1261, '72039804', 'HELEN MELINA', 'HARO', 'MELGAREJO', '2022-09-05 17:24:59'),
(1262, '74880293', 'MELVITH FELISA', 'GUARDIAN', 'SOTO', '2022-09-05 17:25:02'),
(1263, '77052836', 'MARICIELO BRIGITH', 'HUAMAN', 'GUEVARA', '2022-09-05 17:26:36'),
(1264, '75616104', 'ELIAZID JAMPIER', 'AMBICHO', 'INDIGOYEN', '2022-09-05 17:27:18'),
(1265, '48078995', 'BILLY JOEL', 'FUSTER', 'BURGOS', '2022-09-05 17:28:02'),
(1266, '72262804', 'EDWIN EVER', 'VASQUEZ', 'LLATAS', '2022-09-05 17:30:42'),
(1267, '73183175', 'FLOR', 'UZURIAGA', 'CUDEÑA', '2022-09-05 17:36:00'),
(1268, '73569649', 'ALEXIS ZAIR', 'CABRERA', 'ARBILDO', '2022-09-05 17:36:52'),
(1269, '72370799', 'JOHANY DANIEL', 'HOYOS', 'RAMIREZ', '2022-09-05 17:38:09'),
(1270, '75337622', 'HAMIL FRELL', 'AROSTEGUI', 'ORTEGA', '2022-09-05 17:39:02'),
(1271, '60724110', 'OLIVER KENYI', 'OLORTIN', 'CHOGA', '2022-09-05 17:41:15'),
(1272, '73598783', 'PILAR ANTONIA', 'RUIZ', 'VIDAL', '2022-09-05 17:42:14'),
(1273, '62370512', 'ROSAURA', 'RODRIGUEZ', 'CASALLA', '2022-09-05 17:42:32'),
(1274, '42446289', 'RUTH MARGARITA', 'SOTO', 'SANCHEZ', '2022-09-05 17:42:45'),
(1275, '76224273', 'HONCLIN YOVANI', 'BETETA', 'CALERO', '2022-09-05 17:43:24'),
(1276, '73246958', 'LESLY YARITZA', 'FERNANDEZ', 'RAMOS', '2022-09-05 17:44:27'),
(1277, '74173075', 'JEFERSON KEVIN', 'ABAD', 'PAJUELO', '2022-09-05 17:46:55'),
(1278, '75522786', 'NILDA', 'GOMEZ', 'CERDEIRA', '2022-09-05 17:47:47'),
(1279, '47570105', 'SHIRLEY LIA', 'ROMERO', 'RIVERA', '2022-09-05 17:47:53'),
(1280, '77212403', 'MARY CRISTINA', 'VELA', 'YUYARIMA', '2022-09-05 17:49:33'),
(1281, '72093395', 'ROSA MARIA', 'ALCANTARA', 'RESURRECCION', '2022-09-05 17:51:42'),
(1282, '71308113', 'ARACELI ASTRID', 'SALAZAR', 'PLACIDO', '2022-09-05 17:51:53'),
(1283, '75374030', 'JOSE JEANPIERRE', 'CASTAÑEDA', 'CECILIO', '2022-09-05 17:58:15'),
(1284, '75234883', 'SALLY YOSELIN', 'PORTOCARRERO', 'TANANTA DE TANANTA', '2022-09-05 18:07:41'),
(1285, '71740975', 'XIOMARA GIULIANA VALENTINA', 'FARFAN', 'RAMOS', '2022-09-05 18:10:20'),
(1286, '76173063', 'EVELYN NAYLI', 'BARRUETA', 'TRINIDAD', '2022-09-05 18:11:05'),
(1287, '60737670', 'JOSELYN EPIFANIA', 'ROJAS', 'PEZO', '2022-09-05 18:13:38'),
(1288, '74392612', 'JUAN JOSUE', 'NORIA', 'COLLASO', '2022-09-05 18:20:02'),
(1289, '77797945', 'INGRID ESMERALDA', 'PALOMINO', 'SARABIA', '2022-09-05 18:26:23'),
(1290, '75867203', 'RENZO ANDREY', 'CONDORI', 'SANTOS', '2022-09-05 18:28:31'),
(1291, '74647315', 'LUZ JHAJAIRA', 'GALLARDO', 'ESTACIO', '2022-09-05 18:29:30'),
(1292, '74388496', 'BRAYAN GUSTAVO', 'VARA', 'GOMEZ', '2022-09-05 18:30:50'),
(1293, '75188395', 'KALIESKA ESTHER', 'FLORES', 'SHAHUANO', '2022-09-05 18:31:32');
INSERT INTO `personas` (`idPersona`, `dniPersona`, `nombresPersona`, `apellidoPaternoPersona`, `apellidoMaternoPersona`, `fechaRegistro`) VALUES
(1294, '72926050', 'HECTOR BRAYAN', 'ESPINOZA', 'DIAZ', '2022-09-05 18:32:03'),
(1295, '62259871', 'ELIZABETH TANIA', 'JUSTO', 'RETIS', '2022-09-05 18:32:12'),
(1296, '45963211', 'GIOVANA RUBI', 'VASQUEZ', 'MOZOMBITE', '2022-09-05 18:36:22'),
(1297, '76097213', 'RONY NIBER', 'MASGO', 'ESPINOZA', '2022-09-05 18:37:42'),
(1298, '75827398', 'RENZO MARTIN', 'TOLEDO', 'MEDRANO', '2022-09-05 18:38:29'),
(1299, '74167587', 'YOSSELI YOLANDA', 'BEDOYA', 'ESPINOZA', '2022-09-05 18:40:36'),
(1300, '40743356', 'GETER ADIEL', 'PALOMINO', 'COZ', '2022-09-05 18:40:44'),
(1301, '76820193', 'NURIA', 'CENEPO', 'FASABI', '2022-09-05 18:45:09'),
(1302, '75855489', 'EULER HARLEN', 'FASANANDO', 'DAVILA', '2022-09-05 18:47:15'),
(1303, '76848801', 'FRANK JACK', 'CUPERTINO', 'ROQUE', '2022-09-05 18:47:36'),
(1304, '74596672', 'CARMEN YOBALDINA', 'CIPRIANO', 'JUSTO', '2022-09-05 18:50:46'),
(1305, '78971063', 'SEBASTIAN EDINSON', 'COLLAZOS', 'ALVARADO', '2022-09-05 18:51:44'),
(1306, '77322551', 'SCARLET PATRICIA', 'ARIMUYA', 'RODRIGUEZ', '2022-09-05 18:52:14'),
(1307, '74913407', 'KELLYFER ANGELINE', 'AQUINO', 'PRIMO', '2022-09-05 18:53:09'),
(1308, '77503322', 'FLOR LAYDA', 'POLINAR', 'RIVERA', '2022-09-05 18:53:27'),
(1309, '46102557', 'NICOOL', 'TANGOA', 'VILCHEZ', '2022-09-05 18:55:36'),
(1310, '72919354', 'ANGIELA LUCERO', 'ORE', 'HINOSTROZA', '2022-09-05 18:57:18'),
(1311, '75725780', 'LISVIA YANIDA', 'ATANACIO', 'RIVERA', '2022-09-05 18:58:22'),
(1312, '73635799', 'LUIS ANGEL', 'BERROSPI', 'FALCON', '2022-09-05 19:00:17'),
(1313, '60591059', 'KAROLAY MABEL', 'ACOSTA', 'CARDENAS', '2022-09-05 19:02:07'),
(1314, '77665200', 'VICTORIA ANTONE', 'PALOMINO', 'PELAEZ', '2022-09-05 19:04:09'),
(1315, '76263200', 'CAMILA TATIANA', 'REYNA', 'PEZO', '2022-09-05 19:05:30'),
(1316, '74361142', 'FRANCISCA', 'LEANDRO', 'AGUIRRE', '2022-09-05 19:06:21'),
(1317, '76149715', 'JULY MAVEL', 'HUAMAN', 'ENCARNACION', '2022-09-05 19:10:13'),
(1318, '75579643', 'MELANY LUCIANA', 'QUINTANA', 'SANDOVAL', '2022-09-05 19:10:43'),
(1319, '72405280', 'AYDE', 'ASTUPIÑAN', 'VILLANUEVA', '2022-09-05 19:11:04'),
(1320, '75692208', 'ARNOLD FRANKLIN', 'EVARISTO', 'CIRIACO', '2022-09-05 19:11:42'),
(1321, '75860982', 'JOSSY YADHIRA', 'VASQUEZ', 'DE BRITO', '2022-09-05 19:14:27'),
(1322, '73036731', 'JAQUELIN ANDREA', 'ALVAREZ', 'LUSTRE', '2022-09-05 19:19:21'),
(1323, '46076188', 'LAURA', 'ADRIANO', 'ANDRES', '2022-09-05 19:23:16'),
(1324, '73660695', 'ARNOLD', 'SABINO', 'ALANIA', '2022-09-05 19:24:14'),
(1325, '71572286', 'ADERLI JUNIOR', 'CIERTO', 'TIBURCIO', '2022-09-05 19:25:15'),
(1326, '90080653', 'DENIS DAVID', 'YARAME', 'RIOS', '2022-09-05 19:27:09'),
(1327, '77659349', 'YAMELY VALERY', 'VERDE', 'ROSADO', '2022-09-05 19:29:53'),
(1328, '63060758', 'TANIA SOLEDAD', 'RAFAELO', 'TRUJILLO', '2022-09-05 19:31:06'),
(1329, '60949028', 'JOSE ANTONIO', 'CECILIO', 'HUERTA', '2022-09-05 19:32:48'),
(1330, '77066660', 'DARLA YANELY', 'PEREZ', 'HUAMAN', '2022-09-05 19:33:08'),
(1331, '63369448', 'ADRIAN', 'RODRIGUEZ', 'AGUSTIN', '2022-09-05 19:33:45'),
(1332, '76870687', 'CESIA FLOR', 'PANDURO', 'ISMINIO', '2022-09-05 19:33:58'),
(1333, '72150925', 'MIRIAM LEIDY', 'EUGENIO', 'TOLENTINO', '2022-09-05 19:37:00'),
(1334, '47845156', 'MARIELLA DEL PILAR', 'PICON', 'CASTRO', '2022-09-05 19:38:17'),
(1335, '77312180', 'ANGGY TAMARA', 'TELLO', 'RUIZ', '2022-09-05 19:40:00'),
(1336, '72025236', 'BRAYAM JOSUE', 'VILLOGAS', 'EVANGELISTA', '2022-09-05 19:43:41'),
(1337, '47830908', 'JAKELINE', 'PONCE', 'SALAS', '2022-09-05 19:44:42'),
(1338, '76922985', 'YANELY', 'ABAD', 'CARLOS', '2022-09-05 19:45:41'),
(1339, '70943950', 'KAREN GISSEL', 'SIFUENTES', 'LOPEZ', '2022-09-05 19:46:01'),
(1340, '75238887', 'EDWAR LUIS', 'LAVI', 'HOYOS', '2022-09-05 19:47:25'),
(1341, '60949004', 'MONICA PAOLA', 'GONZALES', 'SALAZAR', '2022-09-05 19:47:34'),
(1342, '73593483', 'RODOLFO RAUL', 'SANTIAGO', 'SOSA', '2022-09-05 19:47:42'),
(1343, '73581948', 'DERICK LUYN', 'FERNANDEZ', 'AMANCIO', '2022-09-05 19:47:55'),
(1344, '75824582', 'GRICEL NAYELI', 'SANTOS', 'COÑEZ', '2022-09-05 19:50:28'),
(1345, '74979787', 'ALFREDO WALTER', 'LEON', 'ALCANTARA', '2022-09-05 19:51:41'),
(1346, '74915754', 'BETSAIDA ANAI', 'ESPINOZA', 'SALVADOR', '2022-09-05 19:51:54'),
(1347, '48671620', 'ENEL', 'GABRIEL', 'APONTE', '2022-09-05 19:54:32'),
(1348, '71660935', 'GANDY NOELITH', 'CHUJUTALLI', 'LINARES', '2022-09-05 19:54:36'),
(1349, '71777788', 'MARCELA ANTHONELLY', 'AREVALO', 'SALDAÑA', '2022-09-05 19:56:10'),
(1350, '73957464', 'JAHAYRA ELENA', 'AGÜERO', 'FLORES', '2022-09-05 19:56:18'),
(1351, '72546880', 'SAULO RENATO', 'PANDURO', 'RUIZ', '2022-09-05 20:00:09'),
(1352, '75397058', 'BETSY LEOCADIA', 'RODRIGUEZ', 'MAGIN', '2022-09-05 20:02:02'),
(1353, '74221316', 'LUZ YENNY', 'CIPRIANO', 'HUAMAN', '2022-09-05 20:02:36'),
(1354, '71698163', 'KERRY JORGE', 'VILLACORTA', 'SANTIAGO', '2022-09-05 20:03:22'),
(1355, '74765963', 'MAYELI ALEJANDRA', 'POVES', 'SOLIS', '2022-09-05 20:04:44'),
(1356, '63145178', 'BRIT', 'NARVAES', 'LOYOLA', '2022-09-05 20:05:12'),
(1357, '76802948', 'ALEXANDER CRISTOPHER', 'LEIVA', 'VARGAS', '2022-09-05 20:05:54'),
(1358, '75422916', 'JUNIOR EFRAIN', 'CONDE', 'MENDOZA', '2022-09-05 20:07:34'),
(1359, '74937024', 'ROSMERY', 'SANTA CRUZ', 'FERNANDEZ', '2022-09-05 20:08:31'),
(1360, '76050939', 'MATILDE', 'TUANAMA', 'PINEDO', '2022-09-05 20:09:30'),
(1361, '76811931', 'GIOVANNE ELBER', 'TOLENTINO', 'RAMIREZ', '2022-09-05 20:09:58'),
(1362, '78716528', 'DAVID VIDAL', 'VASQUEZ', 'VILLANUEVA', '2022-09-05 20:12:05'),
(1363, '76935646', 'KAREN ESPERANZA', 'HUAMAN', 'SOLORZANO', '2022-09-05 20:14:38'),
(1364, '74938158', 'HERLIN DAVID', 'VENTURA', 'ADRIAN', '2022-09-05 20:14:40'),
(1365, '76477902', 'MARGARITA ISABEL', 'MEDINA', 'HUAMAN', '2022-09-05 20:15:40'),
(1366, '71306373', 'CARMEN', 'RAMIREZ', 'RIVERA', '2022-09-05 20:17:49'),
(1367, '72793387', 'VILA ELKA', 'CACHIQUE', 'SANCHEZ', '2022-09-05 20:18:08'),
(1368, '60468018', 'NAYELI', 'ZUÑIGA', 'GUERRERO', '2022-09-05 20:18:48'),
(1369, '77047754', 'MARCO ANTONIO', 'JUSTINIANO', 'DOROTEO', '2022-09-05 20:19:51'),
(1370, '77793920', 'EMILDINA', 'LUJAN', 'SOLORZANO', '2022-09-05 20:20:30'),
(1371, '76318960', 'SHEYLA EVILUZ', 'RAYMUNDO', 'SABINO', '2022-09-05 20:20:52'),
(1372, '62103367', 'ELIZABETH', 'PONCE', 'AYRA', '2022-09-05 20:20:59'),
(1373, '63692341', 'RUTH KAREN', 'SAAVEDRA', 'GOYZUETA', '2022-09-05 20:21:47'),
(1374, '71303930', 'KENIN ISIDORO', 'GONZALES', 'MAIZ', '2022-09-05 20:22:09'),
(1375, '76289876', 'BRENDA BRIZETH', 'GRANDEZ', 'PEREZ', '2022-09-05 20:23:10'),
(1376, '75127047', 'JAMEZ JUNIOR', 'TARICUARIMA', 'GARAY', '2022-09-05 20:30:26'),
(1377, '71740981', 'MILAGROS NELIDA', 'GUARDIA', 'VALVERDE', '2022-09-05 20:36:19'),
(1378, '62969315', 'BELVI LESMIT', 'CAHUAZA', 'NUÑEZ', '2022-09-05 20:38:00'),
(1379, '73937486', 'YUMMY LUCERO', 'ISIDRO', 'PONCIANO', '2022-09-05 20:38:28'),
(1380, '74697442', 'KARINA MAGNA', 'GONZALES', 'MAIZ', '2022-09-05 20:39:24'),
(1381, '76238493', 'EDINSON PIERO', 'RAMOS', 'TUESTA', '2022-09-05 20:43:23'),
(1382, '74572443', 'ASTRID NIREY', 'MARTIN', 'ASENCIO', '2022-09-05 20:44:33'),
(1383, '63363817', 'ROCIO DEL PILAR', 'MOENA', 'GONZALES', '2022-09-05 20:46:51'),
(1384, '73754715', 'ANGELY FIORELA', 'COMETIVOS', 'CARDOZO', '2022-09-05 20:47:00'),
(1385, '73790411', 'DAXIER MAX', 'PEÑA', 'VASQUEZ', '2022-09-05 20:50:26'),
(1386, '62493799', 'MARIA ELENA', 'AHUANARI', 'CAHUAZA', '2022-09-05 20:50:40'),
(1387, '74577647', 'GIULIANNA JUANITA', 'ROJAS', 'CAMACHO', '2022-09-05 20:51:22'),
(1388, '76674679', 'CRISTINA TAMARA', 'TRUJILLO', 'SALDAÑA', '2022-09-05 20:51:30'),
(1389, '75554173', 'DIANA STHEFANY', 'ESTRADA', 'VARGAS', '2022-09-05 20:52:29'),
(1390, '44587714', 'ELSA MARGARITA', 'HUAYTAN', 'GRANDEZ', '2022-09-05 20:54:50'),
(1391, '75777880', 'DANNY THALIA', 'CEGARRA', 'RENGIFO', '2022-09-05 20:58:46'),
(1392, '60232516', 'KAROL IVETH', 'PINEDO', 'ISUIZA', '2022-09-05 21:00:31'),
(1393, '61699823', 'ANGEL JHORCAEL', 'HUAMAN', 'AGUIRRE', '2022-09-05 21:05:41'),
(1394, '62780101', 'CHRISTOFER RANDAL', 'CELIS', 'VASQUEZ', '2022-09-05 21:07:17'),
(1395, '74946010', 'YANET', 'TOLEDO', 'FERNANDEZ', '2022-09-05 21:07:41'),
(1396, '71578757', 'YUDITH JHONALY', 'CABANILLAS', 'RUMALDO', '2022-09-05 21:09:40'),
(1397, '77342748', 'NEIVA NEBLI', 'CAMPOS', 'CAMARA', '2022-09-05 21:10:01'),
(1398, '76915231', 'GINA MILENE', 'MENDOZA', 'SILVESTRE', '2022-09-05 21:10:52'),
(1399, '77054202', 'LUZ KARINA', 'AQUINO', 'HUERTA', '2022-09-05 21:11:04'),
(1400, '60108105', 'RUTH JOSSELIN', 'FALCON', 'ESPINOZA', '2022-09-05 21:13:49'),
(1401, '62354733', 'RUTH NATALY', 'BONIFACIO', 'ABAD', '2022-09-05 21:14:48'),
(1402, '77476574', 'YANELI ANGELA', 'ROSALES', 'ORTEGA', '2022-09-05 21:15:02'),
(1403, '72907141', 'FRESIA SHASHENKA', 'VELA', 'DEL CASTILLO', '2022-09-05 21:18:33'),
(1404, '71627065', 'YOCINDER', 'AGUIRRE', 'LIBERATO', '2022-09-05 21:20:31'),
(1405, '63221862', 'HAMIRA GABRIELA', 'NINA', 'ZEVALLOS', '2022-09-05 21:22:04'),
(1406, '76069044', 'JHON MARCOS', 'AGURTO', 'CCUNO', '2022-09-05 21:24:23'),
(1407, '74936821', 'NSIHDIL YONDIL', 'DOMINGUEZ', 'ZEVALLOS', '2022-09-05 21:25:50'),
(1408, '73594065', 'LUZMILA', 'VALDIZAN', 'TRUJILLO', '2022-09-05 21:30:45'),
(1409, '71630921', 'SINTIA', 'SALVADOR', 'VEDIA', '2022-09-05 21:34:25'),
(1410, '61627142', 'GERARDO MELQUISIDETH', 'MORI', 'RENGIFO', '2022-09-05 21:38:48'),
(1411, '73789136', 'JACKELINE JISSENIA', 'FERNANDEZ', 'BAUTISTA', '2022-09-05 21:38:53'),
(1412, '74593800', 'SHEYLLA LILIANY', 'GAMARRA', 'CUSTODIO', '2022-09-05 21:40:58'),
(1413, '72120406', 'MAYUMI', 'ESTEBAN', 'SANTIAGO', '2022-09-05 21:41:52'),
(1414, '74364877', 'HAYDEE VALERIA', 'CRISTOBAL', 'REGIN', '2022-09-05 21:44:57'),
(1415, '70223892', 'KEVIN MARCOS', 'MILLA', 'MORALES', '2022-09-05 21:45:25'),
(1416, '79052574', 'ISABEL SAMIRA', 'ITURRE', 'YALI', '2022-09-05 21:45:58'),
(1417, '71304010', 'SILVIA', 'ESPINOZA', 'RAMIREZ', '2022-09-05 21:47:49'),
(1418, '75900272', 'KELLY', 'QUISPE', 'JAUNI', '2022-09-05 21:54:26'),
(1419, '61343757', 'MANUEL', 'VALDIVIA', 'RICOPA', '2022-09-05 21:58:07'),
(1420, '75485388', 'JOSIAS ALBERTO', 'RIVERA', 'CHI', '2022-09-05 21:59:50'),
(1421, '60755887', 'JEYSI TATIANA', 'RODRIGUEZ', 'GONZALES', '2022-09-05 22:01:13'),
(1422, '75277960', 'YUDITH', 'VALVERDE', 'CHACON', '2022-09-05 22:03:42'),
(1423, '74426860', 'KELY KARINA', 'ALBORNOZ', 'ABAD', '2022-09-05 22:06:23'),
(1424, '61307569', 'WINNY SHESIRA', 'GUTIERREZ', 'CALERO', '2022-09-05 22:06:46'),
(1425, '76054401', 'YANELA MILAGROS', 'INGA', 'SIMON', '2022-09-05 22:07:31'),
(1426, '75984549', 'JIMENA', 'JAIMES', 'OLIVAS', '2022-09-05 22:14:57'),
(1427, '75465356', 'BETSABE LIZ', 'LEANDRO', 'DOCTO', '2022-09-05 22:17:45'),
(1428, '60845230', 'SAYURI SORAYA', 'VASQUEZ', 'MERCADO', '2022-09-05 22:27:04'),
(1429, '60218757', 'TANIA', 'MORALES', 'DAZA', '2022-09-05 22:27:21'),
(1430, '70625096', 'SAIDA YAQUI', 'ESPINOZA', 'SALVADOR', '2022-09-05 22:29:34'),
(1431, '74691860', 'EDUAR', 'GERONIMO', 'CORNELIO', '2022-09-05 22:31:40'),
(1432, '71306366', 'JEAN ANTHONY', 'ABAD', 'MONTECINO', '2022-09-05 22:32:58'),
(1433, '74765957', 'IRIS ELENIT', 'SOTO', 'LOPEZ', '2022-09-05 22:33:03'),
(1434, '72287872', 'YESSENIA EDISA', 'ASENCIOS', 'BRAVO', '2022-09-05 22:38:38'),
(1435, '76008799', 'ERICK PASCUAL', 'MANAYAY', 'LUCERO', '2022-09-05 22:42:37'),
(1436, '74617763', 'WILMER', 'ALEJO', 'CÁMARA', '2022-09-05 22:43:13'),
(1437, '74983742', 'JOVER ANDRES', 'DOMINGUEZ', 'DOLORES', '2022-09-05 22:47:19'),
(1438, '47966790', 'JHONATAN FREYBER', 'ALVINO', 'ROJAS', '2022-09-05 22:52:33'),
(1439, '74040538', 'JUDITH SHERALY', 'HERRERA', 'ESTELA', '2022-09-05 23:00:46'),
(1440, '40553046', 'HILDA DEL PILAR', 'ESTRADA', 'GARCIA', '2022-09-05 23:03:06'),
(1441, '61928124', 'YAMELIN ELIZABETH', 'VILCA', 'UGARTE', '2022-09-05 23:04:15'),
(1442, '72213010', 'VICTOR RAUL', 'ESTRADA', 'REYES', '2022-09-05 23:04:51'),
(1443, '46961147', 'ROSARIO DEL PILAR', 'DAVILA', 'MOTTA', '2022-09-05 23:06:30'),
(1444, '77169812', 'ENA MARIA', 'PANDURO', 'YUMBATO', '2022-09-05 23:06:59'),
(1445, '71919431', 'HUGO JARED', 'DOMINGUEZ', 'PEDRAZA', '2022-09-05 23:09:00'),
(1446, '75178015', 'RONALDINHO', 'HILARIO', 'GOMEZ', '2022-09-05 23:12:11'),
(1447, '47351871', 'MARGARITA', 'AMBROCIO', 'ENRIQUE', '2022-09-05 23:12:54'),
(1448, '70773894', 'BRENDA VERONICA', 'PEREZ', 'TARICUARIMA', '2022-09-05 23:17:23'),
(1449, '61122879', 'BEDER', 'BARDALES', 'SANCHEZ', '2022-09-05 23:17:24'),
(1450, '71572346', 'KATTY', 'FLORES', 'ISUIZA', '2022-09-05 23:18:06'),
(1451, '48691393', 'LOURDES YESENIA', 'CUBA', 'ANASTACIO', '2022-09-05 23:20:01'),
(1452, '75226564', 'LEONOR FABIOLA', 'ZAMBRANO', 'LUCERO', '2022-09-05 23:22:32'),
(1453, '73992762', 'ISABEL', 'PONCE', 'SACRAMENTO', '2022-09-05 23:26:21'),
(1454, '47400601', 'KEVIN', 'APOLINARIO', 'MOZOMBITE', '2022-09-05 23:28:14'),
(1455, '75015369', 'LUZMILA', 'ROJAS', 'LINO', '2022-09-05 23:31:15'),
(1456, '79318521', 'MARIE ESTHER', 'YARAME', 'RIOS', '2022-09-05 23:33:02'),
(1457, '61808185', 'MEYLIN NAOMI', 'REATEGUI', 'RODRIGUEZ', '2022-09-05 23:37:39'),
(1458, '74950593', 'JHERLY SAMIRA', 'CAMPOS', 'BRICEÑO', '2022-09-05 23:39:37'),
(1459, '77407717', 'ASTRIHT KAROLAY', 'PALPAN', 'ORNETA', '2022-09-05 23:41:25'),
(1460, '74501138', 'JEANPIERRE THOMAS', 'HUETE', 'ROJAS', '2022-09-05 23:59:17'),
(1461, '74135569', 'GRIMANESA', 'RAYMUNDO', 'GALVEZ', '2022-09-06 00:01:38'),
(1462, '73815919', 'AARON RONALDO', 'PACHECO', 'ORTEGA', '2022-09-06 00:05:57'),
(1463, '71305880', 'NOHELIA THALIA', 'ZAMBRANO', 'CAJAS', '2022-09-06 00:07:11'),
(1464, '20064237', 'PERCY LUIS', 'POMA', 'LOAYZA', '2022-09-06 00:12:50'),
(1465, '77177685', 'IZUMI YOSHELIN', 'URBANO', 'ALEJO', '2022-09-06 00:21:42'),
(1466, '77539108', 'FREDI GLINGER', 'NOREÑA', 'HUERTA', '2022-09-06 00:24:01'),
(1467, '60510664', 'MARIA RAQUEL', 'PICON', 'AGAMA', '2022-09-06 00:24:05'),
(1468, '60316193', 'MERLITH SARELY', 'CAMPOS', 'MENDOZA', '2022-09-06 00:25:05'),
(1469, '75308064', 'LUZ CLARITA', 'FIGUEREDO', 'VILLAR', '2022-09-06 15:29:22'),
(1470, '74367406', 'ELIZABETH ISABEL', 'SOTO', 'MENDOZA', '2022-09-06 19:56:14'),
(1471, '73906810', 'MAYLI NAYELI', 'CHAMORRO', 'SIMON', '2022-09-06 22:53:19'),
(1472, '77392270', 'NAYELI YOSSELI', 'GARAY', 'ORDOÑEZ', '2022-09-07 14:14:00'),
(1473, '75878352', 'JEZLIAS AARON', 'CECILIO', 'LOZANO', '2022-09-07 16:26:42'),
(1474, '72115403', 'ANGELICA MARIA', 'TALANCHA', 'LOYOLA', '2022-09-07 17:05:43'),
(1475, '48121136', 'ISABETH', 'JUIPA', 'LORENZO', '2022-09-07 20:28:59'),
(1476, '45252095', 'LJUBICA', 'QUIÑONEZ', 'GOMEZ', '2022-09-07 20:32:05'),
(1477, '76879365', 'FIORELA', 'VALENTIN', 'MORALES', '2022-09-07 21:56:03'),
(1478, '75675933', 'CELIA', 'CARBAJAL', 'GOMEZ', '2022-09-07 21:56:20'),
(1479, '71892452', 'FREDDY BRAYAN', 'LOPEZ', 'VARA', '2022-09-07 22:46:08'),
(1480, '75347386', 'BEATRIZ STACY', 'ALVAREZ', 'RAMIREZ', '2022-09-08 13:44:12'),
(1481, '75169475', 'KATY', 'GOBEA', 'CARMEN', '2022-09-08 13:46:26'),
(1482, '71926029', 'ANGELINA', 'CALIXTO', 'BARRIONUEVO', '2022-09-08 13:47:59'),
(1483, '74990485', 'LUZ AVENCIA', 'HILARIO', 'FUENTES', '2022-09-08 13:50:05'),
(1484, '74931595', 'JHOANELY', 'ISIDRO', 'ALVA', '2022-09-08 13:51:13'),
(1485, '48337044', 'LUCERO INES', 'ORIZANO', 'AGUIRRE', '2022-09-08 13:59:00'),
(1486, '70333597', 'MARILIN YESDELY', 'ANTONIO', 'CABRERA', '2022-09-08 14:01:50'),
(1487, '76031244', 'YESLINDA', 'GUERRA', 'BARRIOS', '2022-09-08 14:03:17'),
(1488, '46126036', 'DORIS LUCILA', 'EXALTACION', 'PAREDES', '2022-09-08 14:05:34'),
(1489, '76594431', 'OLINDA', 'FALCON', 'GARAY', '2022-09-08 14:14:34'),
(1490, '76938432', 'LUIS ENRIQUE', 'RAMOS', 'SOTO', '2022-09-09 16:11:33'),
(1491, '40269050', 'ELGA KAROL', 'DOLORES', 'CABRERA', '2022-09-09 20:56:08'),
(1492, '71306407', 'MIRIAM', 'PEREZ', 'SANDOVAL', '2022-09-09 21:04:48'),
(1493, '74562322', 'MELIZA EDITH', 'LEON', 'RAMIREZ', '2022-09-09 21:05:48'),
(1494, '46833316', 'GRECI', 'ROMERO', 'MATIAS', '2022-09-09 21:30:50'),
(1495, '71892415', 'ZULEMA CELITA', 'MODESTO', 'PAJUELO', '2022-09-09 22:52:51'),
(1496, '72165262', 'ASTRID ARIANA', 'ZEVALLOS', 'SHUPINGAHUA', '2022-09-12 17:21:09'),
(1497, '72755199', 'LIZBETH ROCIO', 'CHAGUA', 'HINOSTROZA', '2022-09-12 18:02:32'),
(1498, '72631523', 'ESTEPHANY JULIETH', 'RENGIFO', 'GARCIA', '2022-09-12 22:00:15'),
(1499, '76350569', 'KEVIN', 'DAVILA', 'ORDOÑEZ', '2022-09-12 23:35:33');

-- --------------------------------------------------------

--
-- Estructura de tabla para la tabla `plan_lectivo`
--

CREATE TABLE `plan_lectivo` (
  `idPlan` int(11) NOT NULL,
  `nombrePlan` varchar(100) NOT NULL,
  `estadoPlan` tinyint(4) NOT NULL,
  `estadoDel` tinyint(4) NOT NULL,
  `fechaPlan` timestamp NOT NULL DEFAULT current_timestamp() ON UPDATE current_timestamp()
) ENGINE=InnoDB DEFAULT CHARSET=utf8;

--
-- Volcado de datos para la tabla `plan_lectivo`
--

INSERT INTO `plan_lectivo` (`idPlan`, `nombrePlan`, `estadoPlan`, `estadoDel`, `fechaPlan`) VALUES
(1, 'Nuevo plan 2019', 1, 1, '2022-07-05 20:58:05');

-- --------------------------------------------------------

--
-- Estructura de tabla para la tabla `reprogramacion`
--

CREATE TABLE `reprogramacion` (
  `idReprogramacion` int(11) NOT NULL,
  `idHorCurso` int(11) DEFAULT NULL,
  `fecha` date DEFAULT NULL,
  `fechaReprogramacion` date DEFAULT NULL,
  `horaIngreso` time DEFAULT NULL,
  `horaSalida` time DEFAULT NULL,
  `estado` tinyint(1) DEFAULT 1,
  `fechaProgramacion` timestamp NOT NULL DEFAULT current_timestamp() ON UPDATE current_timestamp()
) ENGINE=InnoDB DEFAULT CHARSET=utf8;

-- --------------------------------------------------------

--
-- Estructura de tabla para la tabla `roles`
--

CREATE TABLE `roles` (
  `idRol` int(11) NOT NULL,
  `nombreRol` varchar(45) NOT NULL,
  `descripcionRol` text NOT NULL
) ENGINE=InnoDB DEFAULT CHARSET=utf8;

--
-- Volcado de datos para la tabla `roles`
--

INSERT INTO `roles` (`idRol`, `nombreRol`, `descripcionRol`) VALUES
(2, 'ADMINISTRADOR', ''),
(3, 'COORDINADOR', ''),
(4, 'SUPERVISOR', ''),
(5, 'SECRETARIA', '');

-- --------------------------------------------------------

--
-- Estructura de tabla para la tabla `seccion`
--

CREATE TABLE `seccion` (
  `idSeccion` int(11) NOT NULL,
  `idSeccionLocal` int(11) DEFAULT NULL,
  `idPeriodoSeccion` int(11) DEFAULT NULL,
  `nombreSeccion` varchar(20) NOT NULL,
  `turno` varchar(20) NOT NULL,
  `cicloSeccion` int(11) NOT NULL,
  `estado` tinyint(1) DEFAULT 1,
  `fechaRegistro` timestamp NOT NULL DEFAULT current_timestamp() ON UPDATE current_timestamp()
) ENGINE=InnoDB DEFAULT CHARSET=utf8;

-- --------------------------------------------------------

--
-- Estructura de tabla para la tabla `sedes`
--

CREATE TABLE `sedes` (
  `idSede` int(11) NOT NULL,
  `nombreSede` varchar(100) NOT NULL
) ENGINE=InnoDB DEFAULT CHARSET=utf8;

--
-- Volcado de datos para la tabla `sedes`
--

INSERT INTO `sedes` (`idSede`, `nombreSede`) VALUES
(5, 'Huánuco'),
(6, 'Ucayali'),
(7, 'Tingo María');

-- --------------------------------------------------------

--
-- Estructura de tabla para la tabla `subsanaciones`
--

CREATE TABLE `subsanaciones` (
  `idSubsanacion` int(11) NOT NULL,
  `idAlumnoSubsanacion` int(11) DEFAULT NULL,
  `idSeccionSubsanacion` int(11) DEFAULT NULL,
  `idCursoSubsanacion` int(11) DEFAULT NULL,
  `idUsuarioSubsanacion` int(11) DEFAULT NULL,
  `codigoPago` varchar(30) CHARACTER SET utf8mb4 DEFAULT NULL,
  `monto` decimal(10,2) DEFAULT NULL,
  `estadoSubsanacion` tinyint(4) DEFAULT NULL,
  `fechaSubsanacion` timestamp NOT NULL DEFAULT current_timestamp(),
  `estado` tinyint(1) NOT NULL DEFAULT 1
) ENGINE=InnoDB DEFAULT CHARSET=latin1;

-- --------------------------------------------------------

--
-- Estructura de tabla para la tabla `usuarios`
--

CREATE TABLE `usuarios` (
  `idUsuario` int(11) NOT NULL,
  `idPersonaUsuario` int(11) DEFAULT NULL,
  `idRol` int(11) DEFAULT NULL,
  `nombreUsuario` varchar(45) NOT NULL,
  `contraUsuario` text NOT NULL,
  `estadoDel` tinyint(1) NOT NULL DEFAULT 1,
  `estadoUsuario` tinyint(1) NOT NULL DEFAULT 1,
  `fechaUsuario` timestamp NOT NULL DEFAULT current_timestamp() ON UPDATE current_timestamp()
) ENGINE=InnoDB DEFAULT CHARSET=utf8;

--
-- Volcado de datos para la tabla `usuarios`
--

INSERT INTO `usuarios` (`idUsuario`, `idPersonaUsuario`, `idRol`, `nombreUsuario`, `contraUsuario`, `estadoDel`, `estadoUsuario`, `fechaUsuario`) VALUES
(2, 2, 2, 'admin', 'admin', 1, 1, '2022-07-05 17:21:08'),
(3, 161, 4, 'G004077568', '004077568', 1, 1, '2022-08-26 15:56:03'),
(4, 162, 2, 'C47228646', '47228646', 1, 1, '2022-08-26 15:56:11'),
(5, 163, 3, 'L42129084', '42129084', 1, 1, '2022-08-04 16:48:18'),
(8, 165, 4, 'N43576826', '43576826', 1, 1, '2022-08-05 14:31:39'),
(9, 166, 4, 'N22520874', '22520874', 1, 1, '2022-08-09 13:32:33'),
(10, 168, 5, 'O45283462', '45283462', 1, 1, '2022-08-11 13:17:55'),
(11, 169, 5, 'L44460566', '44460566', 1, 1, '2022-08-12 15:31:08'),
(12, 170, 5, 'Y76322433', '76322433', 1, 1, '2022-08-12 15:31:28'),
(13, 171, 5, 'J42718678', '42718678', 1, 1, '2022-08-12 15:31:43'),
(14, 178, 5, 'Y72724875', '72724875', 1, 1, '2022-08-26 21:23:28'),
(15, 179, 5, 'J70246509', '70246509', 1, 1, '2022-08-26 21:24:22'),
(16, 180, 5, 'M45209150', '45209150', 1, 1, '2022-08-26 21:24:53'),
(17, 181, 5, 'A46481558', '46481558', 1, 1, '2022-08-26 21:25:15'),
(18, 184, 3, 'Y71637214', '71637214', 1, 1, '2022-08-26 21:47:32'),
(19, 185, 2, 'M75569009', '75569009', 1, 1, '2022-08-26 21:48:29'),
(20, 186, 2, 'D41175026', 'paraque10', 1, 1, '2022-08-26 22:00:26'),
(21, 187, 2, 'K71959875', 'k97r97', 1, 1, '2022-08-26 21:59:35'),
(22, 190, 5, 'D76158181', '76158181', 1, 1, '2022-09-02 13:37:36'),
(23, 194, 5, 'C71920792', '71920792', 1, 1, '2022-09-02 13:52:00'),
(24, 195, 5, 'C73183867', '73183867', 1, 1, '2022-09-02 13:52:47');

--
-- Índices para tablas volcadas
--

--
-- Indices de la tabla `alumnos`
--
ALTER TABLE `alumnos`
  ADD PRIMARY KEY (`idAlumno`),
  ADD KEY `idPersonaAlumno_idx` (`idPersonaAlumno`) USING BTREE;

--
-- Indices de la tabla `asistencia`
--
ALTER TABLE `asistencia`
  ADD PRIMARY KEY (`idAsistencia`),
  ADD KEY `idPersonalAsistencia_idx` (`idPersonalAsistencia`),
  ADD KEY `idHorarioAsistencia_idx` (`idHorarioAsistencia`);

--
-- Indices de la tabla `asistencia_docente`
--
ALTER TABLE `asistencia_docente`
  ADD PRIMARY KEY (`idAsistenciaDocente`),
  ADD KEY `idUsuarioAsistencia_idx` (`idUsuarioAsistencia`),
  ADD KEY `idPersonaAsistencia_idx` (`idPersonaAsistencia`),
  ADD KEY `idAsistenciaHor_idx` (`idAsistenciaHor`);

--
-- Indices de la tabla `cargos`
--
ALTER TABLE `cargos`
  ADD PRIMARY KEY (`idCargo`);

--
-- Indices de la tabla `carreras`
--
ALTER TABLE `carreras`
  ADD PRIMARY KEY (`idCarrera`),
  ADD KEY `idPlanCarrera_idx` (`idPlanCarrera`);

--
-- Indices de la tabla `cursos`
--
ALTER TABLE `cursos`
  ADD PRIMARY KEY (`idCurso`),
  ADD KEY `idCarreraCurso_idx` (`idCarreraCurso`);

--
-- Indices de la tabla `detallehorario`
--
ALTER TABLE `detallehorario`
  ADD PRIMARY KEY (`idDetalle`),
  ADD KEY `idHorarioCurso_idx` (`idHorarioCurso`);

--
-- Indices de la tabla `horarios`
--
ALTER TABLE `horarios`
  ADD PRIMARY KEY (`idHorario`),
  ADD KEY `idPersonalHorario_idx` (`idPersonalHorario`);

--
-- Indices de la tabla `horario_curso`
--
ALTER TABLE `horario_curso`
  ADD PRIMARY KEY (`idHorarioCurso`),
  ADD KEY `idCursoHor_idx` (`idCursoHor`),
  ADD KEY `idSeccionHor_idx` (`idSeccionHor`),
  ADD KEY `idPersonalHor_idx` (`idPersonalHor`);

--
-- Indices de la tabla `locales`
--
ALTER TABLE `locales`
  ADD PRIMARY KEY (`idLocal`),
  ADD KEY `idSedeLocal_idx` (`idSedeLocal`);

--
-- Indices de la tabla `local_carrera`
--
ALTER TABLE `local_carrera`
  ADD PRIMARY KEY (`idLocalCarrera`),
  ADD KEY `idLocal_idx` (`idLocal`),
  ADD KEY `idCarrera_idx` (`idCarrera`);

--
-- Indices de la tabla `pagos`
--
ALTER TABLE `pagos`
  ADD PRIMARY KEY (`idPago`),
  ADD KEY `idPersonalPago_idx` (`idPersonalPago`);

--
-- Indices de la tabla `periodos`
--
ALTER TABLE `periodos`
  ADD PRIMARY KEY (`idPeriodo`);

--
-- Indices de la tabla `personal`
--
ALTER TABLE `personal`
  ADD PRIMARY KEY (`idPersonal`),
  ADD KEY `idPersonaPersonal_idx` (`idPersonaPersonal`),
  ADD KEY `idCargo_idx` (`idCargo`);

--
-- Indices de la tabla `personas`
--
ALTER TABLE `personas`
  ADD PRIMARY KEY (`idPersona`);

--
-- Indices de la tabla `plan_lectivo`
--
ALTER TABLE `plan_lectivo`
  ADD PRIMARY KEY (`idPlan`);

--
-- Indices de la tabla `reprogramacion`
--
ALTER TABLE `reprogramacion`
  ADD PRIMARY KEY (`idReprogramacion`),
  ADD KEY `idHorCurso_idx` (`idHorCurso`);

--
-- Indices de la tabla `roles`
--
ALTER TABLE `roles`
  ADD PRIMARY KEY (`idRol`);

--
-- Indices de la tabla `seccion`
--
ALTER TABLE `seccion`
  ADD PRIMARY KEY (`idSeccion`),
  ADD KEY `idSeccionLocal_idx` (`idSeccionLocal`),
  ADD KEY `idPeriodoSeccion_idx` (`idPeriodoSeccion`);

--
-- Indices de la tabla `sedes`
--
ALTER TABLE `sedes`
  ADD PRIMARY KEY (`idSede`);

--
-- Indices de la tabla `subsanaciones`
--
ALTER TABLE `subsanaciones`
  ADD PRIMARY KEY (`idSubsanacion`),
  ADD KEY `idAlumnoSubsanacion_idx` (`idAlumnoSubsanacion`) USING BTREE,
  ADD KEY `idSeccionSubsanacion_idx` (`idSeccionSubsanacion`) USING BTREE,
  ADD KEY `idCursoSubsanacion_idx` (`idCursoSubsanacion`) USING BTREE,
  ADD KEY `idUsuarioSubsanacion_idx` (`idUsuarioSubsanacion`) USING BTREE;

--
-- Indices de la tabla `usuarios`
--
ALTER TABLE `usuarios`
  ADD PRIMARY KEY (`idUsuario`),
  ADD KEY `idPersonaUsuario_idx` (`idPersonaUsuario`),
  ADD KEY `idRol_idx` (`idRol`);

--
-- AUTO_INCREMENT de las tablas volcadas
--

--
-- AUTO_INCREMENT de la tabla `alumnos`
--
ALTER TABLE `alumnos`
  MODIFY `idAlumno` int(11) NOT NULL AUTO_INCREMENT, AUTO_INCREMENT=1315;

--
-- AUTO_INCREMENT de la tabla `asistencia_docente`
--
ALTER TABLE `asistencia_docente`
  MODIFY `idAsistenciaDocente` int(11) NOT NULL AUTO_INCREMENT;

--
-- AUTO_INCREMENT de la tabla `cargos`
--
ALTER TABLE `cargos`
  MODIFY `idCargo` int(11) NOT NULL AUTO_INCREMENT, AUTO_INCREMENT=6;

--
-- AUTO_INCREMENT de la tabla `carreras`
--
ALTER TABLE `carreras`
  MODIFY `idCarrera` int(11) NOT NULL AUTO_INCREMENT, AUTO_INCREMENT=10;

--
-- AUTO_INCREMENT de la tabla `cursos`
--
ALTER TABLE `cursos`
  MODIFY `idCurso` int(11) NOT NULL AUTO_INCREMENT, AUTO_INCREMENT=199;

--
-- AUTO_INCREMENT de la tabla `detallehorario`
--
ALTER TABLE `detallehorario`
  MODIFY `idDetalle` int(11) NOT NULL AUTO_INCREMENT, AUTO_INCREMENT=4;

--
-- AUTO_INCREMENT de la tabla `horarios`
--
ALTER TABLE `horarios`
  MODIFY `idHorario` int(11) NOT NULL AUTO_INCREMENT;

--
-- AUTO_INCREMENT de la tabla `horario_curso`
--
ALTER TABLE `horario_curso`
  MODIFY `idHorarioCurso` int(11) NOT NULL AUTO_INCREMENT, AUTO_INCREMENT=19;

--
-- AUTO_INCREMENT de la tabla `locales`
--
ALTER TABLE `locales`
  MODIFY `idLocal` int(11) NOT NULL AUTO_INCREMENT, AUTO_INCREMENT=7;

--
-- AUTO_INCREMENT de la tabla `local_carrera`
--
ALTER TABLE `local_carrera`
  MODIFY `idLocalCarrera` int(11) NOT NULL AUTO_INCREMENT, AUTO_INCREMENT=20;

--
-- AUTO_INCREMENT de la tabla `periodos`
--
ALTER TABLE `periodos`
  MODIFY `idPeriodo` int(11) NOT NULL AUTO_INCREMENT, AUTO_INCREMENT=4;

--
-- AUTO_INCREMENT de la tabla `personal`
--
ALTER TABLE `personal`
  MODIFY `idPersonal` int(11) NOT NULL AUTO_INCREMENT, AUTO_INCREMENT=176;

--
-- AUTO_INCREMENT de la tabla `personas`
--
ALTER TABLE `personas`
  MODIFY `idPersona` int(11) NOT NULL AUTO_INCREMENT, AUTO_INCREMENT=1500;

--
-- AUTO_INCREMENT de la tabla `plan_lectivo`
--
ALTER TABLE `plan_lectivo`
  MODIFY `idPlan` int(11) NOT NULL AUTO_INCREMENT, AUTO_INCREMENT=2;

--
-- AUTO_INCREMENT de la tabla `reprogramacion`
--
ALTER TABLE `reprogramacion`
  MODIFY `idReprogramacion` int(11) NOT NULL AUTO_INCREMENT;

--
-- AUTO_INCREMENT de la tabla `roles`
--
ALTER TABLE `roles`
  MODIFY `idRol` int(11) NOT NULL AUTO_INCREMENT, AUTO_INCREMENT=6;

--
-- AUTO_INCREMENT de la tabla `seccion`
--
ALTER TABLE `seccion`
  MODIFY `idSeccion` int(11) NOT NULL AUTO_INCREMENT, AUTO_INCREMENT=4;

--
-- AUTO_INCREMENT de la tabla `sedes`
--
ALTER TABLE `sedes`
  MODIFY `idSede` int(11) NOT NULL AUTO_INCREMENT, AUTO_INCREMENT=8;

--
-- AUTO_INCREMENT de la tabla `subsanaciones`
--
ALTER TABLE `subsanaciones`
  MODIFY `idSubsanacion` int(11) NOT NULL AUTO_INCREMENT;

--
-- AUTO_INCREMENT de la tabla `usuarios`
--
ALTER TABLE `usuarios`
  MODIFY `idUsuario` int(11) NOT NULL AUTO_INCREMENT, AUTO_INCREMENT=25;

--
-- Restricciones para tablas volcadas
--

--
-- Filtros para la tabla `alumnos`
--
ALTER TABLE `alumnos`
  ADD CONSTRAINT `idPersonaAlumno` FOREIGN KEY (`idPersonaAlumno`) REFERENCES `personas` (`idPersona`) ON DELETE SET NULL ON UPDATE SET NULL;

--
-- Filtros para la tabla `asistencia`
--
ALTER TABLE `asistencia`
  ADD CONSTRAINT `idHorarioAsistencia` FOREIGN KEY (`idHorarioAsistencia`) REFERENCES `horarios` (`idHorario`) ON DELETE SET NULL ON UPDATE SET NULL,
  ADD CONSTRAINT `idPersonalAsistencia` FOREIGN KEY (`idPersonalAsistencia`) REFERENCES `personal` (`idPersonal`) ON DELETE SET NULL ON UPDATE SET NULL;

--
-- Filtros para la tabla `asistencia_docente`
--
ALTER TABLE `asistencia_docente`
  ADD CONSTRAINT `idAsistenciaHor` FOREIGN KEY (`idAsistenciaHor`) REFERENCES `horario_curso` (`idHorarioCurso`) ON DELETE SET NULL ON UPDATE SET NULL,
  ADD CONSTRAINT `idPersonaAsistencia` FOREIGN KEY (`idPersonaAsistencia`) REFERENCES `personal` (`idPersonal`) ON DELETE SET NULL ON UPDATE SET NULL,
  ADD CONSTRAINT `idUsuarioAsistencia` FOREIGN KEY (`idUsuarioAsistencia`) REFERENCES `usuarios` (`idUsuario`) ON DELETE SET NULL ON UPDATE SET NULL;

--
-- Filtros para la tabla `carreras`
--
ALTER TABLE `carreras`
  ADD CONSTRAINT `idPlanCarrera` FOREIGN KEY (`idPlanCarrera`) REFERENCES `plan_lectivo` (`idPlan`) ON DELETE SET NULL ON UPDATE SET NULL;

--
-- Filtros para la tabla `cursos`
--
ALTER TABLE `cursos`
  ADD CONSTRAINT `idCarreraCurso` FOREIGN KEY (`idCarreraCurso`) REFERENCES `carreras` (`idCarrera`) ON DELETE SET NULL ON UPDATE SET NULL;

--
-- Filtros para la tabla `detallehorario`
--
ALTER TABLE `detallehorario`
  ADD CONSTRAINT `idHorarioCurso` FOREIGN KEY (`idHorarioCurso`) REFERENCES `horario_curso` (`idHorarioCurso`) ON DELETE SET NULL ON UPDATE SET NULL;

--
-- Filtros para la tabla `horarios`
--
ALTER TABLE `horarios`
  ADD CONSTRAINT `idPersonalHorario` FOREIGN KEY (`idPersonalHorario`) REFERENCES `personal` (`idPersonal`) ON DELETE SET NULL ON UPDATE SET NULL;

--
-- Filtros para la tabla `horario_curso`
--
ALTER TABLE `horario_curso`
  ADD CONSTRAINT `idCursoHor` FOREIGN KEY (`idCursoHor`) REFERENCES `cursos` (`idCurso`) ON DELETE SET NULL ON UPDATE SET NULL,
  ADD CONSTRAINT `idPersonalHor` FOREIGN KEY (`idPersonalHor`) REFERENCES `personal` (`idPersonal`) ON DELETE SET NULL ON UPDATE SET NULL,
  ADD CONSTRAINT `idSeccionHor` FOREIGN KEY (`idSeccionHor`) REFERENCES `seccion` (`idSeccion`) ON DELETE SET NULL ON UPDATE SET NULL;

--
-- Filtros para la tabla `locales`
--
ALTER TABLE `locales`
  ADD CONSTRAINT `idSedeLocal` FOREIGN KEY (`idSedeLocal`) REFERENCES `sedes` (`idSede`) ON DELETE SET NULL ON UPDATE SET NULL;

--
-- Filtros para la tabla `local_carrera`
--
ALTER TABLE `local_carrera`
  ADD CONSTRAINT `idCarrera` FOREIGN KEY (`idCarrera`) REFERENCES `carreras` (`idCarrera`) ON DELETE SET NULL ON UPDATE SET NULL,
  ADD CONSTRAINT `idLocal` FOREIGN KEY (`idLocal`) REFERENCES `locales` (`idLocal`) ON DELETE SET NULL ON UPDATE SET NULL;

--
-- Filtros para la tabla `pagos`
--
ALTER TABLE `pagos`
  ADD CONSTRAINT `idPersonalPago` FOREIGN KEY (`idPersonalPago`) REFERENCES `personal` (`idPersonal`) ON DELETE SET NULL ON UPDATE SET NULL;

--
-- Filtros para la tabla `personal`
--
ALTER TABLE `personal`
  ADD CONSTRAINT `idCargo` FOREIGN KEY (`idCargo`) REFERENCES `cargos` (`idCargo`) ON DELETE SET NULL ON UPDATE SET NULL,
  ADD CONSTRAINT `idPersonaPersonal` FOREIGN KEY (`idPersonaPersonal`) REFERENCES `personas` (`idPersona`) ON DELETE SET NULL ON UPDATE SET NULL;

--
-- Filtros para la tabla `reprogramacion`
--
ALTER TABLE `reprogramacion`
  ADD CONSTRAINT `idHorCurso` FOREIGN KEY (`idHorCurso`) REFERENCES `horario_curso` (`idHorarioCurso`) ON DELETE SET NULL ON UPDATE SET NULL;

--
-- Filtros para la tabla `seccion`
--
ALTER TABLE `seccion`
  ADD CONSTRAINT `idPeriodoSeccion` FOREIGN KEY (`idPeriodoSeccion`) REFERENCES `periodos` (`idPeriodo`) ON DELETE SET NULL ON UPDATE SET NULL,
  ADD CONSTRAINT `idSeccionLocal` FOREIGN KEY (`idSeccionLocal`) REFERENCES `local_carrera` (`idLocalCarrera`) ON DELETE SET NULL ON UPDATE SET NULL;

--
-- Filtros para la tabla `subsanaciones`
--
ALTER TABLE `subsanaciones`
  ADD CONSTRAINT `idAlumnoSubsanacion` FOREIGN KEY (`idAlumnoSubsanacion`) REFERENCES `alumnos` (`idAlumno`) ON DELETE SET NULL ON UPDATE SET NULL,
  ADD CONSTRAINT `idCursoSubsanacion` FOREIGN KEY (`idCursoSubsanacion`) REFERENCES `cursos` (`idCurso`) ON DELETE SET NULL ON UPDATE SET NULL,
  ADD CONSTRAINT `idSeccionSubsanacion` FOREIGN KEY (`idSeccionSubsanacion`) REFERENCES `seccion` (`idSeccion`) ON DELETE SET NULL ON UPDATE SET NULL,
  ADD CONSTRAINT `idUsuarioSubsanacion` FOREIGN KEY (`idUsuarioSubsanacion`) REFERENCES `usuarios` (`idUsuario`) ON DELETE SET NULL ON UPDATE SET NULL;

--
-- Filtros para la tabla `usuarios`
--
ALTER TABLE `usuarios`
  ADD CONSTRAINT `idPersonaUsuario` FOREIGN KEY (`idPersonaUsuario`) REFERENCES `personas` (`idPersona`) ON DELETE SET NULL ON UPDATE SET NULL,
  ADD CONSTRAINT `idRol` FOREIGN KEY (`idRol`) REFERENCES `roles` (`idRol`) ON DELETE SET NULL ON UPDATE SET NULL;
COMMIT;

/*!40101 SET CHARACTER_SET_CLIENT=@OLD_CHARACTER_SET_CLIENT */;
/*!40101 SET CHARACTER_SET_RESULTS=@OLD_CHARACTER_SET_RESULTS */;
/*!40101 SET COLLATION_CONNECTION=@OLD_COLLATION_CONNECTION */;
